index,schema,problem,solution,netlist
4,"*SPICE Netlist for circuit 4
V1 3 0 5V
M1 1 2 3 3 NMOS W=1u L=1u
.MODEL NMOS NMOS (LEVEL=1 VTO=1 KP=1.0e-4 LAMBDA=0.02)

.OP
.PRINT OP V(1) V(2) V(3) I(V1)
.END","In the given SPICE netlist, what is the DC voltage at node 1?
A. 0 V
B. 9.682 V
C. 2.42 V
D. 4.841 V",D,"*SPICE Netlist for circuit 4
V1 3 0 5V
M1 1 2 3 3 NMOS W=1u L=1u
.MODEL NMOS NMOS (LEVEL=1 VTO=1 KP=1.0e-4 LAMBDA=0.02)

.OP
.PRINT OP V(1) V(2) V(3) I(V1)
.END"
6,"*SPICE Netlist for circuit 6
I1 1 0 DC 1mA

.OP
.PRINT OP V(1)
.END","In the given SPICE netlist, what is the DC voltage at node 1?
A. -1 mV
B. -500 µV
C. 1 mV
D. -2 mV",A,"*SPICE Netlist for circuit 6
I1 1 0 DC 1mA

.OP
.PRINT OP V(1)
.END"
8,"*SPICE Netlist for circuit 8
I1 VDD 1 DC 1mA

.OP
.PRINT OP V(1) V(VDD)
.END","In the given SPICE netlist, what is the DC voltage at node 1?
A. 500 µV
B. 1 mV
C. -1 mV
D. 2 mV",B,"*SPICE Netlist for circuit 8
I1 VDD 1 DC 1mA

.OP
.PRINT OP V(1) V(VDD)
.END"
126,"M1 NMOS NX NVIN 0 0 NA
M2 NMOS NVOUT NVB NX NX NA
RD R VDD NVOUT NA",1. What are the DC voltages at nodes 2 and 5?,"1. V(2) = 5.00 V, V(5) = 1.67 V","Two‑MOSFET circuit with resistor load
M1 NX NVIN 0 0 NMOS
M2 NVOUT NVB NX NX NMOS
RD VDD NVOUT 1k
VDD VDD 0 DC 5
.model NMOS NMOS (LEVEL=1 VTO=1 KP=1.0e-4 LAMBDA=0.02)
.model PMOS PMOS (LEVEL=1 VTO=1 KP=1.0e-4 LAMBDA=0.02)
.op
.end"
18,"*SPICE Netlist for circuit 18
V1 3 0 5V
M1 3 1 2 2 NMOS W=1u L=1u
.MODEL NMOS NMOS (LEVEL=1 VTO=1 KP=1.0e-4 LAMBDA=0.02)

.OP
.PRINT OP V(1) V(2) V(3) I(V1)
.END","In the given SPICE netlist, what is the DC voltage at node 2?
A. 0 V
B. 1.252 V
C. 5 V
D. 2.505 V",D,"*SPICE Netlist for circuit 18
V1 3 0 5V
M1 3 1 2 2 NMOS W=1u L=1u
.MODEL NMOS NMOS (LEVEL=1 VTO=1 KP=1.0e-4 LAMBDA=0.02)

.OP
.PRINT OP V(1) V(2) V(3) I(V1)
.END"
28,"*SPICE Netlist for circuit 28
M1 2 1 5 5 NMOS W=1u L=1u
V2 5 0 5V
V1 3 0 5V
.MODEL NMOS NMOS (LEVEL=1 VTO=1 KP=1.0e-4 LAMBDA=0.02)

.OP
.PRINT OP V(1) V(2) V(3) V(5) I(V2) I(V1)
.END","In the given SPICE netlist, what is the DC voltage at node 2?
A. 4.841 V
B. 2.42 V
C. 9.682 V
D. 0 V",A,"*SPICE Netlist for circuit 28
M1 2 1 5 5 NMOS W=1u L=1u
V2 5 0 5V
V1 3 0 5V
.MODEL NMOS NMOS (LEVEL=1 VTO=1 KP=1.0e-4 LAMBDA=0.02)

.OP
.PRINT OP V(1) V(2) V(3) V(5) I(V2) I(V1)
.END"
169,"M1 NMOS N_VOUT N_VIN 0 0 NA
R1 R N_VIN N_VOUT NA
R2 R VDD N_VOUT NA",1. What are the DC voltages at nodes 1 and 2?,"1. V(1) = 5.00 V, V(2) = 0.00 V","MOSFET circuit with bias resistors
M1 N_VOUT N_VIN 0 0 NMOS
R1 N_VIN N_VOUT 1k
R2 VDD N_VOUT 1k
VDD VDD 0 DC 5
.model NMOS NMOS (LEVEL=1 VTO=1 KP=1.0e-4 LAMBDA=0.02)
.model PMOS PMOS (LEVEL=1 VTO=1 KP=1.0e-4 LAMBDA=0.02)
.op
.end"
54,"M1 PMOS VDD N1 N2 N2 NA
C1 C N1 N2 NA
V1 V N1 0 NA",2. What is the DC current through the voltage source V1?,2. I(V1) = 0.00 A.,"PMOS circuit with capacitor and input source
M1 VDD N1 N2 N2 PMOS
C1 C N1 N2 1n
V1 V N1 0 DC 5
VDD VDD 0 DC 5
.model NMOS NMOS (LEVEL=1 VTO=1 KP=1.0e-4 LAMBDA=0.02)
.model PMOS PMOS (LEVEL=1 VTO=1 KP=1.0e-4 LAMBDA=0.02)
.op
.end"
31,"*SPICE Netlist for circuit 31
I1 3 0 DC 1mA
V1 2 0 5V
M1 2 1 3 3 NMOS W=1u L=1u
R1 3 2 1k
.MODEL NMOS NMOS (LEVEL=1 VTO=1 KP=1.0e-4 LAMBDA=0.02)

.OP
.PRINT OP V(1) V(2) V(3) I(V1)
.END","In the given SPICE netlist, what is the DC voltage at node 3?
A. 0 V
B. 5 V
C. 4 V
D. -1 mV",C,"*SPICE Netlist for circuit 31
I1 3 0 DC 1mA
V1 2 0 5V
M1 2 1 3 3 NMOS W=1u L=1u
R1 3 2 1k
.MODEL NMOS NMOS (LEVEL=1 VTO=1 KP=1.0e-4 LAMBDA=0.02)

.OP
.PRINT OP V(1) V(2) V(3) I(V1)
.END"
31,"*SPICE Netlist for circuit 31
I1 3 0 DC 1mA
V1 2 0 5V
M1 2 1 3 3 NMOS W=1u L=1u
R1 3 2 1k
.MODEL NMOS NMOS (LEVEL=1 VTO=1 KP=1.0e-4 LAMBDA=0.02)

.OP
.PRINT OP V(1) V(2) V(3) I(V1)
.END","In the given SPICE netlist, what is the DC current through V1?
A. 0 A
B. 5 A
C. 4 A
D. -1 mA",D,"*SPICE Netlist for circuit 31
I1 3 0 DC 1mA
V1 2 0 5V
M1 2 1 3 3 NMOS W=1u L=1u
R1 3 2 1k
.MODEL NMOS NMOS (LEVEL=1 VTO=1 KP=1.0e-4 LAMBDA=0.02)

.OP
.PRINT OP V(1) V(2) V(3) I(V1)
.END"
32,"*SPICE Netlist for circuit 32
I1 3 0 DC 1mA
M1 2 1 3 3 NMOS W=1u L=1u
V1 1 0 5V
R1 3 1 1k
.MODEL NMOS NMOS (LEVEL=1 VTO=1 KP=1.0e-4 LAMBDA=0.02)

.OP
.PRINT OP V(1) V(2) V(3) I(V1)
.END","In the given SPICE netlist, what is the DC voltage at node 2?
A. 7.995 V
B. -1 mV
C. 5 V
D. 3.998 V",D,"*SPICE Netlist for circuit 32
I1 3 0 DC 1mA
M1 2 1 3 3 NMOS W=1u L=1u
V1 1 0 5V
R1 3 1 1k
.MODEL NMOS NMOS (LEVEL=1 VTO=1 KP=1.0e-4 LAMBDA=0.02)

.OP
.PRINT OP V(1) V(2) V(3) I(V1)
.END"
35,"M1 NMOS Vout N1 0 0 NA
R1 R Vout 0 NA
V1 V N1 0 NA
V2 V 0 0 +2V",2. What is the DC current drawn from the voltage source V1?,2. I(V1) = -4.31 mA,"MOSFET circuit with resistor load and input source
M1 Vout N1 0 0 NMOS
R1 Vout 0 1k
V1 N1 0 DC 5
V2 V 0 DC 2
.model NMOS NMOS (LEVEL=1 VTO=1 KP=1.0e-4 LAMBDA=0.02)
.model PMOS PMOS (LEVEL=1 VTO=1 KP=1.0e-4 LAMBDA=0.02)
.op
.end"
32,"*SPICE Netlist for circuit 32
I1 3 0 DC 1mA
M1 2 1 3 3 NMOS W=1u L=1u
V1 1 0 5V
R1 3 1 1k
.MODEL NMOS NMOS (LEVEL=1 VTO=1 KP=1.0e-4 LAMBDA=0.02)

.OP
.PRINT OP V(1) V(2) V(3) I(V1)
.END","In the given SPICE netlist, what is the DC current through V1?
A. 5 A
B. -2 mA
C. 3.998 A
D. -1 mA",D,"*SPICE Netlist for circuit 32
I1 3 0 DC 1mA
M1 2 1 3 3 NMOS W=1u L=1u
V1 1 0 5V
R1 3 1 1k
.MODEL NMOS NMOS (LEVEL=1 VTO=1 KP=1.0e-4 LAMBDA=0.02)

.OP
.PRINT OP V(1) V(2) V(3) I(V1)
.END"
33,"*SPICE Netlist for circuit 33
I1 VDD 2 DC 1mA
M1 2 1 0 0 NMOS W=1u L=1u
V1 1 0 5V
R1 1 2 1k
.MODEL NMOS NMOS (LEVEL=1 VTO=1 KP=1.0e-4 LAMBDA=0.02)

.OP
.PRINT OP V(1) V(2) V(VDD) I(V1)
.END","In the given SPICE netlist, what is the DC voltage at node 2?
A. 5.118 V
B. -1 mV
C. 10.24 V
D. 118.1 µV",A,"*SPICE Netlist for circuit 33
I1 VDD 2 DC 1mA
M1 2 1 0 0 NMOS W=1u L=1u
V1 1 0 5V
R1 1 2 1k
.MODEL NMOS NMOS (LEVEL=1 VTO=1 KP=1.0e-4 LAMBDA=0.02)

.OP
.PRINT OP V(1) V(2) V(VDD) I(V1)
.END"
33,"*SPICE Netlist for circuit 33
I1 VDD 2 DC 1mA
M1 2 1 0 0 NMOS W=1u L=1u
V1 1 0 5V
R1 1 2 1k
.MODEL NMOS NMOS (LEVEL=1 VTO=1 KP=1.0e-4 LAMBDA=0.02)

.OP
.PRINT OP V(1) V(2) V(VDD) I(V1)
.END","In the given SPICE netlist, what is the DC current through V1?
A. 236.2 µA
B. -1 mA
C. 5 A
D. 118.1 µA",D,"*SPICE Netlist for circuit 33
I1 VDD 2 DC 1mA
M1 2 1 0 0 NMOS W=1u L=1u
V1 1 0 5V
R1 1 2 1k
.MODEL NMOS NMOS (LEVEL=1 VTO=1 KP=1.0e-4 LAMBDA=0.02)

.OP
.PRINT OP V(1) V(2) V(VDD) I(V1)
.END"
34,"*SPICE Netlist for circuit 34
R1 0 1 1k
V1 4 0 5V
M1 1 3 4 4 NMOS W=1u L=1u
.MODEL NMOS NMOS (LEVEL=1 VTO=1 KP=1.0e-4 LAMBDA=0.02)

.OP
.PRINT OP V(1) V(3) V(4) I(V1)
.END","In the given SPICE netlist, what is the DC voltage at node 1?
A. 5 V
B. 4.307 V
C. -4.307 mV
D. 0 V",B,"*SPICE Netlist for circuit 34
R1 0 1 1k
V1 4 0 5V
M1 1 3 4 4 NMOS W=1u L=1u
.MODEL NMOS NMOS (LEVEL=1 VTO=1 KP=1.0e-4 LAMBDA=0.02)

.OP
.PRINT OP V(1) V(3) V(4) I(V1)
.END"
34,"*SPICE Netlist for circuit 34
R1 0 1 1k
V1 4 0 5V
M1 1 3 4 4 NMOS W=1u L=1u
.MODEL NMOS NMOS (LEVEL=1 VTO=1 KP=1.0e-4 LAMBDA=0.02)

.OP
.PRINT OP V(1) V(3) V(4) I(V1)
.END","In the given SPICE netlist, what is the DC current through V1?
A. 4.307 A
B. -4.307 mA
C. 5 A
D. 0 A",B,"*SPICE Netlist for circuit 34
R1 0 1 1k
V1 4 0 5V
M1 1 3 4 4 NMOS W=1u L=1u
.MODEL NMOS NMOS (LEVEL=1 VTO=1 KP=1.0e-4 LAMBDA=0.02)

.OP
.PRINT OP V(1) V(3) V(4) I(V1)
.END"
35,"*SPICE Netlist for circuit 35
R1 0 2 1k
V1 4 0 5V
M1 2 1 4 4 NMOS W=1u L=1u
.MODEL NMOS NMOS (LEVEL=1 VTO=1 KP=1.0e-4 LAMBDA=0.02)

.OP
.PRINT OP V(1) V(2) V(4) I(V1)
.END","In the given SPICE netlist, what is the DC voltage at node 2?
A. -4.307 mV
B. 0 V
C. 5 V
D. 4.307 V",D,"*SPICE Netlist for circuit 35
R1 0 2 1k
V1 4 0 5V
M1 2 1 4 4 NMOS W=1u L=1u
.MODEL NMOS NMOS (LEVEL=1 VTO=1 KP=1.0e-4 LAMBDA=0.02)

.OP
.PRINT OP V(1) V(2) V(4) I(V1)
.END"
35,"*SPICE Netlist for circuit 35
R1 0 2 1k
V1 4 0 5V
M1 2 1 4 4 NMOS W=1u L=1u
.MODEL NMOS NMOS (LEVEL=1 VTO=1 KP=1.0e-4 LAMBDA=0.02)

.OP
.PRINT OP V(1) V(2) V(4) I(V1)
.END","In the given SPICE netlist, what is the DC current through V1?
A. 4.307 A
B. 5 A
C. -4.307 mA
D. 0 A",C,"*SPICE Netlist for circuit 35
R1 0 2 1k
V1 4 0 5V
M1 2 1 4 4 NMOS W=1u L=1u
.MODEL NMOS NMOS (LEVEL=1 VTO=1 KP=1.0e-4 LAMBDA=0.02)

.OP
.PRINT OP V(1) V(2) V(4) I(V1)
.END"
37,"*SPICE Netlist for circuit 37
V1 4 0 5V
R1 0 2 1k
M1 2 1 4 4 PMOS W=1u L=1u
.MODEL PMOS PMOS (LEVEL=1 VTO=1 KP=1.0e-4 LAMBDA=0.02)

.OP
.PRINT OP V(1) V(2) V(4) I(V1)
.END","In the given SPICE netlist, what is the DC voltage at node 2?
A. 0 V
B. 5 V
C. 1.57 V
D. -1.57 mV",C,"*SPICE Netlist for circuit 37
V1 4 0 5V
R1 0 2 1k
M1 2 1 4 4 PMOS W=1u L=1u
.MODEL PMOS PMOS (LEVEL=1 VTO=1 KP=1.0e-4 LAMBDA=0.02)

.OP
.PRINT OP V(1) V(2) V(4) I(V1)
.END"
37,"*SPICE Netlist for circuit 37
V1 4 0 5V
R1 0 2 1k
M1 2 1 4 4 PMOS W=1u L=1u
.MODEL PMOS PMOS (LEVEL=1 VTO=1 KP=1.0e-4 LAMBDA=0.02)

.OP
.PRINT OP V(1) V(2) V(4) I(V1)
.END","In the given SPICE netlist, what is the DC current through V1?
A. 5 A
B. -1.57 mA
C. 0 A
D. 1.57 A",B,"*SPICE Netlist for circuit 37
V1 4 0 5V
R1 0 2 1k
M1 2 1 4 4 PMOS W=1u L=1u
.MODEL PMOS PMOS (LEVEL=1 VTO=1 KP=1.0e-4 LAMBDA=0.02)

.OP
.PRINT OP V(1) V(2) V(4) I(V1)
.END"
39,"*SPICE Netlist for circuit 39
V1 5 0 5V
V2 4 0 5V
M1 2 1 5 5 NMOS W=1u L=1u
R1 2 VDD 1k
.MODEL NMOS NMOS (LEVEL=1 VTO=1 KP=1.0e-4 LAMBDA=0.02)

.OP
.PRINT OP V(1) V(2) V(4) V(5) V(VDD) I(V1) I(V2)
.END","In the given SPICE netlist, what is the DC voltage at node 2?
A. 0 V
B. 9.645 V
C. 2.411 V
D. 4.823 V",D,"*SPICE Netlist for circuit 39
V1 5 0 5V
V2 4 0 5V
M1 2 1 5 5 NMOS W=1u L=1u
R1 2 VDD 1k
.MODEL NMOS NMOS (LEVEL=1 VTO=1 KP=1.0e-4 LAMBDA=0.02)

.OP
.PRINT OP V(1) V(2) V(4) V(5) V(VDD) I(V1) I(V2)
.END"
40,"*SPICE Netlist for circuit 40
R1 0 2 1k
V1 5 0 5V
V2 4 0 5V
M1 2 1 5 5 NMOS W=1u L=1u
.MODEL NMOS NMOS (LEVEL=1 VTO=1 KP=1.0e-4 LAMBDA=0.02)

.OP
.PRINT OP V(1) V(2) V(4) V(5) I(V1) I(V2)
.END","In the given SPICE netlist, what is the DC voltage at node 2?
A. -4.307 mV
B. 0 V
C. 5 V
D. 4.307 V",D,"*SPICE Netlist for circuit 40
R1 0 2 1k
V1 5 0 5V
V2 4 0 5V
M1 2 1 5 5 NMOS W=1u L=1u
.MODEL NMOS NMOS (LEVEL=1 VTO=1 KP=1.0e-4 LAMBDA=0.02)

.OP
.PRINT OP V(1) V(2) V(4) V(5) I(V1) I(V2)
.END"
40,"*SPICE Netlist for circuit 40
R1 0 2 1k
V1 5 0 5V
V2 4 0 5V
M1 2 1 5 5 NMOS W=1u L=1u
.MODEL NMOS NMOS (LEVEL=1 VTO=1 KP=1.0e-4 LAMBDA=0.02)

.OP
.PRINT OP V(1) V(2) V(4) V(5) I(V1) I(V2)
.END","In the given SPICE netlist, what is the DC current through V1?
A. 0 A
B. 5 A
C. 4.307 A
D. -4.307 mA",D,"*SPICE Netlist for circuit 40
R1 0 2 1k
V1 5 0 5V
V2 4 0 5V
M1 2 1 5 5 NMOS W=1u L=1u
.MODEL NMOS NMOS (LEVEL=1 VTO=1 KP=1.0e-4 LAMBDA=0.02)

.OP
.PRINT OP V(1) V(2) V(4) V(5) I(V1) I(V2)
.END"
68,"V1 V N1 0 NA
V2 V N1 0 NA
I1 I N1 N2 gmV1
R1 R N2 0 NA
R2 R N2 0 NA",2. Does the current through V1 ever become non-zero during the sweep?,"2. No, the current through V1 (I(V1)) remains zero throughout the sweep.","MOSFET small-signal equivalent circuit

* Sources
V1 V N1 DC 5
V2 V N1 DC 5

* Dependent current source (gm*V1)
G1 N2 N1 V 0 1m

* Resistors
R1 N2 0 1k
R2 N2 0 1k

* Models
.model NMOS NMOS (LEVEL=1 VTO=1 KP=1.0e-4 LAMBDA=0.02)
.model PMOS PMOS (LEVEL=1 VTO=1.0 KP=1.0e-4 LAMBDA=0.02)

* Analysis
.op

.end"
44,"*SPICE Netlist for circuit 44
C1 0 1 1nF
I1 4 0 DC 1mA
M1 1 2 4 4 NMOS W=1u L=1u
.MODEL NMOS NMOS (LEVEL=1 VTO=1 KP=1.0e-4 LAMBDA=0.02)

.OP
.PRINT OP V(1) V(2) V(4)
.END","In the given SPICE netlist, what is the DC voltage at node 4?
A. -10 V
B. 0 V
C. -22.06 V
D. -11.03 V",D,"*SPICE Netlist for circuit 44
C1 0 1 1nF
I1 4 0 DC 1mA
M1 1 2 4 4 NMOS W=1u L=1u
.MODEL NMOS NMOS (LEVEL=1 VTO=1 KP=1.0e-4 LAMBDA=0.02)

.OP
.PRINT OP V(1) V(2) V(4)
.END"
46,"*SPICE Netlist for circuit 46
C1 0 1 1nF
C2 0 3 1nF
I1 3 1 DC 1mA
M1 3 1 0 0 NMOS W=1u L=1u
.MODEL NMOS NMOS (LEVEL=1 VTO=1 KP=1.0e-4 LAMBDA=0.02)

.OP
.PRINT OP V(1) V(3)
.END","In the given SPICE netlist, what is the DC voltage at node 3?
A. 10 V
B. -316 mV
C. -631.9 mV
D. -1.264 V",C,"*SPICE Netlist for circuit 46
C1 0 1 1nF
C2 0 3 1nF
I1 3 1 DC 1mA
M1 3 1 0 0 NMOS W=1u L=1u
.MODEL NMOS NMOS (LEVEL=1 VTO=1 KP=1.0e-4 LAMBDA=0.02)

.OP
.PRINT OP V(1) V(3)
.END"
46,"*SPICE Netlist for circuit 46
C1 0 1 1nF
C2 0 3 1nF
I1 3 1 DC 1mA
M1 3 1 0 0 NMOS W=1u L=1u
.MODEL NMOS NMOS (LEVEL=1 VTO=1 KP=1.0e-4 LAMBDA=0.02)

.OP
.PRINT OP V(1) V(3)
.END","In the given SPICE netlist, what is the DC voltage at node 1?
A. 5 V
B. 20 V
C. 10 V
D. -631.9 mV",C,"*SPICE Netlist for circuit 46
C1 0 1 1nF
C2 0 3 1nF
I1 3 1 DC 1mA
M1 3 1 0 0 NMOS W=1u L=1u
.MODEL NMOS NMOS (LEVEL=1 VTO=1 KP=1.0e-4 LAMBDA=0.02)

.OP
.PRINT OP V(1) V(3)
.END"
52,"*SPICE Netlist for circuit 52
C1 2 1 1nF
V1 2 0 5V
M1 1 VDD 2 2 NMOS W=1u L=1u
.MODEL NMOS NMOS (LEVEL=1 VTO=1 KP=1.0e-4 LAMBDA=0.02)

.OP
.PRINT OP V(1) V(2) V(VDD) I(V1)
.END","In the given SPICE netlist, what is the DC voltage at node 1?
A. 2.5 V
B. 0 V
C. 10 V
D. 5 V",D,"*SPICE Netlist for circuit 52
C1 2 1 1nF
V1 2 0 5V
M1 1 VDD 2 2 NMOS W=1u L=1u
.MODEL NMOS NMOS (LEVEL=1 VTO=1 KP=1.0e-4 LAMBDA=0.02)

.OP
.PRINT OP V(1) V(2) V(VDD) I(V1)
.END"
53,"*SPICE Netlist for circuit 53
C1 2 1 1nF
V1 1 0 5V
M1 1 VDD 2 2 NMOS W=1u L=1u
.MODEL NMOS NMOS (LEVEL=1 VTO=1 KP=1.0e-4 LAMBDA=0.02)

.OP
.PRINT OP V(1) V(2) V(VDD) I(V1)
.END","In the given SPICE netlist, what is the DC voltage at node 2?
A. 5 V
B. 2.5 V
C. 0 V
D. 10 V",A,"*SPICE Netlist for circuit 53
C1 2 1 1nF
V1 1 0 5V
M1 1 VDD 2 2 NMOS W=1u L=1u
.MODEL NMOS NMOS (LEVEL=1 VTO=1 KP=1.0e-4 LAMBDA=0.02)

.OP
.PRINT OP V(1) V(2) V(VDD) I(V1)
.END"
55,"*SPICE Netlist for circuit 55
C1 1 2 1nF
V1 2 0 5V
M1 VDD 1 2 2 NMOS W=1u L=1u
.MODEL NMOS NMOS (LEVEL=1 VTO=1 KP=1.0e-4 LAMBDA=0.02)

.OP
.PRINT OP V(1) V(2) V(VDD) I(V1)
.END","In the given SPICE netlist, what is the DC voltage at node 1?
A. 10 V
B. 0 V
C. 2.5 V
D. 5 V",D,"*SPICE Netlist for circuit 55
C1 1 2 1nF
V1 2 0 5V
M1 VDD 1 2 2 NMOS W=1u L=1u
.MODEL NMOS NMOS (LEVEL=1 VTO=1 KP=1.0e-4 LAMBDA=0.02)

.OP
.PRINT OP V(1) V(2) V(VDD) I(V1)
.END"
56,"*SPICE Netlist for circuit 56
C1 3 1 1nF
C2 3 2 1nF
V1 2 0 5V
M1 1 3 2 2 NMOS W=1u L=1u
.MODEL NMOS NMOS (LEVEL=1 VTO=1 KP=1.0e-4 LAMBDA=0.02)

.OP
.PRINT OP V(1) V(2) V(3) I(V1)
.END","In the given SPICE netlist, what is the DC voltage at node 1?
A. 0 V
B. 10 V
C. 2.5 V
D. 5 V",D,"*SPICE Netlist for circuit 56
C1 3 1 1nF
C2 3 2 1nF
V1 2 0 5V
M1 1 3 2 2 NMOS W=1u L=1u
.MODEL NMOS NMOS (LEVEL=1 VTO=1 KP=1.0e-4 LAMBDA=0.02)

.OP
.PRINT OP V(1) V(2) V(3) I(V1)
.END"
56,"*SPICE Netlist for circuit 56
C1 3 1 1nF
C2 3 2 1nF
V1 2 0 5V
M1 1 3 2 2 NMOS W=1u L=1u
.MODEL NMOS NMOS (LEVEL=1 VTO=1 KP=1.0e-4 LAMBDA=0.02)

.OP
.PRINT OP V(1) V(2) V(3) I(V1)
.END","In the given SPICE netlist, what is the DC voltage at node 3?
A. 5 V
B. 2.5 V
C. 10 V
D. 0 V",A,"*SPICE Netlist for circuit 56
C1 3 1 1nF
C2 3 2 1nF
V1 2 0 5V
M1 1 3 2 2 NMOS W=1u L=1u
.MODEL NMOS NMOS (LEVEL=1 VTO=1 KP=1.0e-4 LAMBDA=0.02)

.OP
.PRINT OP V(1) V(2) V(3) I(V1)
.END"
61,"*SPICE Netlist for circuit 61
M2 5 1 6 6 PMOS W=1u L=1u
V1 6 0 5V
M1 5 1 0 0 NMOS W=1u L=1u
.MODEL NMOS NMOS (LEVEL=1 VTO=1 KP=1.0e-4 LAMBDA=0.02)
.MODEL PMOS PMOS (LEVEL=1 VTO=1 KP=1.0e-4 LAMBDA=0.02)

.OP
.PRINT OP V(1) V(5) V(6) I(V1)
.END","In the given SPICE netlist, what is the DC voltage at node 5?
A. 0 V
B. 2.5 V
C. 10 V
D. 5 V",D,"*SPICE Netlist for circuit 61
M2 5 1 6 6 PMOS W=1u L=1u
V1 6 0 5V
M1 5 1 0 0 NMOS W=1u L=1u
.MODEL NMOS NMOS (LEVEL=1 VTO=1 KP=1.0e-4 LAMBDA=0.02)
.MODEL PMOS PMOS (LEVEL=1 VTO=1 KP=1.0e-4 LAMBDA=0.02)

.OP
.PRINT OP V(1) V(5) V(6) I(V1)
.END"
63,"*SPICE Netlist for circuit 63
M1 1 2 0 0 NMOS W=1u L=1u
V1 1 0 5V
V2 2 0 5V
.MODEL NMOS NMOS (LEVEL=1 VTO=1 KP=1.0e-4 LAMBDA=0.02)

.OP
.PRINT OP V(1) V(2) I(V1) I(V2)
.END","In the given SPICE netlist, what is the DC current through V1?
A. 5 A
B. 0 A
C. -1.76 mA
D. -880 µA",D,"*SPICE Netlist for circuit 63
M1 1 2 0 0 NMOS W=1u L=1u
V1 1 0 5V
V2 2 0 5V
.MODEL NMOS NMOS (LEVEL=1 VTO=1 KP=1.0e-4 LAMBDA=0.02)

.OP
.PRINT OP V(1) V(2) I(V1) I(V2)
.END"
66,"*SPICE Netlist for circuit 66
I1 1 2 DC 1mA
V1 4 0 5V
R1 0 1 1k

.OP
.PRINT OP V(1) V(2) V(4) I(V1)
.END","In the given SPICE netlist, what is the DC voltage at node 1?
A. 0 V
B. 5 V
C. 1 mV
D. -1 V",D,"*SPICE Netlist for circuit 66
I1 1 2 DC 1mA
V1 4 0 5V
R1 0 1 1k

.OP
.PRINT OP V(1) V(2) V(4) I(V1)
.END"
66,"*SPICE Netlist for circuit 66
I1 1 2 DC 1mA
V1 4 0 5V
R1 0 1 1k

.OP
.PRINT OP V(1) V(2) V(4) I(V1)
.END","In the given SPICE netlist, what is the DC voltage at node 2?
A. 1 mV
B. 5 V
C. -1 V
D. 0 V",A,"*SPICE Netlist for circuit 66
I1 1 2 DC 1mA
V1 4 0 5V
R1 0 1 1k

.OP
.PRINT OP V(1) V(2) V(4) I(V1)
.END"
68,"*SPICE Netlist for circuit 68
I1 1 2 DC 1mA
V1 5 0 5V
R1 0 1 1k
R2 0 1 1k

.OP
.PRINT OP V(1) V(2) V(5) I(V1)
.END","In the given SPICE netlist, what is the DC voltage at node 2?
A. -500 mV
B. 0 V
C. 5 V
D. 1 mV",D,"*SPICE Netlist for circuit 68
I1 1 2 DC 1mA
V1 5 0 5V
R1 0 1 1k
R2 0 1 1k

.OP
.PRINT OP V(1) V(2) V(5) I(V1)
.END"
68,"*SPICE Netlist for circuit 68
I1 1 2 DC 1mA
V1 5 0 5V
R1 0 1 1k
R2 0 1 1k

.OP
.PRINT OP V(1) V(2) V(5) I(V1)
.END","In the given SPICE netlist, what is the DC voltage at node 1?
A. 1 mV
B. 0 V
C. -500 mV
D. 5 V",C,"*SPICE Netlist for circuit 68
I1 1 2 DC 1mA
V1 5 0 5V
R1 0 1 1k
R2 0 1 1k

.OP
.PRINT OP V(1) V(2) V(5) I(V1)
.END"
74,"*SPICE Netlist for circuit 74
I1 1 4 DC 1mA
I2 1 4 DC 1mA
V1 4 0 5V
R1 4 1 1k

.OP
.PRINT OP V(1) V(4) I(V1)
.END","In the given SPICE netlist, what is the DC voltage at node 1?
A. 3 V
B. 5 V
C. 0 V
D. 6 V",A,"*SPICE Netlist for circuit 74
I1 1 4 DC 1mA
I2 1 4 DC 1mA
V1 4 0 5V
R1 4 1 1k

.OP
.PRINT OP V(1) V(4) I(V1)
.END"
76,"*SPICE Netlist for circuit 76
I1 1 3 DC 1mA
I2 1 3 DC 1mA
V1 3 0 5V

.OP
.PRINT OP V(1) V(3) I(V1)
.END","In the given SPICE netlist, what is the DC voltage at node 1?
A. 2 mV
B. 5 V
C. -2 mV
D. -4 mV",C,"*SPICE Netlist for circuit 76
I1 1 3 DC 1mA
I2 1 3 DC 1mA
V1 3 0 5V

.OP
.PRINT OP V(1) V(3) I(V1)
.END"
76,"*SPICE Netlist for circuit 76
I1 1 3 DC 1mA
I2 1 3 DC 1mA
V1 3 0 5V

.OP
.PRINT OP V(1) V(3) I(V1)
.END","In the given SPICE netlist, what is the DC current through V1?
A. 5 A
B. 2 mA
C. -2 mA
D. 4 mA",B,"*SPICE Netlist for circuit 76
I1 1 3 DC 1mA
I2 1 3 DC 1mA
V1 3 0 5V

.OP
.PRINT OP V(1) V(3) I(V1)
.END"
80,"*SPICE Netlist for circuit 80
I1 VDD 1 DC 1mA
M1 1 4 0 0 NMOS W=1u L=1u
M2 1 1 VDD VDD PMOS W=1u L=1u
.MODEL NMOS NMOS (LEVEL=1 VTO=1 KP=1.0e-4 LAMBDA=0.02)
.MODEL PMOS PMOS (LEVEL=1 VTO=1 KP=1.0e-4 LAMBDA=0.02)

.OP
.PRINT OP V(1) V(4) V(VDD)
.END","In the given SPICE netlist, what is the DC voltage at node 1?
A. -439.3 mV
B. 214.6 mV
C. 429.3 mV
D. 0 V",B,"*SPICE Netlist for circuit 80
I1 VDD 1 DC 1mA
M1 1 4 0 0 NMOS W=1u L=1u
M2 1 1 VDD VDD PMOS W=1u L=1u
.MODEL NMOS NMOS (LEVEL=1 VTO=1 KP=1.0e-4 LAMBDA=0.02)
.MODEL PMOS PMOS (LEVEL=1 VTO=1 KP=1.0e-4 LAMBDA=0.02)

.OP
.PRINT OP V(1) V(4) V(VDD)
.END"
86,"*SPICE Netlist for circuit 86
V1 5 0 5V
M1 3 1 0 0 NMOS W=1u L=1u
M2 3 1 5 5 PMOS W=1u L=1u
.MODEL NMOS NMOS (LEVEL=1 VTO=1 KP=1.0e-4 LAMBDA=0.02)
.MODEL PMOS PMOS (LEVEL=1 VTO=1 KP=1.0e-4 LAMBDA=0.02)

.OP
.PRINT OP V(1) V(3) V(5) I(V1)
.END","In the given SPICE netlist, what is the DC voltage at node 3?
A. 10 V
B. 5 V
C. 0 V
D. 2.5 V",B,"*SPICE Netlist for circuit 86
V1 5 0 5V
M1 3 1 0 0 NMOS W=1u L=1u
M2 3 1 5 5 PMOS W=1u L=1u
.MODEL NMOS NMOS (LEVEL=1 VTO=1 KP=1.0e-4 LAMBDA=0.02)
.MODEL PMOS PMOS (LEVEL=1 VTO=1 KP=1.0e-4 LAMBDA=0.02)

.OP
.PRINT OP V(1) V(3) V(5) I(V1)
.END"
95,"*SPICE Netlist for circuit 95
I1 1 2 DC 1mA
R1 2 1 1k

.OP
.PRINT OP V(1) V(2)
.END","In the given SPICE netlist, what is the DC voltage at node 1?
A. -1 V
B. 500 mV
C. -250 mV
D. -500 mV",D,"*SPICE Netlist for circuit 95
I1 1 2 DC 1mA
R1 2 1 1k

.OP
.PRINT OP V(1) V(2)
.END"
95,"*SPICE Netlist for circuit 95
I1 1 2 DC 1mA
R1 2 1 1k

.OP
.PRINT OP V(1) V(2)
.END","In the given SPICE netlist, what is the DC voltage at node 2?
A. -500 mV
B. 500 mV
C. 1 V
D. 250 mV",B,"*SPICE Netlist for circuit 95
I1 1 2 DC 1mA
R1 2 1 1k

.OP
.PRINT OP V(1) V(2)
.END"
96,"*SPICE Netlist for circuit 96
I1 VDD 1 DC 1mA
R1 0 4 1k
M1 1 3 4 4 NMOS W=1u L=1u
.MODEL NMOS NMOS (LEVEL=1 VTO=1 KP=1.0e-4 LAMBDA=0.02)

.OP
.PRINT OP V(1) V(3) V(4) V(VDD)
.END","In the given SPICE netlist, what is the DC voltage at node 4?
A. 0 V
B. 1 V
C. 500 mV
D. -1 mV",C,"*SPICE Netlist for circuit 96
I1 VDD 1 DC 1mA
R1 0 4 1k
M1 1 3 4 4 NMOS W=1u L=1u
.MODEL NMOS NMOS (LEVEL=1 VTO=1 KP=1.0e-4 LAMBDA=0.02)

.OP
.PRINT OP V(1) V(3) V(4) V(VDD)
.END"
103,"*SPICE Netlist for circuit 103
V1 3 0 5V
R1 0 1 1k
R2 3 1 1k

.OP
.PRINT OP V(1) V(3) I(V1)
.END","In the given SPICE netlist, what is the DC voltage at node 1?
A. 2.5 V
B. 5 V
C. 1.25 V
D. -2.5 mV",A,"*SPICE Netlist for circuit 103
V1 3 0 5V
R1 0 1 1k
R2 3 1 1k

.OP
.PRINT OP V(1) V(3) I(V1)
.END"
103,"*SPICE Netlist for circuit 103
V1 3 0 5V
R1 0 1 1k
R2 3 1 1k

.OP
.PRINT OP V(1) V(3) I(V1)
.END","In the given SPICE netlist, what is the DC current through V1?
A. 2.5 A
B. -5 mA
C. -2.5 mA
D. 5 A",C,"*SPICE Netlist for circuit 103
V1 3 0 5V
R1 0 1 1k
R2 3 1 1k

.OP
.PRINT OP V(1) V(3) I(V1)
.END"
107,"*SPICE Netlist for circuit 107
I1 VDD 2 DC 1mA
M2 2 5 0 0 NMOS W=1u L=1u
M3 3 1 0 0 NMOS W=1u L=1u
M1 VDD 2 3 3 NMOS W=1u L=1u
.MODEL NMOS NMOS (LEVEL=1 VTO=1 KP=1.0e-4 LAMBDA=0.02)

.OP
.PRINT OP V(1) V(2) V(3) V(5) V(VDD)
.END","In the given SPICE netlist, what is the DC voltage at node 3?
A. -327.6 mV
B. 0 V
C. -1.31 V
D. -655.1 mV",D,"*SPICE Netlist for circuit 107
I1 VDD 2 DC 1mA
M2 2 5 0 0 NMOS W=1u L=1u
M3 3 1 0 0 NMOS W=1u L=1u
M1 VDD 2 3 3 NMOS W=1u L=1u
.MODEL NMOS NMOS (LEVEL=1 VTO=1 KP=1.0e-4 LAMBDA=0.02)

.OP
.PRINT OP V(1) V(2) V(3) V(5) V(VDD)
.END"
108,"*SPICE Netlist for circuit 108
I1 1 0 DC 1mA
R1 0 1 1k
M1 VDD 4 1 1 NMOS W=1u L=1u
.MODEL NMOS NMOS (LEVEL=1 VTO=1 KP=1.0e-4 LAMBDA=0.02)

.OP
.PRINT OP V(1) V(4) V(VDD)
.END","In the given SPICE netlist, what is the DC voltage at node 1?
A. 0 V
B. -2 V
C. -505 mV
D. -1 V",D,"*SPICE Netlist for circuit 108
I1 1 0 DC 1mA
R1 0 1 1k
M1 VDD 4 1 1 NMOS W=1u L=1u
.MODEL NMOS NMOS (LEVEL=1 VTO=1 KP=1.0e-4 LAMBDA=0.02)

.OP
.PRINT OP V(1) V(4) V(VDD)
.END"
110,"*SPICE Netlist for circuit 110
C1 0 3 1nF
I1 3 0 DC 1mA
M2 1 1 VDD VDD PMOS W=1u L=1u
M1 1 5 3 3 NMOS W=1u L=1u
.MODEL NMOS NMOS (LEVEL=1 VTO=1 KP=1.0e-4 LAMBDA=0.02)
.MODEL PMOS PMOS (LEVEL=1 VTO=1 KP=1.0e-4 LAMBDA=0.02)

.OP
.PRINT OP V(1) V(3) V(5) V(VDD)
.END","In the given SPICE netlist, what is the DC voltage at node 1?
A. -5 V
B. 0 V
C. -20 V
D. -10 V",D,"*SPICE Netlist for circuit 110
C1 0 3 1nF
I1 3 0 DC 1mA
M2 1 1 VDD VDD PMOS W=1u L=1u
M1 1 5 3 3 NMOS W=1u L=1u
.MODEL NMOS NMOS (LEVEL=1 VTO=1 KP=1.0e-4 LAMBDA=0.02)
.MODEL PMOS PMOS (LEVEL=1 VTO=1 KP=1.0e-4 LAMBDA=0.02)

.OP
.PRINT OP V(1) V(3) V(5) V(VDD)
.END"
110,"*SPICE Netlist for circuit 110
C1 0 3 1nF
I1 3 0 DC 1mA
M2 1 1 VDD VDD PMOS W=1u L=1u
M1 1 5 3 3 NMOS W=1u L=1u
.MODEL NMOS NMOS (LEVEL=1 VTO=1 KP=1.0e-4 LAMBDA=0.02)
.MODEL PMOS PMOS (LEVEL=1 VTO=1 KP=1.0e-4 LAMBDA=0.02)

.OP
.PRINT OP V(1) V(3) V(5) V(VDD)
.END","In the given SPICE netlist, what is the DC voltage at node 3?
A. -10 V
B. 0 V
C. -5 V
D. -20 V",A,"*SPICE Netlist for circuit 110
C1 0 3 1nF
I1 3 0 DC 1mA
M2 1 1 VDD VDD PMOS W=1u L=1u
M1 1 5 3 3 NMOS W=1u L=1u
.MODEL NMOS NMOS (LEVEL=1 VTO=1 KP=1.0e-4 LAMBDA=0.02)
.MODEL PMOS PMOS (LEVEL=1 VTO=1 KP=1.0e-4 LAMBDA=0.02)

.OP
.PRINT OP V(1) V(3) V(5) V(VDD)
.END"
111,"*SPICE Netlist for circuit 111
C1 0 4 1nF
I1 3 0 DC 1mA
I2 4 0 DC 1mA
M3 1 1 VDD VDD PMOS W=1u L=1u
M2 1 3 4 4 NMOS W=1u L=1u
M1 VDD 6 3 3 NMOS W=1u L=1u
.MODEL NMOS NMOS (LEVEL=1 VTO=1 KP=1.0e-4 LAMBDA=0.02)
.MODEL PMOS PMOS (LEVEL=1 VTO=1 KP=1.0e-4 LAMBDA=0.02)

.OP
.PRINT OP V(1) V(3) V(4) V(6) V(VDD)
.END","In the given SPICE netlist, what is the DC voltage at node 1?
A. -21.79 V
B. -20.66 V
C. -41.31 V
D. 0 V",B,"*SPICE Netlist for circuit 111
C1 0 4 1nF
I1 3 0 DC 1mA
I2 4 0 DC 1mA
M3 1 1 VDD VDD PMOS W=1u L=1u
M2 1 3 4 4 NMOS W=1u L=1u
M1 VDD 6 3 3 NMOS W=1u L=1u
.MODEL NMOS NMOS (LEVEL=1 VTO=1 KP=1.0e-4 LAMBDA=0.02)
.MODEL PMOS PMOS (LEVEL=1 VTO=1 KP=1.0e-4 LAMBDA=0.02)

.OP
.PRINT OP V(1) V(3) V(4) V(6) V(VDD)
.END"
111,"*SPICE Netlist for circuit 111
C1 0 4 1nF
I1 3 0 DC 1mA
I2 4 0 DC 1mA
M3 1 1 VDD VDD PMOS W=1u L=1u
M2 1 3 4 4 NMOS W=1u L=1u
M1 VDD 6 3 3 NMOS W=1u L=1u
.MODEL NMOS NMOS (LEVEL=1 VTO=1 KP=1.0e-4 LAMBDA=0.02)
.MODEL PMOS PMOS (LEVEL=1 VTO=1 KP=1.0e-4 LAMBDA=0.02)

.OP
.PRINT OP V(1) V(3) V(4) V(6) V(VDD)
.END","In the given SPICE netlist, what is the DC voltage at node 4?
A. -20 V
B. 0 V
C. -40 V
D. -21.79 V",A,"*SPICE Netlist for circuit 111
C1 0 4 1nF
I1 3 0 DC 1mA
I2 4 0 DC 1mA
M3 1 1 VDD VDD PMOS W=1u L=1u
M2 1 3 4 4 NMOS W=1u L=1u
M1 VDD 6 3 3 NMOS W=1u L=1u
.MODEL NMOS NMOS (LEVEL=1 VTO=1 KP=1.0e-4 LAMBDA=0.02)
.MODEL PMOS PMOS (LEVEL=1 VTO=1 KP=1.0e-4 LAMBDA=0.02)

.OP
.PRINT OP V(1) V(3) V(4) V(6) V(VDD)
.END"
111,"*SPICE Netlist for circuit 111
C1 0 4 1nF
I1 3 0 DC 1mA
I2 4 0 DC 1mA
M3 1 1 VDD VDD PMOS W=1u L=1u
M2 1 3 4 4 NMOS W=1u L=1u
M1 VDD 6 3 3 NMOS W=1u L=1u
.MODEL NMOS NMOS (LEVEL=1 VTO=1 KP=1.0e-4 LAMBDA=0.02)
.MODEL PMOS PMOS (LEVEL=1 VTO=1 KP=1.0e-4 LAMBDA=0.02)

.OP
.PRINT OP V(1) V(3) V(4) V(6) V(VDD)
.END","In the given SPICE netlist, what is the DC voltage at node 3?
A. -21.79 V
B. -43.58 V
C. 0 V
D. -20.66 V",A,"*SPICE Netlist for circuit 111
C1 0 4 1nF
I1 3 0 DC 1mA
I2 4 0 DC 1mA
M3 1 1 VDD VDD PMOS W=1u L=1u
M2 1 3 4 4 NMOS W=1u L=1u
M1 VDD 6 3 3 NMOS W=1u L=1u
.MODEL NMOS NMOS (LEVEL=1 VTO=1 KP=1.0e-4 LAMBDA=0.02)
.MODEL PMOS PMOS (LEVEL=1 VTO=1 KP=1.0e-4 LAMBDA=0.02)

.OP
.PRINT OP V(1) V(3) V(4) V(6) V(VDD)
.END"
112,"*SPICE Netlist for circuit 112
V1 4 0 5V
M1 2 1 4 4 NMOS W=1u L=1u
R1 2 VDD 1k
.MODEL NMOS NMOS (LEVEL=1 VTO=1 KP=1.0e-4 LAMBDA=0.02)

.OP
.PRINT OP V(1) V(2) V(4) V(VDD) I(V1)
.END","In the given SPICE netlist, what is the DC voltage at node 2?
A. 0 V
B. 4.823 V
C. 9.645 V
D. 2.411 V",B,"*SPICE Netlist for circuit 112
V1 4 0 5V
M1 2 1 4 4 NMOS W=1u L=1u
R1 2 VDD 1k
.MODEL NMOS NMOS (LEVEL=1 VTO=1 KP=1.0e-4 LAMBDA=0.02)

.OP
.PRINT OP V(1) V(2) V(4) V(VDD) I(V1)
.END"
113,"*SPICE Netlist for circuit 113
C1 5 2 1nF
V1 5 0 5V
I1 2 0 DC 1mA
M1 3 1 2 2 NMOS W=1u L=1u
R1 3 VDD 1k
.MODEL NMOS NMOS (LEVEL=1 VTO=1 KP=1.0e-4 LAMBDA=0.02)

.OP
.PRINT OP V(1) V(2) V(3) V(5) V(VDD) I(V1)
.END","In the given SPICE netlist, what is the DC voltage at node 2?
A. -1 mV
B. 0 V
C. -5 V
D. 5 V",C,"*SPICE Netlist for circuit 113
C1 5 2 1nF
V1 5 0 5V
I1 2 0 DC 1mA
M1 3 1 2 2 NMOS W=1u L=1u
R1 3 VDD 1k
.MODEL NMOS NMOS (LEVEL=1 VTO=1 KP=1.0e-4 LAMBDA=0.02)

.OP
.PRINT OP V(1) V(2) V(3) V(5) V(VDD) I(V1)
.END"
113,"*SPICE Netlist for circuit 113
C1 5 2 1nF
V1 5 0 5V
I1 2 0 DC 1mA
M1 3 1 2 2 NMOS W=1u L=1u
R1 3 VDD 1k
.MODEL NMOS NMOS (LEVEL=1 VTO=1 KP=1.0e-4 LAMBDA=0.02)

.OP
.PRINT OP V(1) V(2) V(3) V(5) V(VDD) I(V1)
.END","In the given SPICE netlist, what is the DC voltage at node 3?
A. -5 V
B. -1 mV
C. 0 V
D. 5 V",A,"*SPICE Netlist for circuit 113
C1 5 2 1nF
V1 5 0 5V
I1 2 0 DC 1mA
M1 3 1 2 2 NMOS W=1u L=1u
R1 3 VDD 1k
.MODEL NMOS NMOS (LEVEL=1 VTO=1 KP=1.0e-4 LAMBDA=0.02)

.OP
.PRINT OP V(1) V(2) V(3) V(5) V(VDD) I(V1)
.END"
113,"*SPICE Netlist for circuit 113
C1 5 2 1nF
V1 5 0 5V
I1 2 0 DC 1mA
M1 3 1 2 2 NMOS W=1u L=1u
R1 3 VDD 1k
.MODEL NMOS NMOS (LEVEL=1 VTO=1 KP=1.0e-4 LAMBDA=0.02)

.OP
.PRINT OP V(1) V(2) V(3) V(5) V(VDD) I(V1)
.END","In the given SPICE netlist, what is the DC current through V1?
A. 0 A
B. -1 mA
C. -5 A
D. 5 A",B,"*SPICE Netlist for circuit 113
C1 5 2 1nF
V1 5 0 5V
I1 2 0 DC 1mA
M1 3 1 2 2 NMOS W=1u L=1u
R1 3 VDD 1k
.MODEL NMOS NMOS (LEVEL=1 VTO=1 KP=1.0e-4 LAMBDA=0.02)

.OP
.PRINT OP V(1) V(2) V(3) V(5) V(VDD) I(V1)
.END"
114,"*SPICE Netlist for circuit 114
V1 6 0 5V
M1 2 1 4 4 NMOS W=1u L=1u
R1 2 VDD 1k
R2 4 2 1k
R3 6 4 1k
.MODEL NMOS NMOS (LEVEL=1 VTO=1 KP=1.0e-4 LAMBDA=0.02)

.OP
.PRINT OP V(1) V(2) V(4) V(6) V(VDD) I(V1)
.END","In the given SPICE netlist, what is the DC voltage at node 2?
A. 2.5 V
B. 5 V
C. 10 V
D. 0 V",B,"*SPICE Netlist for circuit 114
V1 6 0 5V
M1 2 1 4 4 NMOS W=1u L=1u
R1 2 VDD 1k
R2 4 2 1k
R3 6 4 1k
.MODEL NMOS NMOS (LEVEL=1 VTO=1 KP=1.0e-4 LAMBDA=0.02)

.OP
.PRINT OP V(1) V(2) V(4) V(6) V(VDD) I(V1)
.END"
114,"*SPICE Netlist for circuit 114
V1 6 0 5V
M1 2 1 4 4 NMOS W=1u L=1u
R1 2 VDD 1k
R2 4 2 1k
R3 6 4 1k
.MODEL NMOS NMOS (LEVEL=1 VTO=1 KP=1.0e-4 LAMBDA=0.02)

.OP
.PRINT OP V(1) V(2) V(4) V(6) V(VDD) I(V1)
.END","In the given SPICE netlist, what is the DC voltage at node 4?
A. 5 V
B. 0 V
C. 2.5 V
D. 10 V",A,"*SPICE Netlist for circuit 114
V1 6 0 5V
M1 2 1 4 4 NMOS W=1u L=1u
R1 2 VDD 1k
R2 4 2 1k
R3 6 4 1k
.MODEL NMOS NMOS (LEVEL=1 VTO=1 KP=1.0e-4 LAMBDA=0.02)

.OP
.PRINT OP V(1) V(2) V(4) V(6) V(VDD) I(V1)
.END"
117,"*SPICE Netlist for circuit 117
V1 2 0 5V
R1 2 1 1k

.OP
.PRINT OP V(1) V(2) I(V1)
.END","In the given SPICE netlist, what is the DC voltage at node 1?
A. 10 V
B. 5 V
C. 2.5 V
D. 0 V",B,"*SPICE Netlist for circuit 117
V1 2 0 5V
R1 2 1 1k

.OP
.PRINT OP V(1) V(2) I(V1)
.END"
118,"*SPICE Netlist for circuit 118
V1 4 0 5V
M1 2 1 5 5 NMOS W=1u L=1u
R1 2 VDD 1k
R2 4 5 1k
.MODEL NMOS NMOS (LEVEL=1 VTO=1 KP=1.0e-4 LAMBDA=0.02)

.OP
.PRINT OP V(1) V(2) V(4) V(5) V(VDD) I(V1)
.END","In the given SPICE netlist, what is the DC voltage at node 2?
A. 0 V
B. 4.823 V
C. 9.645 V
D. 2.411 V",B,"*SPICE Netlist for circuit 118
V1 4 0 5V
M1 2 1 5 5 NMOS W=1u L=1u
R1 2 VDD 1k
R2 4 5 1k
.MODEL NMOS NMOS (LEVEL=1 VTO=1 KP=1.0e-4 LAMBDA=0.02)

.OP
.PRINT OP V(1) V(2) V(4) V(5) V(VDD) I(V1)
.END"
118,"*SPICE Netlist for circuit 118
V1 4 0 5V
M1 2 1 5 5 NMOS W=1u L=1u
R1 2 VDD 1k
R2 4 5 1k
.MODEL NMOS NMOS (LEVEL=1 VTO=1 KP=1.0e-4 LAMBDA=0.02)

.OP
.PRINT OP V(1) V(2) V(4) V(5) V(VDD) I(V1)
.END","In the given SPICE netlist, what is the DC voltage at node 5?
A. 5 V
B. 10 V
C. 0 V
D. 2.5 V",A,"*SPICE Netlist for circuit 118
V1 4 0 5V
M1 2 1 5 5 NMOS W=1u L=1u
R1 2 VDD 1k
R2 4 5 1k
.MODEL NMOS NMOS (LEVEL=1 VTO=1 KP=1.0e-4 LAMBDA=0.02)

.OP
.PRINT OP V(1) V(2) V(4) V(5) V(VDD) I(V1)
.END"
120,"*SPICE Netlist for circuit 120
I1 VDD 2 DC 1mA
V1 3 0 5V
M1 2 1 3 3 NMOS W=1u L=1u
R1 3 2 1k
.MODEL NMOS NMOS (LEVEL=1 VTO=1 KP=1.0e-4 LAMBDA=0.02)

.OP
.PRINT OP V(1) V(2) V(3) V(VDD) I(V1)
.END","In the given SPICE netlist, what is the DC voltage at node 2?
A. -1 mV
B. 5 V
C. 6 V
D. 0 V",C,"*SPICE Netlist for circuit 120
I1 VDD 2 DC 1mA
V1 3 0 5V
M1 2 1 3 3 NMOS W=1u L=1u
R1 3 2 1k
.MODEL NMOS NMOS (LEVEL=1 VTO=1 KP=1.0e-4 LAMBDA=0.02)

.OP
.PRINT OP V(1) V(2) V(3) V(VDD) I(V1)
.END"
120,"*SPICE Netlist for circuit 120
I1 VDD 2 DC 1mA
V1 3 0 5V
M1 2 1 3 3 NMOS W=1u L=1u
R1 3 2 1k
.MODEL NMOS NMOS (LEVEL=1 VTO=1 KP=1.0e-4 LAMBDA=0.02)

.OP
.PRINT OP V(1) V(2) V(3) V(VDD) I(V1)
.END","In the given SPICE netlist, what is the DC current through V1?
A. 6 A
B. 5 A
C. 0 A
D. 1 mA",D,"*SPICE Netlist for circuit 120
I1 VDD 2 DC 1mA
V1 3 0 5V
M1 2 1 3 3 NMOS W=1u L=1u
R1 3 2 1k
.MODEL NMOS NMOS (LEVEL=1 VTO=1 KP=1.0e-4 LAMBDA=0.02)

.OP
.PRINT OP V(1) V(2) V(3) V(VDD) I(V1)
.END"
121,"*SPICE Netlist for circuit 121
I1 VDD 3 DC 1mA
V1 6 0 5V
M1 3 1 4 4 NMOS W=1u L=1u
R2 4 3 1k
R1 6 4 1k
.MODEL NMOS NMOS (LEVEL=1 VTO=1 KP=1.0e-4 LAMBDA=0.02)

.OP
.PRINT OP V(1) V(3) V(4) V(6) V(VDD) I(V1)
.END","In the given SPICE netlist, what is the DC voltage at node 4?
A. 0 V
B. 7 V
C. 6 V
D. 5 V",C,"*SPICE Netlist for circuit 121
I1 VDD 3 DC 1mA
V1 6 0 5V
M1 3 1 4 4 NMOS W=1u L=1u
R2 4 3 1k
R1 6 4 1k
.MODEL NMOS NMOS (LEVEL=1 VTO=1 KP=1.0e-4 LAMBDA=0.02)

.OP
.PRINT OP V(1) V(3) V(4) V(6) V(VDD) I(V1)
.END"
121,"*SPICE Netlist for circuit 121
I1 VDD 3 DC 1mA
V1 6 0 5V
M1 3 1 4 4 NMOS W=1u L=1u
R2 4 3 1k
R1 6 4 1k
.MODEL NMOS NMOS (LEVEL=1 VTO=1 KP=1.0e-4 LAMBDA=0.02)

.OP
.PRINT OP V(1) V(3) V(4) V(6) V(VDD) I(V1)
.END","In the given SPICE netlist, what is the DC voltage at node 3?
A. 6 V
B. 5 V
C. 0 V
D. 7 V",D,"*SPICE Netlist for circuit 121
I1 VDD 3 DC 1mA
V1 6 0 5V
M1 3 1 4 4 NMOS W=1u L=1u
R2 4 3 1k
R1 6 4 1k
.MODEL NMOS NMOS (LEVEL=1 VTO=1 KP=1.0e-4 LAMBDA=0.02)

.OP
.PRINT OP V(1) V(3) V(4) V(6) V(VDD) I(V1)
.END"
121,"*SPICE Netlist for circuit 121
I1 VDD 3 DC 1mA
V1 6 0 5V
M1 3 1 4 4 NMOS W=1u L=1u
R2 4 3 1k
R1 6 4 1k
.MODEL NMOS NMOS (LEVEL=1 VTO=1 KP=1.0e-4 LAMBDA=0.02)

.OP
.PRINT OP V(1) V(3) V(4) V(6) V(VDD) I(V1)
.END","In the given SPICE netlist, what is the DC current through V1?
A. 1 mA
B. 0 A
C. 7 A
D. 6 A",A,"*SPICE Netlist for circuit 121
I1 VDD 3 DC 1mA
V1 6 0 5V
M1 3 1 4 4 NMOS W=1u L=1u
R2 4 3 1k
R1 6 4 1k
.MODEL NMOS NMOS (LEVEL=1 VTO=1 KP=1.0e-4 LAMBDA=0.02)

.OP
.PRINT OP V(1) V(3) V(4) V(6) V(VDD) I(V1)
.END"
300,"M1 NMOS Vout X 0 0 NA
MB NMOS VB VB 0 0 NA
RD R VDD Vout NA
RB R X VB NA
CB C X Vin NA
IB I VDD VB NA",1. What are the voltages at nodes 1 and 2 at the DC operating point?,"1. V(1) = 5.254 V, V(2) = 5.254 V","MOSFET amplifier with bias network
M1 Vout X 0 0 NMOS
MB VB VB 0 0 NMOS
RD VDD Vout 1k
RB X VB 1k
CB X Vin 1n
IB VDD VB DC 1mA
VDD VDD 0 DC 5
.model NMOS NMOS (LEVEL=1 VTO=1 KP=1.0e-4 LAMBDA=0.02)
.model PMOS PMOS (LEVEL=1 VTO=1 KP=1.0e-4 LAMBDA=0.02)
.op
.end"
122,"*SPICE Netlist for circuit 122
I1 VDD 1 DC 1mA
V1 4 0 5V
M1 1 2 4 4 NMOS W=1u L=1u
R1 4 1 1k
.MODEL NMOS NMOS (LEVEL=1 VTO=1 KP=1.0e-4 LAMBDA=0.02)

.OP
.PRINT OP V(1) V(2) V(4) V(VDD) I(V1)
.END","In the given SPICE netlist, what is the DC current through V1?
A. 0 A
B. 6 A
C. 1 mA
D. 5 A",C,"*SPICE Netlist for circuit 122
I1 VDD 1 DC 1mA
V1 4 0 5V
M1 1 2 4 4 NMOS W=1u L=1u
R1 4 1 1k
.MODEL NMOS NMOS (LEVEL=1 VTO=1 KP=1.0e-4 LAMBDA=0.02)

.OP
.PRINT OP V(1) V(2) V(4) V(VDD) I(V1)
.END"
124,"*SPICE Netlist for circuit 124
V1 2 0 5V
R3 0 4 1k
M1 2 1 4 4 NMOS W=1u L=1u
R1 2 VDD 1k
R2 4 2 1k
.MODEL NMOS NMOS (LEVEL=1 VTO=1 KP=1.0e-4 LAMBDA=0.02)

.OP
.PRINT OP V(1) V(2) V(4) V(VDD) I(V1)
.END","In the given SPICE netlist, what is the DC voltage at node 4?
A. 0 V
B. 2.5 V
C. 5 V
D. -2.5 mV",B,"*SPICE Netlist for circuit 124
V1 2 0 5V
R3 0 4 1k
M1 2 1 4 4 NMOS W=1u L=1u
R1 2 VDD 1k
R2 4 2 1k
.MODEL NMOS NMOS (LEVEL=1 VTO=1 KP=1.0e-4 LAMBDA=0.02)

.OP
.PRINT OP V(1) V(2) V(4) V(VDD) I(V1)
.END"
124,"*SPICE Netlist for circuit 124
V1 2 0 5V
R3 0 4 1k
M1 2 1 4 4 NMOS W=1u L=1u
R1 2 VDD 1k
R2 4 2 1k
.MODEL NMOS NMOS (LEVEL=1 VTO=1 KP=1.0e-4 LAMBDA=0.02)

.OP
.PRINT OP V(1) V(2) V(4) V(VDD) I(V1)
.END","In the given SPICE netlist, what is the DC current through V1?
A. 2.5 A
B. -2.5 mA
C. 0 A
D. 5 A",B,"*SPICE Netlist for circuit 124
V1 2 0 5V
R3 0 4 1k
M1 2 1 4 4 NMOS W=1u L=1u
R1 2 VDD 1k
R2 4 2 1k
.MODEL NMOS NMOS (LEVEL=1 VTO=1 KP=1.0e-4 LAMBDA=0.02)

.OP
.PRINT OP V(1) V(2) V(4) V(VDD) I(V1)
.END"
125,"*SPICE Netlist for circuit 125
I1 2 0 DC 1mA
R1 0 2 1k
M1 3 5 2 2 NMOS W=1u L=1u
R2 3 VDD 1k
.MODEL NMOS NMOS (LEVEL=1 VTO=1 KP=1.0e-4 LAMBDA=0.02)

.OP
.PRINT OP V(2) V(3) V(5) V(VDD)
.END","In the given SPICE netlist, what is the DC voltage at node 2?
A. -1 V
B. 0 V
C. -2 V
D. -336.7 mV",A,"*SPICE Netlist for circuit 125
I1 2 0 DC 1mA
R1 0 2 1k
M1 3 5 2 2 NMOS W=1u L=1u
R2 3 VDD 1k
.MODEL NMOS NMOS (LEVEL=1 VTO=1 KP=1.0e-4 LAMBDA=0.02)

.OP
.PRINT OP V(2) V(3) V(5) V(VDD)
.END"
125,"*SPICE Netlist for circuit 125
I1 2 0 DC 1mA
R1 0 2 1k
M1 3 5 2 2 NMOS W=1u L=1u
R2 3 VDD 1k
.MODEL NMOS NMOS (LEVEL=1 VTO=1 KP=1.0e-4 LAMBDA=0.02)

.OP
.PRINT OP V(2) V(3) V(5) V(VDD)
.END","In the given SPICE netlist, what is the DC voltage at node 3?
A. -1 V
B. -336.7 mV
C. -673.3 mV
D. 0 V",B,"*SPICE Netlist for circuit 125
I1 2 0 DC 1mA
R1 0 2 1k
M1 3 5 2 2 NMOS W=1u L=1u
R2 3 VDD 1k
.MODEL NMOS NMOS (LEVEL=1 VTO=1 KP=1.0e-4 LAMBDA=0.02)

.OP
.PRINT OP V(2) V(3) V(5) V(VDD)
.END"
136,"*SPICE Netlist for circuit 136
I1 VDD 2 DC 1mA
V1 6 0 5V
M1 2 1 4 4 NMOS W=1u L=1u
R2 4 2 1k
R1 6 4 1k
.MODEL NMOS NMOS (LEVEL=1 VTO=1 KP=1.0e-4 LAMBDA=0.02)

.OP
.PRINT OP V(1) V(2) V(4) V(6) V(VDD) I(V1)
.END","In the given SPICE netlist, what is the DC voltage at node 2?
A. 6 V
B. 7 V
C. 0 V
D. 5 V",B,"*SPICE Netlist for circuit 136
I1 VDD 2 DC 1mA
V1 6 0 5V
M1 2 1 4 4 NMOS W=1u L=1u
R2 4 2 1k
R1 6 4 1k
.MODEL NMOS NMOS (LEVEL=1 VTO=1 KP=1.0e-4 LAMBDA=0.02)

.OP
.PRINT OP V(1) V(2) V(4) V(6) V(VDD) I(V1)
.END"
136,"*SPICE Netlist for circuit 136
I1 VDD 2 DC 1mA
V1 6 0 5V
M1 2 1 4 4 NMOS W=1u L=1u
R2 4 2 1k
R1 6 4 1k
.MODEL NMOS NMOS (LEVEL=1 VTO=1 KP=1.0e-4 LAMBDA=0.02)

.OP
.PRINT OP V(1) V(2) V(4) V(6) V(VDD) I(V1)
.END","In the given SPICE netlist, what is the DC voltage at node 4?
A. 6 V
B. 7 V
C. 0 V
D. 5 V",A,"*SPICE Netlist for circuit 136
I1 VDD 2 DC 1mA
V1 6 0 5V
M1 2 1 4 4 NMOS W=1u L=1u
R2 4 2 1k
R1 6 4 1k
.MODEL NMOS NMOS (LEVEL=1 VTO=1 KP=1.0e-4 LAMBDA=0.02)

.OP
.PRINT OP V(1) V(2) V(4) V(6) V(VDD) I(V1)
.END"
136,"*SPICE Netlist for circuit 136
I1 VDD 2 DC 1mA
V1 6 0 5V
M1 2 1 4 4 NMOS W=1u L=1u
R2 4 2 1k
R1 6 4 1k
.MODEL NMOS NMOS (LEVEL=1 VTO=1 KP=1.0e-4 LAMBDA=0.02)

.OP
.PRINT OP V(1) V(2) V(4) V(6) V(VDD) I(V1)
.END","In the given SPICE netlist, what is the DC current through V1?
A. 1 mA
B. 7 A
C. 0 A
D. 6 A",A,"*SPICE Netlist for circuit 136
I1 VDD 2 DC 1mA
V1 6 0 5V
M1 2 1 4 4 NMOS W=1u L=1u
R2 4 2 1k
R1 6 4 1k
.MODEL NMOS NMOS (LEVEL=1 VTO=1 KP=1.0e-4 LAMBDA=0.02)

.OP
.PRINT OP V(1) V(2) V(4) V(6) V(VDD) I(V1)
.END"
139,"*SPICE Netlist for circuit 139
V1 3 0 5V
M2 4 2 0 0 NMOS W=1u L=1u
M1 3 1 4 4 NMOS W=1u L=1u
.MODEL NMOS NMOS (LEVEL=1 VTO=1 KP=1.0e-4 LAMBDA=0.02)

.OP
.PRINT OP V(1) V(2) V(3) V(4) I(V1)
.END","In the given SPICE netlist, what is the DC voltage at node 4?
A. 3.333 V
B. 1.667 V
C. 5 V
D. 0 V",B,"*SPICE Netlist for circuit 139
V1 3 0 5V
M2 4 2 0 0 NMOS W=1u L=1u
M1 3 1 4 4 NMOS W=1u L=1u
.MODEL NMOS NMOS (LEVEL=1 VTO=1 KP=1.0e-4 LAMBDA=0.02)

.OP
.PRINT OP V(1) V(2) V(3) V(4) I(V1)
.END"
596,"M1 NMOS N3 N2 0 0 NA
M2 NMOS N2 N4 0 0 NA
RD1 R VDD N2 NA
RD2 R VDD N4 NA
R1 R N3 N5 NA
R2 R N3 0 NA
Vt V N5 0 NA","3. At 1 MHz, what are the magnitude and phase of I(V1)?","3. |I(V1)| = 0.000521383 A, ∠I(V1) = 0°","MOSFET bias circuit

M1 N3 N2 0 0 NMOS
M2 N2 N4 0 0 NMOS

RD1 VDD N2 1k
RD2 VDD N4 1k
R1 N3 N5 1k
R2 N3 0 1k

Vt N5 0 DC 5
VDD VDD 0 DC 5

.model NMOS NMOS (LEVEL=1 VTO=1 KP=1.0e-4 LAMBDA=0.02)
.model PMOS PMOS (LEVEL=1 VTO=1 KP=1.0e-4 LAMBDA=0.02)

.op
.end"
262,"I6 I VDD N1 NA
R6 R N1 N2 NA
M6 NMOS N2 N1 N3 N3 NA
M5 NMOS N3 N3 0 0 NA",2. What is the DC current through the independent current source I1?,2. I(I1) = 1 mA,"MOSFET bias circuit

I6 I VDD N1 DC 1mA
R6 R N1 N2 1k
M6 N2 N1 N3 N3 NMOS
M5 N3 N3 0 0 NMOS

VDD VDD 0 DC 5

.model NMOS NMOS (LEVEL=1 VTO=1 KP=1.0e-4 LAMBDA=0.02)
.model PMOS PMOS (LEVEL=1 VTO=1 KP=1.0e-4 LAMBDA=0.02)

.op
.end"
161,"*SPICE Netlist for circuit 161
R2 0 2 1k
V1 2 0 5V
M1 3 1 2 2 NMOS W=1u L=1u
R1 3 VDD 1k
.MODEL NMOS NMOS (LEVEL=1 VTO=1 KP=1.0e-4 LAMBDA=0.02)

.OP
.PRINT OP V(1) V(2) V(3) V(VDD) I(V1)
.END","In the given SPICE netlist, what is the DC voltage at node 3?
A. 0 V
B. 9.645 V
C. 4.823 V
D. -5 mV",C,"*SPICE Netlist for circuit 161
R2 0 2 1k
V1 2 0 5V
M1 3 1 2 2 NMOS W=1u L=1u
R1 3 VDD 1k
.MODEL NMOS NMOS (LEVEL=1 VTO=1 KP=1.0e-4 LAMBDA=0.02)

.OP
.PRINT OP V(1) V(2) V(3) V(VDD) I(V1)
.END"
429,"R1 R N1 N2 NA
C1 C N2 0 NA",2. What is the DC current drawn from the voltage source V1?,2. I(V1) = -2.00e-11 A,"Simple RC circuit

R1 N1 N2 1k
C1 N2 0 1n

VDD VDD 0 DC 5

.op
.end"
163,"*SPICE Netlist for circuit 163
V1 4 0 5V
M2 4 3 0 0 NMOS W=1u L=1u
M3 6 1 VDD VDD PMOS W=1u L=1u
M1 6 2 4 4 NMOS W=1u L=1u
.MODEL NMOS NMOS (LEVEL=1 VTO=1 KP=1.0e-4 LAMBDA=0.02)
.MODEL PMOS PMOS (LEVEL=1 VTO=1 KP=1.0e-4 LAMBDA=0.02)

.OP
.PRINT OP V(1) V(2) V(3) V(4) V(6) V(VDD) I(V1)
.END","In the given SPICE netlist, what is the DC voltage at node 6?
A. 9.645 V
B. 0 V
C. 2.411 V
D. 4.823 V",D,"*SPICE Netlist for circuit 163
V1 4 0 5V
M2 4 3 0 0 NMOS W=1u L=1u
M3 6 1 VDD VDD PMOS W=1u L=1u
M1 6 2 4 4 NMOS W=1u L=1u
.MODEL NMOS NMOS (LEVEL=1 VTO=1 KP=1.0e-4 LAMBDA=0.02)
.MODEL PMOS PMOS (LEVEL=1 VTO=1 KP=1.0e-4 LAMBDA=0.02)

.OP
.PRINT OP V(1) V(2) V(3) V(4) V(6) V(VDD) I(V1)
.END"
164,"*SPICE Netlist for circuit 164
I1 VDD 3 DC 1mA
V1 6 0 5V
M1 6 1 3 3 NMOS W=1u L=1u
M2 3 2 0 0 NMOS W=1u L=1u
.MODEL NMOS NMOS (LEVEL=1 VTO=1 KP=1.0e-4 LAMBDA=0.02)

.OP
.PRINT OP V(1) V(2) V(3) V(6) V(VDD) I(V1)
.END","In the given SPICE netlist, what is the DC voltage at node 3?
A. -1 mV
B. 0 V
C. 5.655 V
D. 5 V",C,"*SPICE Netlist for circuit 164
I1 VDD 3 DC 1mA
V1 6 0 5V
M1 6 1 3 3 NMOS W=1u L=1u
M2 3 2 0 0 NMOS W=1u L=1u
.MODEL NMOS NMOS (LEVEL=1 VTO=1 KP=1.0e-4 LAMBDA=0.02)

.OP
.PRINT OP V(1) V(2) V(3) V(6) V(VDD) I(V1)
.END"
164,"*SPICE Netlist for circuit 164
I1 VDD 3 DC 1mA
V1 6 0 5V
M1 6 1 3 3 NMOS W=1u L=1u
M2 3 2 0 0 NMOS W=1u L=1u
.MODEL NMOS NMOS (LEVEL=1 VTO=1 KP=1.0e-4 LAMBDA=0.02)

.OP
.PRINT OP V(1) V(2) V(3) V(6) V(VDD) I(V1)
.END","In the given SPICE netlist, what is the DC current through V1?
A. 0 A
B. 5 A
C. 5.655 A
D. 1 mA",D,"*SPICE Netlist for circuit 164
I1 VDD 3 DC 1mA
V1 6 0 5V
M1 6 1 3 3 NMOS W=1u L=1u
M2 3 2 0 0 NMOS W=1u L=1u
.MODEL NMOS NMOS (LEVEL=1 VTO=1 KP=1.0e-4 LAMBDA=0.02)

.OP
.PRINT OP V(1) V(2) V(3) V(6) V(VDD) I(V1)
.END"
165,"*SPICE Netlist for circuit 165
V1 1 0 5V
M1 1 2 0 0 NMOS W=1u L=1u
R1 2 1 1k
M2 1 2 VDD VDD PMOS W=1u L=1u
.MODEL NMOS NMOS (LEVEL=1 VTO=1 KP=1.0e-4 LAMBDA=0.02)
.MODEL PMOS PMOS (LEVEL=1 VTO=1 KP=1.0e-4 LAMBDA=0.02)

.OP
.PRINT OP V(1) V(2) V(VDD) I(V1)
.END","In the given SPICE netlist, what is the DC voltage at node 2?
A. -880 µV
B. 2.5 V
C. 5 V
D. 10 V",C,"*SPICE Netlist for circuit 165
V1 1 0 5V
M1 1 2 0 0 NMOS W=1u L=1u
R1 2 1 1k
M2 1 2 VDD VDD PMOS W=1u L=1u
.MODEL NMOS NMOS (LEVEL=1 VTO=1 KP=1.0e-4 LAMBDA=0.02)
.MODEL PMOS PMOS (LEVEL=1 VTO=1 KP=1.0e-4 LAMBDA=0.02)

.OP
.PRINT OP V(1) V(2) V(VDD) I(V1)
.END"
165,"*SPICE Netlist for circuit 165
V1 1 0 5V
M1 1 2 0 0 NMOS W=1u L=1u
R1 2 1 1k
M2 1 2 VDD VDD PMOS W=1u L=1u
.MODEL NMOS NMOS (LEVEL=1 VTO=1 KP=1.0e-4 LAMBDA=0.02)
.MODEL PMOS PMOS (LEVEL=1 VTO=1 KP=1.0e-4 LAMBDA=0.02)

.OP
.PRINT OP V(1) V(2) V(VDD) I(V1)
.END","In the given SPICE netlist, what is the DC current through V1?
A. 5 A
B. -880 µA
C. -440 µA
D. -1.76 mA",B,"*SPICE Netlist for circuit 165
V1 1 0 5V
M1 1 2 0 0 NMOS W=1u L=1u
R1 2 1 1k
M2 1 2 VDD VDD PMOS W=1u L=1u
.MODEL NMOS NMOS (LEVEL=1 VTO=1 KP=1.0e-4 LAMBDA=0.02)
.MODEL PMOS PMOS (LEVEL=1 VTO=1 KP=1.0e-4 LAMBDA=0.02)

.OP
.PRINT OP V(1) V(2) V(VDD) I(V1)
.END"
180,"*SPICE Netlist for circuit 180
I1 3 0 DC 1mA
M2 2 5 0 0 NMOS W=1u L=1u
M1 VDD 2 3 3 NMOS W=1u L=1u
M3 2 3 VDD VDD NMOS W=1u L=1u
.MODEL NMOS NMOS (LEVEL=1 VTO=1 KP=1.0e-4 LAMBDA=0.02)

.OP
.PRINT OP V(2) V(3) V(5) V(VDD)
.END","In the given SPICE netlist, what is the DC voltage at node 2?
A. 0 V
B. -1.243 V
C. -310.9 mV
D. -621.7 mV",D,"*SPICE Netlist for circuit 180
I1 3 0 DC 1mA
M2 2 5 0 0 NMOS W=1u L=1u
M1 VDD 2 3 3 NMOS W=1u L=1u
M3 2 3 VDD VDD NMOS W=1u L=1u
.MODEL NMOS NMOS (LEVEL=1 VTO=1 KP=1.0e-4 LAMBDA=0.02)

.OP
.PRINT OP V(2) V(3) V(5) V(VDD)
.END"
200,"*SPICE Netlist for circuit 200
M1 1 0 3 3 NMOS W=1u L=1u
V1 4 0 5V
R1 1 VDD 1k
R2 4 3 1k
.MODEL NMOS NMOS (LEVEL=1 VTO=1 KP=1.0e-4 LAMBDA=0.02)

.OP
.PRINT OP V(1) V(3) V(4) V(VDD) I(V1)
.END","In the given SPICE netlist, what is the DC voltage at node 1?
A. 4.99 V
B. 9.98 V
C. 0 V
D. 2.495 V",A,"*SPICE Netlist for circuit 200
M1 1 0 3 3 NMOS W=1u L=1u
V1 4 0 5V
R1 1 VDD 1k
R2 4 3 1k
.MODEL NMOS NMOS (LEVEL=1 VTO=1 KP=1.0e-4 LAMBDA=0.02)

.OP
.PRINT OP V(1) V(3) V(4) V(VDD) I(V1)
.END"
76,"I1 I N1 0 NA
V1 V N1 0 NA
I2 I N2 N1 gmV1
I3 I N2 N1 gmbVbs
ZL R N2 0 NA","2. At t = 100 ns, what is the current through the voltage source V1?",2. I(V1) = 2 mA,"MOSFET small-signal circuit with gm and gmb

* Input current source I1: Ix from node I to N1
I1 I N1 DC 1m

* Input voltage source V1: Vx from V to N1
V1 V N1 DC 5

* gm*V1 implemented as a voltage-controlled current source from N2 to N1
Ggm N2 N1 V N1 1

* gmb*Vbs implemented as a voltage-controlled current source from N2 to N1
* Here bulk-source voltage Vbs is modeled as (V - N1) for illustration
Ggmb N2 N1 V N1 1

* Load impedance ZL modeled as resistor from N2 to ground
RZL N2 0 1k

* Default DC supply
VDD VDD 0 DC 5

.op
.end"
202,"*SPICE Netlist for circuit 202
I1 1 0 DC 1mA
V2 6 0 5V
V1 8 0 5V

.OP
.PRINT OP V(1) V(6) V(8) I(V2) I(V1)
.END","In the given SPICE netlist, what is the DC voltage at node 1?
A. -2 mV
B. 0 V
C. 5 V
D. -1 mV",D,"*SPICE Netlist for circuit 202
I1 1 0 DC 1mA
V2 6 0 5V
V1 8 0 5V

.OP
.PRINT OP V(1) V(6) V(8) I(V2) I(V1)
.END"
229,"*SPICE Netlist for circuit 229
I1 1 8 DC 1mA
M2 2 6 1 1 NMOS W=1u L=1u
M1 3 7 1 1 NMOS W=1u L=1u
R1 2 VDD 1k
R2 3 VDD 1k
.MODEL NMOS NMOS (LEVEL=1 VTO=1 KP=1.0e-4 LAMBDA=0.02)

.OP
.PRINT OP V(1) V(2) V(3) V(6) V(7) V(8) V(VDD)
.END","In the given SPICE netlist, what is the DC voltage at node 8?
A. 2 mV
B. 500 µV
C. 1 mV
D. 0 V",C,"*SPICE Netlist for circuit 229
I1 1 8 DC 1mA
M2 2 6 1 1 NMOS W=1u L=1u
M1 3 7 1 1 NMOS W=1u L=1u
R1 2 VDD 1k
R2 3 VDD 1k
.MODEL NMOS NMOS (LEVEL=1 VTO=1 KP=1.0e-4 LAMBDA=0.02)

.OP
.PRINT OP V(1) V(2) V(3) V(6) V(7) V(8) V(VDD)
.END"
252,"*SPICE Netlist for circuit 252
I1 VDD 1 DC 1mA
M1 1 4 0 0 NMOS W=1u L=1u
M2 1 1 VDD VDD PMOS W=1u L=1u
.MODEL NMOS NMOS (LEVEL=1 VTO=1 KP=1.0e-4 LAMBDA=0.02)
.MODEL PMOS PMOS (LEVEL=1 VTO=1 KP=1.0e-4 LAMBDA=0.02)

.OP
.PRINT OP V(1) V(4) V(VDD)
.END","In the given SPICE netlist, what is the DC voltage at node 1?
A. -439.3 mV
B. 0 V
C. 214.6 mV
D. 429.3 mV",C,"*SPICE Netlist for circuit 252
I1 VDD 1 DC 1mA
M1 1 4 0 0 NMOS W=1u L=1u
M2 1 1 VDD VDD PMOS W=1u L=1u
.MODEL NMOS NMOS (LEVEL=1 VTO=1 KP=1.0e-4 LAMBDA=0.02)
.MODEL PMOS PMOS (LEVEL=1 VTO=1 KP=1.0e-4 LAMBDA=0.02)

.OP
.PRINT OP V(1) V(4) V(VDD)
.END"
254,"*SPICE Netlist for circuit 254
I1 VDD 3 DC 1mA
M4 5 1 VDD VDD PMOS W=1u L=1u
M1 3 3 0 0 NMOS W=1u L=1u
M2 1 3 0 0 NMOS W=1u L=1u
M3 1 1 VDD VDD NMOS W=1u L=1u
.MODEL NMOS NMOS (LEVEL=1 VTO=1 KP=1.0e-4 LAMBDA=0.02)
.MODEL PMOS PMOS (LEVEL=1 VTO=1 KP=1.0e-4 LAMBDA=0.02)

.OP
.PRINT OP V(1) V(3) V(5) V(VDD)
.END","In the given SPICE netlist, what is the DC voltage at node 1?
A. 5.254 V
B. -5.9 V
C. -645.9 mV
D. -1.292 V",C,"*SPICE Netlist for circuit 254
I1 VDD 3 DC 1mA
M4 5 1 VDD VDD PMOS W=1u L=1u
M1 3 3 0 0 NMOS W=1u L=1u
M2 1 3 0 0 NMOS W=1u L=1u
M3 1 1 VDD VDD NMOS W=1u L=1u
.MODEL NMOS NMOS (LEVEL=1 VTO=1 KP=1.0e-4 LAMBDA=0.02)
.MODEL PMOS PMOS (LEVEL=1 VTO=1 KP=1.0e-4 LAMBDA=0.02)

.OP
.PRINT OP V(1) V(3) V(5) V(VDD)
.END"
254,"*SPICE Netlist for circuit 254
I1 VDD 3 DC 1mA
M4 5 1 VDD VDD PMOS W=1u L=1u
M1 3 3 0 0 NMOS W=1u L=1u
M2 1 3 0 0 NMOS W=1u L=1u
M3 1 1 VDD VDD NMOS W=1u L=1u
.MODEL NMOS NMOS (LEVEL=1 VTO=1 KP=1.0e-4 LAMBDA=0.02)
.MODEL PMOS PMOS (LEVEL=1 VTO=1 KP=1.0e-4 LAMBDA=0.02)

.OP
.PRINT OP V(1) V(3) V(5) V(VDD)
.END","In the given SPICE netlist, what is the DC voltage at node 3?
A. -5.9 V
B. -645.9 mV
C. 10.51 V
D. 5.254 V",D,"*SPICE Netlist for circuit 254
I1 VDD 3 DC 1mA
M4 5 1 VDD VDD PMOS W=1u L=1u
M1 3 3 0 0 NMOS W=1u L=1u
M2 1 3 0 0 NMOS W=1u L=1u
M3 1 1 VDD VDD NMOS W=1u L=1u
.MODEL NMOS NMOS (LEVEL=1 VTO=1 KP=1.0e-4 LAMBDA=0.02)
.MODEL PMOS PMOS (LEVEL=1 VTO=1 KP=1.0e-4 LAMBDA=0.02)

.OP
.PRINT OP V(1) V(3) V(5) V(VDD)
.END"
254,"*SPICE Netlist for circuit 254
I1 VDD 3 DC 1mA
M4 5 1 VDD VDD PMOS W=1u L=1u
M1 3 3 0 0 NMOS W=1u L=1u
M2 1 3 0 0 NMOS W=1u L=1u
M3 1 1 VDD VDD NMOS W=1u L=1u
.MODEL NMOS NMOS (LEVEL=1 VTO=1 KP=1.0e-4 LAMBDA=0.02)
.MODEL PMOS PMOS (LEVEL=1 VTO=1 KP=1.0e-4 LAMBDA=0.02)

.OP
.PRINT OP V(1) V(3) V(5) V(VDD)
.END","In the given SPICE netlist, what is the DC voltage at node 5?
A. -645.9 mV
B. 5.254 V
C. -5.9 V
D. -11.8 V",C,"*SPICE Netlist for circuit 254
I1 VDD 3 DC 1mA
M4 5 1 VDD VDD PMOS W=1u L=1u
M1 3 3 0 0 NMOS W=1u L=1u
M2 1 3 0 0 NMOS W=1u L=1u
M3 1 1 VDD VDD NMOS W=1u L=1u
.MODEL NMOS NMOS (LEVEL=1 VTO=1 KP=1.0e-4 LAMBDA=0.02)
.MODEL PMOS PMOS (LEVEL=1 VTO=1 KP=1.0e-4 LAMBDA=0.02)

.OP
.PRINT OP V(1) V(3) V(5) V(VDD)
.END"
257,"*SPICE Netlist for circuit 257
I1 VDD 3 DC 1mA
M3 VDD 3 6 6 NMOS W=1u L=1u
M2 2 2 0 0 NMOS W=1u L=1u
M4 6 2 0 0 NMOS W=1u L=1u
M1 3 3 2 2 NMOS W=1u L=1u
.MODEL NMOS NMOS (LEVEL=1 VTO=1 KP=1.0e-4 LAMBDA=0.02)

.OP
.PRINT OP V(2) V(3) V(6) V(VDD)
.END","In the given SPICE netlist, what is the DC voltage at node 2?
A. -645.9 mV
B. 5.254 V
C. -1.273 V
D. 10.51 V",B,"*SPICE Netlist for circuit 257
I1 VDD 3 DC 1mA
M3 VDD 3 6 6 NMOS W=1u L=1u
M2 2 2 0 0 NMOS W=1u L=1u
M4 6 2 0 0 NMOS W=1u L=1u
M1 3 3 2 2 NMOS W=1u L=1u
.MODEL NMOS NMOS (LEVEL=1 VTO=1 KP=1.0e-4 LAMBDA=0.02)

.OP
.PRINT OP V(2) V(3) V(6) V(VDD)
.END"
74,"V1 V1 0 NA
I1 0 N1 NA
I2 N1 N2 NA
R1 N2 N1 NA
I3 N2 V1 NA","1. At t = 100 ns, what are the voltages at nodes 1 and 4?","1. V(1) = 3.00 V, V(4) = 5.00 V","MOSFET small-signal equivalent circuit

V1 V1 0 DC 5
I1 0 N1 DC 1m
I2 N1 N2 DC 1m
R1 N2 N1 1k
I3 N2 V1 DC 1m

VDD VDD 0 DC 5

.op
.end"
257,"*SPICE Netlist for circuit 257
I1 VDD 3 DC 1mA
M3 VDD 3 6 6 NMOS W=1u L=1u
M2 2 2 0 0 NMOS W=1u L=1u
M4 6 2 0 0 NMOS W=1u L=1u
M1 3 3 2 2 NMOS W=1u L=1u
.MODEL NMOS NMOS (LEVEL=1 VTO=1 KP=1.0e-4 LAMBDA=0.02)

.OP
.PRINT OP V(2) V(3) V(6) V(VDD)
.END","In the given SPICE netlist, what is the DC voltage at node 6?
A. -1.273 V
B. 5.254 V
C. -645.9 mV
D. 10.51 V",C,"*SPICE Netlist for circuit 257
I1 VDD 3 DC 1mA
M3 VDD 3 6 6 NMOS W=1u L=1u
M2 2 2 0 0 NMOS W=1u L=1u
M4 6 2 0 0 NMOS W=1u L=1u
M1 3 3 2 2 NMOS W=1u L=1u
.MODEL NMOS NMOS (LEVEL=1 VTO=1 KP=1.0e-4 LAMBDA=0.02)

.OP
.PRINT OP V(2) V(3) V(6) V(VDD)
.END"
103,"R1 R N1 N2 NA
R2 R N2 0 NA
V1 V N1 0 NA",1. What are the DC voltages at nodes 1 and 3?,"1. V(1) = 2.5 V, V(3) = 5.0 V","MOSFET small-signal equivalent circuit

R1 N1 N2 1k
R2 N2 0 1k
V1 N1 0 DC 5
.op
.end"
259,"*SPICE Netlist for circuit 259
I1 VDD 4 DC 1mA
M3 1 4 7 7 NMOS W=1u L=1u
M2 3 3 0 0 NMOS W=1u L=1u
M4 7 3 0 0 NMOS W=1u L=1u
M1 4 4 3 3 NMOS W=1u L=1u
.MODEL NMOS NMOS (LEVEL=1 VTO=1 KP=1.0e-4 LAMBDA=0.02)

.OP
.PRINT OP V(1) V(3) V(4) V(7) V(VDD)
.END","In the given SPICE netlist, what is the DC voltage at node 4?
A. -1 mV
B. 0 V
C. 10.51 V
D. 5.254 V",C,"*SPICE Netlist for circuit 259
I1 VDD 4 DC 1mA
M3 1 4 7 7 NMOS W=1u L=1u
M2 3 3 0 0 NMOS W=1u L=1u
M4 7 3 0 0 NMOS W=1u L=1u
M1 4 4 3 3 NMOS W=1u L=1u
.MODEL NMOS NMOS (LEVEL=1 VTO=1 KP=1.0e-4 LAMBDA=0.02)

.OP
.PRINT OP V(1) V(3) V(4) V(7) V(VDD)
.END"
606,"R1 R Vin N1 NA
R2 R N1 Vout NA
V1 V Vin 0 NA",1. What is the voltage at node 4 when the swept voltage V1 is 3.0 V?,"1. When V1 is 3.0 V, the voltage at node 4 (V(4)) is 3.0 V.","MOSFET feedback amplifier circuit

R1 Vin N1 1k
R2 N1 Vout 1k
V1 Vin 0 DC 5

.model NMOS NMOS (LEVEL=1 VTO=1 KP=1.0e-4 LAMBDA=0.02)
.model PMOS PMOS (LEVEL=1 VTO=1 KP=1.0e-4 LAMBDA=0.02)

.op
.end"
260,"*SPICE Netlist for circuit 260
I1 VDD 3 DC 1mA
M3 7 3 8 8 NMOS W=1u L=1u
V1 7 0 5V
M2 2 2 0 0 NMOS W=1u L=1u
M4 8 2 0 0 NMOS W=1u L=1u
M1 3 3 2 2 NMOS W=1u L=1u
.MODEL NMOS NMOS (LEVEL=1 VTO=1 KP=1.0e-4 LAMBDA=0.02)

.OP
.PRINT OP V(2) V(3) V(7) V(8) V(VDD) I(V1)
.END","In the given SPICE netlist, what is the DC voltage at node 8?
A. -1 mV
B. 3.333 V
C. 10.51 V
D. 5.254 V",B,"*SPICE Netlist for circuit 260
I1 VDD 3 DC 1mA
M3 7 3 8 8 NMOS W=1u L=1u
V1 7 0 5V
M2 2 2 0 0 NMOS W=1u L=1u
M4 8 2 0 0 NMOS W=1u L=1u
M1 3 3 2 2 NMOS W=1u L=1u
.MODEL NMOS NMOS (LEVEL=1 VTO=1 KP=1.0e-4 LAMBDA=0.02)

.OP
.PRINT OP V(2) V(3) V(7) V(8) V(VDD) I(V1)
.END"
260,"*SPICE Netlist for circuit 260
I1 VDD 3 DC 1mA
M3 7 3 8 8 NMOS W=1u L=1u
V1 7 0 5V
M2 2 2 0 0 NMOS W=1u L=1u
M4 8 2 0 0 NMOS W=1u L=1u
M1 3 3 2 2 NMOS W=1u L=1u
.MODEL NMOS NMOS (LEVEL=1 VTO=1 KP=1.0e-4 LAMBDA=0.02)

.OP
.PRINT OP V(2) V(3) V(7) V(8) V(VDD) I(V1)
.END","In the given SPICE netlist, what is the DC voltage at node 2?
A. 3.333 V
B. -1 mV
C. 10.51 V
D. 5.254 V",D,"*SPICE Netlist for circuit 260
I1 VDD 3 DC 1mA
M3 7 3 8 8 NMOS W=1u L=1u
V1 7 0 5V
M2 2 2 0 0 NMOS W=1u L=1u
M4 8 2 0 0 NMOS W=1u L=1u
M1 3 3 2 2 NMOS W=1u L=1u
.MODEL NMOS NMOS (LEVEL=1 VTO=1 KP=1.0e-4 LAMBDA=0.02)

.OP
.PRINT OP V(2) V(3) V(7) V(8) V(VDD) I(V1)
.END"
260,"*SPICE Netlist for circuit 260
I1 VDD 3 DC 1mA
M3 7 3 8 8 NMOS W=1u L=1u
V1 7 0 5V
M2 2 2 0 0 NMOS W=1u L=1u
M4 8 2 0 0 NMOS W=1u L=1u
M1 3 3 2 2 NMOS W=1u L=1u
.MODEL NMOS NMOS (LEVEL=1 VTO=1 KP=1.0e-4 LAMBDA=0.02)

.OP
.PRINT OP V(2) V(3) V(7) V(8) V(VDD) I(V1)
.END","In the given SPICE netlist, what is the DC voltage at node 3?
A. -1 mV
B. 10.51 V
C. 3.333 V
D. 5.254 V",B,"*SPICE Netlist for circuit 260
I1 VDD 3 DC 1mA
M3 7 3 8 8 NMOS W=1u L=1u
V1 7 0 5V
M2 2 2 0 0 NMOS W=1u L=1u
M4 8 2 0 0 NMOS W=1u L=1u
M1 3 3 2 2 NMOS W=1u L=1u
.MODEL NMOS NMOS (LEVEL=1 VTO=1 KP=1.0e-4 LAMBDA=0.02)

.OP
.PRINT OP V(2) V(3) V(7) V(8) V(VDD) I(V1)
.END"
261,"*SPICE Netlist for circuit 261
I1 VDD 1 DC 1mA
M1 3 3 0 0 NMOS W=1u L=1u
R1 3 1 1k
.MODEL NMOS NMOS (LEVEL=1 VTO=1 KP=1.0e-4 LAMBDA=0.02)

.OP
.PRINT OP V(1) V(3) V(VDD)
.END","In the given SPICE netlist, what is the DC voltage at node 3?
A. 10.51 V
B. 5.254 V
C. -1 mV
D. 6.254 V",B,"*SPICE Netlist for circuit 261
I1 VDD 1 DC 1mA
M1 3 3 0 0 NMOS W=1u L=1u
R1 3 1 1k
.MODEL NMOS NMOS (LEVEL=1 VTO=1 KP=1.0e-4 LAMBDA=0.02)

.OP
.PRINT OP V(1) V(3) V(VDD)
.END"
261,"*SPICE Netlist for circuit 261
I1 VDD 1 DC 1mA
M1 3 3 0 0 NMOS W=1u L=1u
R1 3 1 1k
.MODEL NMOS NMOS (LEVEL=1 VTO=1 KP=1.0e-4 LAMBDA=0.02)

.OP
.PRINT OP V(1) V(3) V(VDD)
.END","In the given SPICE netlist, what is the DC voltage at node 1?
A. -1 mV
B. 6.254 V
C. 12.51 V
D. 5.254 V",B,"*SPICE Netlist for circuit 261
I1 VDD 1 DC 1mA
M1 3 3 0 0 NMOS W=1u L=1u
R1 3 1 1k
.MODEL NMOS NMOS (LEVEL=1 VTO=1 KP=1.0e-4 LAMBDA=0.02)

.OP
.PRINT OP V(1) V(3) V(VDD)
.END"
262,"*SPICE Netlist for circuit 262
I1 VDD 3 DC 1mA
M2 4 4 0 0 NMOS W=1u L=1u
R1 1 3 1k
M1 1 3 4 4 NMOS W=1u L=1u
.MODEL NMOS NMOS (LEVEL=1 VTO=1 KP=1.0e-4 LAMBDA=0.02)

.OP
.PRINT OP V(1) V(3) V(4) V(VDD)
.END","In the given SPICE netlist, what is the DC voltage at node 3?
A. 9.546 V
B. -1 mV
C. 10.55 V
D. 5.254 V",C,"*SPICE Netlist for circuit 262
I1 VDD 3 DC 1mA
M2 4 4 0 0 NMOS W=1u L=1u
R1 1 3 1k
M1 1 3 4 4 NMOS W=1u L=1u
.MODEL NMOS NMOS (LEVEL=1 VTO=1 KP=1.0e-4 LAMBDA=0.02)

.OP
.PRINT OP V(1) V(3) V(4) V(VDD)
.END"
262,"*SPICE Netlist for circuit 262
I1 VDD 3 DC 1mA
M2 4 4 0 0 NMOS W=1u L=1u
R1 1 3 1k
M1 1 3 4 4 NMOS W=1u L=1u
.MODEL NMOS NMOS (LEVEL=1 VTO=1 KP=1.0e-4 LAMBDA=0.02)

.OP
.PRINT OP V(1) V(3) V(4) V(VDD)
.END","In the given SPICE netlist, what is the DC voltage at node 1?
A. 10.55 V
B. -1 mV
C. 9.546 V
D. 5.254 V",C,"*SPICE Netlist for circuit 262
I1 VDD 3 DC 1mA
M2 4 4 0 0 NMOS W=1u L=1u
R1 1 3 1k
M1 1 3 4 4 NMOS W=1u L=1u
.MODEL NMOS NMOS (LEVEL=1 VTO=1 KP=1.0e-4 LAMBDA=0.02)

.OP
.PRINT OP V(1) V(3) V(4) V(VDD)
.END"
14,"M1 NMOS D G S S NA
CGD C D G NA
CDB C D B NA
CGS C G S NA
CSB C S B NA
CGB C S B NA",1. What is the voltage at node 2 when the swept voltage is 3.0 V?,1. The voltage at node 2 is 3.0 V when the swept voltage is 3.0 V.,"MOSFET capacitance network

M1 D G S S NMOS
CGD C D G 1n
CDB C D B 1n
CGS C G S 1n
CSB C S B 1n
CGB C S B 1n

VDD VDD 0 DC 5

.model NMOS NMOS (LEVEL=1 VTO=1 KP=1.0e-4 LAMBDA=0.02)

.op
.end"
616,"M1 NMOS N1 Vin N2 N2 NA
M2 PMOS VDD Vb1 N1 N1 NA
M3 PMOS N4 N1 VDD VDD NA
M4 NMOS N3 N1 N2 N2 NA
RS1 R N3 Vb2 NA
RF R N3 N4 NA
RD2 R N4 0 NA
I1 I N2 0 NA",1. What are the DC voltages at nodes 5 and 3?,"1. V(5) = -6.2782 V, V(3) = -1.0000 V","MOSFET circuit

M1 N1 Vin N2 N2 NMOS
M2 VDD Vb1 N1 N1 PMOS
M3 N4 N1 VDD VDD PMOS
M4 N3 N1 N2 N2 NMOS

RS1 N3 Vb2 1k
RF N3 N4 1k
RD2 N4 0 1k

I1 N2 0 DC 1mA
VDD VDD 0 DC 5

.model NMOS NMOS (LEVEL=1 VTO=1 KP=1.0e-4 LAMBDA=0.02)
.model PMOS PMOS (LEVEL=1 VTO=1 KP=1.0e-4 LAMBDA=0.02)

.op
.end"
271,"M2 NMOS N2 N3 N1 N1 NA
R1 R N4 0 NA
R2 R N1 N2 NA
R3 R VDD N4 NA",1. What are the DC voltages at nodes 1 and 2?,"1. V(1) = 1.67 V, V(2) = 0 V","MOSFET circuit for ngSPICE

M2 N2 N3 N1 N1 NMOS
R1 N4 0 1k
R2 N1 N2 1k
R3 VDD N4 1k

VDD VDD 0 DC 5

.model NMOS NMOS (LEVEL=1 VTO=1 KP=1.0e-4 LAMBDA=0.02)
.model PMOS PMOS (LEVEL=1 VTO=1 KP=1.0e-4 LAMBDA=0.02)

.op
.end"
8,I2 I VDD N1 NA,"1. At t = 100 ns, what are the voltages at nodes `VDD` and `1`?","1. V(VDD) = -0.001 V, V(1) = 0.001 V","MOSFET circuit with current source I2

I2 VDD N1 DC 1mA

VDD_SUPPLY VDD 0 DC 5

.op
.end"
15,"M1 NMOS N3 N1 N2 N2 NA
M2 NMOS N4 N5 N3 N3 NA",1. What are the DC voltages at nodes 3 and 5?,"1. V(3) = -2.53e-11 V, V(5) = 5.00 V","Cross-coupled NMOS pair

M1 N3 N1 N2 N2 NMOS
M2 N4 N5 N3 N3 NMOS

VDD VDD 0 DC 5

.model NMOS NMOS (LEVEL=1 VTO=1 KP=1.0e-4 LAMBDA=0.02)

.op
.end"
266,"*SPICE Netlist for circuit 266
I1 VDD 1 DC 1mA
M3 5 1 0 0 NMOS W=1u L=1u
M4 6 2 0 0 NMOS W=1u L=1u
M1 1 1 5 5 NMOS W=1u L=1u
M2 2 1 6 6 NMOS W=1u L=1u
.MODEL NMOS NMOS (LEVEL=1 VTO=1 KP=1.0e-4 LAMBDA=0.02)

.OP
.PRINT OP V(1) V(2) V(5) V(6) V(VDD)
.END","In the given SPICE netlist, what is the DC voltage at node 1?
A. -1 mV
B. 7.114 V
C. 0 V
D. 1.86 V",B,"*SPICE Netlist for circuit 266
I1 VDD 1 DC 1mA
M3 5 1 0 0 NMOS W=1u L=1u
M4 6 2 0 0 NMOS W=1u L=1u
M1 1 1 5 5 NMOS W=1u L=1u
M2 2 1 6 6 NMOS W=1u L=1u
.MODEL NMOS NMOS (LEVEL=1 VTO=1 KP=1.0e-4 LAMBDA=0.02)

.OP
.PRINT OP V(1) V(2) V(5) V(6) V(VDD)
.END"
267,"*SPICE Netlist for circuit 267
I1 VDD 3 DC 1mA
V1 2 0 5V
M1 3 3 0 0 NMOS W=1u L=1u
M3 2 3 0 0 NMOS W=1u L=1u
M2 3 2 0 0 NMOS W=1u L=1u
.MODEL NMOS NMOS (LEVEL=1 VTO=1 KP=1.0e-4 LAMBDA=0.02)

.OP
.PRINT OP V(2) V(3) V(VDD) I(V1)
.END","In the given SPICE netlist, what is the DC voltage at node 3?
A. -215.5 µV
B. -1 mV
C. 5 V
D. 2.979 V",D,"*SPICE Netlist for circuit 267
I1 VDD 3 DC 1mA
V1 2 0 5V
M1 3 3 0 0 NMOS W=1u L=1u
M3 2 3 0 0 NMOS W=1u L=1u
M2 3 2 0 0 NMOS W=1u L=1u
.MODEL NMOS NMOS (LEVEL=1 VTO=1 KP=1.0e-4 LAMBDA=0.02)

.OP
.PRINT OP V(2) V(3) V(VDD) I(V1)
.END"
267,"*SPICE Netlist for circuit 267
I1 VDD 3 DC 1mA
V1 2 0 5V
M1 3 3 0 0 NMOS W=1u L=1u
M3 2 3 0 0 NMOS W=1u L=1u
M2 3 2 0 0 NMOS W=1u L=1u
.MODEL NMOS NMOS (LEVEL=1 VTO=1 KP=1.0e-4 LAMBDA=0.02)

.OP
.PRINT OP V(2) V(3) V(VDD) I(V1)
.END","In the given SPICE netlist, what is the DC current through V1?
A. 5 A
B. -215.5 µA
C. 2.979 A
D. -1 mA",B,"*SPICE Netlist for circuit 267
I1 VDD 3 DC 1mA
V1 2 0 5V
M1 3 3 0 0 NMOS W=1u L=1u
M3 2 3 0 0 NMOS W=1u L=1u
M2 3 2 0 0 NMOS W=1u L=1u
.MODEL NMOS NMOS (LEVEL=1 VTO=1 KP=1.0e-4 LAMBDA=0.02)

.OP
.PRINT OP V(2) V(3) V(VDD) I(V1)
.END"
510,"M1 NMOS N2 Vin 0 0 NA
M2 NMOS N1 Vb N2 N2 NA
RD R VDD N1 NA
RF R Vout N2 NA",1. What are the DC voltages at nodes 2 and 4 in the circuit?,"1. V(2) = 5.00 V, V(4) = 5.00 V","MOSFET amplifier with feedback

M1 N2 Vin 0 0 NMOS
M2 N1 Vb N2 N2 NMOS
RD N1 VDD 1k
RF Vout N2 1k

VDD VDD 0 DC 5

.model NMOS NMOS (LEVEL=1 VTO=1 KP=1.0e-4 LAMBDA=0.02)

.op
.end"
283,"*SPICE Netlist for circuit 283
V1 3 0 5V
M1 3 0 5 5 NMOS W=1u L=1u
M2 1 0 5 5 NMOS W=1u L=1u
M3 1 1 VDD VDD NMOS W=1u L=1u
M4 3 1 VDD VDD PMOS W=1u L=1u
.MODEL NMOS NMOS (LEVEL=1 VTO=1 KP=1.0e-4 LAMBDA=0.02)
.MODEL PMOS PMOS (LEVEL=1 VTO=1 KP=1.0e-4 LAMBDA=0.02)

.OP
.PRINT OP V(1) V(3) V(5) V(VDD) I(V1)
.END","In the given SPICE netlist, what is the DC voltage at node 1?
A. 10 V
B. 0 V
C. 2.5 V
D. 5 V",D,"*SPICE Netlist for circuit 283
V1 3 0 5V
M1 3 0 5 5 NMOS W=1u L=1u
M2 1 0 5 5 NMOS W=1u L=1u
M3 1 1 VDD VDD NMOS W=1u L=1u
M4 3 1 VDD VDD PMOS W=1u L=1u
.MODEL NMOS NMOS (LEVEL=1 VTO=1 KP=1.0e-4 LAMBDA=0.02)
.MODEL PMOS PMOS (LEVEL=1 VTO=1 KP=1.0e-4 LAMBDA=0.02)

.OP
.PRINT OP V(1) V(3) V(5) V(VDD) I(V1)
.END"
283,"*SPICE Netlist for circuit 283
V1 3 0 5V
M1 3 0 5 5 NMOS W=1u L=1u
M2 1 0 5 5 NMOS W=1u L=1u
M3 1 1 VDD VDD NMOS W=1u L=1u
M4 3 1 VDD VDD PMOS W=1u L=1u
.MODEL NMOS NMOS (LEVEL=1 VTO=1 KP=1.0e-4 LAMBDA=0.02)
.MODEL PMOS PMOS (LEVEL=1 VTO=1 KP=1.0e-4 LAMBDA=0.02)

.OP
.PRINT OP V(1) V(3) V(5) V(VDD) I(V1)
.END","In the given SPICE netlist, what is the DC voltage at node 5?
A. 5.001 V
B. 2.5 V
C. 0 V
D. 10 V",A,"*SPICE Netlist for circuit 283
V1 3 0 5V
M1 3 0 5 5 NMOS W=1u L=1u
M2 1 0 5 5 NMOS W=1u L=1u
M3 1 1 VDD VDD NMOS W=1u L=1u
M4 3 1 VDD VDD PMOS W=1u L=1u
.MODEL NMOS NMOS (LEVEL=1 VTO=1 KP=1.0e-4 LAMBDA=0.02)
.MODEL PMOS PMOS (LEVEL=1 VTO=1 KP=1.0e-4 LAMBDA=0.02)

.OP
.PRINT OP V(1) V(3) V(5) V(VDD) I(V1)
.END"
284,"*SPICE Netlist for circuit 284
V1 1 0 5V
R1 2 0 1k
M1 1 2 0 0 PMOS W=1u L=1u
R2 2 1 1k
.MODEL PMOS PMOS (LEVEL=1 VTO=1 KP=1.0e-4 LAMBDA=0.02)

.OP
.PRINT OP V(1) V(2) I(V1)
.END","In the given SPICE netlist, what is the DC voltage at node 2?
A. 5 V
B. 1.25 V
C. -2.5 V
D. 2.5 V",D,"*SPICE Netlist for circuit 284
V1 1 0 5V
R1 2 0 1k
M1 1 2 0 0 PMOS W=1u L=1u
R2 2 1 1k
.MODEL PMOS PMOS (LEVEL=1 VTO=1 KP=1.0e-4 LAMBDA=0.02)

.OP
.PRINT OP V(1) V(2) I(V1)
.END"
300,"*SPICE Netlist for circuit 300
C1 6 1 1nF
I1 VDD 2 DC 1mA
M2 4 1 0 0 NMOS W=1u L=1u
M1 2 2 0 0 NMOS W=1u L=1u
R2 2 1 1k
R1 4 VDD 1k
.MODEL NMOS NMOS (LEVEL=1 VTO=1 KP=1.0e-4 LAMBDA=0.02)

.OP
.PRINT OP V(1) V(2) V(4) V(6) V(VDD)
.END","In the given SPICE netlist, what is the DC voltage at node 4?
A. 5.254 V
B. -1.646 V
C. -645.9 mV
D. -1.292 V",C,"*SPICE Netlist for circuit 300
C1 6 1 1nF
I1 VDD 2 DC 1mA
M2 4 1 0 0 NMOS W=1u L=1u
M1 2 2 0 0 NMOS W=1u L=1u
R2 2 1 1k
R1 4 VDD 1k
.MODEL NMOS NMOS (LEVEL=1 VTO=1 KP=1.0e-4 LAMBDA=0.02)

.OP
.PRINT OP V(1) V(2) V(4) V(6) V(VDD)
.END"
300,"*SPICE Netlist for circuit 300
C1 6 1 1nF
I1 VDD 2 DC 1mA
M2 4 1 0 0 NMOS W=1u L=1u
M1 2 2 0 0 NMOS W=1u L=1u
R2 2 1 1k
R1 4 VDD 1k
.MODEL NMOS NMOS (LEVEL=1 VTO=1 KP=1.0e-4 LAMBDA=0.02)

.OP
.PRINT OP V(1) V(2) V(4) V(6) V(VDD)
.END","In the given SPICE netlist, what is the DC voltage at node 2?
A. -645.9 mV
B. 5.254 V
C. -1.646 V
D. 10.51 V",B,"*SPICE Netlist for circuit 300
C1 6 1 1nF
I1 VDD 2 DC 1mA
M2 4 1 0 0 NMOS W=1u L=1u
M1 2 2 0 0 NMOS W=1u L=1u
R2 2 1 1k
R1 4 VDD 1k
.MODEL NMOS NMOS (LEVEL=1 VTO=1 KP=1.0e-4 LAMBDA=0.02)

.OP
.PRINT OP V(1) V(2) V(4) V(6) V(VDD)
.END"
102,"M1 NMOS VDD N1 N2 N2 NA
I1 I N2 0 NA
V1 V N2 0 NA",2. What is the DC current through the voltage source V1?,2. I(V1) = -3.5447e-27 A.,"MOSFET circuit from schema
M1 VDD N1 N2 N2 NMOS
I1 I N2 0 DC 1mA
V1 V N2 0 DC 5
VDD VDD 0 DC 5
.model NMOS NMOS (LEVEL=1 VTO=1 KP=1.0e-4 LAMBDA=0.02)
.model PMOS PMOS (LEVEL=1 VTO=1 KP=1.0e-4 LAMBDA=0.02)
.op
.end"
301,"*SPICE Netlist for circuit 301
C1 7 2 1nF
I1 VDD 3 DC 1mA
M3 5 2 0 0 NMOS W=1u L=1u
M1 3 3 0 0 NMOS W=1u L=1u
M2 3 1 2 2 NMOS W=1u L=1u
R1 5 VDD 1k
.MODEL NMOS NMOS (LEVEL=1 VTO=1 KP=1.0e-4 LAMBDA=0.02)

.OP
.PRINT OP V(1) V(2) V(3) V(5) V(7) V(VDD)
.END","In the given SPICE netlist, what is the DC voltage at node 5?
A. 1.755 V
B. 0 V
C. -653.2 mV
D. 5.254 V",C,"*SPICE Netlist for circuit 301
C1 7 2 1nF
I1 VDD 3 DC 1mA
M3 5 2 0 0 NMOS W=1u L=1u
M1 3 3 0 0 NMOS W=1u L=1u
M2 3 1 2 2 NMOS W=1u L=1u
R1 5 VDD 1k
.MODEL NMOS NMOS (LEVEL=1 VTO=1 KP=1.0e-4 LAMBDA=0.02)

.OP
.PRINT OP V(1) V(2) V(3) V(5) V(7) V(VDD)
.END"
111,"M1 NMOS N_VOUT N_X 0 0 NA
M2 PMOS VDD N_VOUT VDD VDD NA
M3 PMOS VDD VIN N_X N_X NA
I1 I N_M1S 0 NA
I2 I 0 N_X NA
C1 C N_M1S 0 NA",1. What are the DC voltages at nodes 1 and 4?,"1. V(1) = -20.6551 V, V(4) = -20.0000 V","MOSFET Circuit Netlist
M1 N_VOUT N_X 0 0 NMOS
M2 VDD N_VOUT VDD VDD PMOS
M3 VDD VIN N_X N_X PMOS
I1 N_M1S 0 DC 1m
I2 0 N_X DC 1m
C1 N_M1S 0 1n
VDD_SRC VDD 0 DC 5

.model NMOS NMOS (LEVEL=1 VTO=1 KP=1.0e-4 LAMBDA=0.02)
.model PMOS PMOS (LEVEL=1 VTO=1 KP=1.0e-4 LAMBDA=0.02)

.op
.end"
301,"*SPICE Netlist for circuit 301
C1 7 2 1nF
I1 VDD 3 DC 1mA
M3 5 2 0 0 NMOS W=1u L=1u
M1 3 3 0 0 NMOS W=1u L=1u
M2 3 1 2 2 NMOS W=1u L=1u
R1 5 VDD 1k
.MODEL NMOS NMOS (LEVEL=1 VTO=1 KP=1.0e-4 LAMBDA=0.02)

.OP
.PRINT OP V(1) V(2) V(3) V(5) V(7) V(VDD)
.END","In the given SPICE netlist, what is the DC voltage at node 3?
A. 1.755 V
B. 5.254 V
C. 0 V
D. -653.2 mV",B,"*SPICE Netlist for circuit 301
C1 7 2 1nF
I1 VDD 3 DC 1mA
M3 5 2 0 0 NMOS W=1u L=1u
M1 3 3 0 0 NMOS W=1u L=1u
M2 3 1 2 2 NMOS W=1u L=1u
R1 5 VDD 1k
.MODEL NMOS NMOS (LEVEL=1 VTO=1 KP=1.0e-4 LAMBDA=0.02)

.OP
.PRINT OP V(1) V(2) V(3) V(5) V(7) V(VDD)
.END"
302,"*SPICE Netlist for circuit 302
C1 8 1 1nF
I1 VDD 2 DC 1mA
M4 5 1 0 0 NMOS W=1u L=1u
M2 3 3 0 0 NMOS W=1u L=1u
M3 3 2 1 1 NMOS W=1u L=1u
M1 2 2 3 3 NMOS W=1u L=1u
R1 5 VDD 1k
.MODEL NMOS NMOS (LEVEL=1 VTO=1 KP=1.0e-4 LAMBDA=0.02)

.OP
.PRINT OP V(1) V(2) V(3) V(5) V(8) V(VDD)
.END","In the given SPICE netlist, what is the DC voltage at node 3?
A. 5.254 V
B. 10.51 V
C. -645.9 mV
D. -1.646 V",A,"*SPICE Netlist for circuit 302
C1 8 1 1nF
I1 VDD 2 DC 1mA
M4 5 1 0 0 NMOS W=1u L=1u
M2 3 3 0 0 NMOS W=1u L=1u
M3 3 2 1 1 NMOS W=1u L=1u
M1 2 2 3 3 NMOS W=1u L=1u
R1 5 VDD 1k
.MODEL NMOS NMOS (LEVEL=1 VTO=1 KP=1.0e-4 LAMBDA=0.02)

.OP
.PRINT OP V(1) V(2) V(3) V(5) V(8) V(VDD)
.END"
302,"*SPICE Netlist for circuit 302
C1 8 1 1nF
I1 VDD 2 DC 1mA
M4 5 1 0 0 NMOS W=1u L=1u
M2 3 3 0 0 NMOS W=1u L=1u
M3 3 2 1 1 NMOS W=1u L=1u
M1 2 2 3 3 NMOS W=1u L=1u
R1 5 VDD 1k
.MODEL NMOS NMOS (LEVEL=1 VTO=1 KP=1.0e-4 LAMBDA=0.02)

.OP
.PRINT OP V(1) V(2) V(3) V(5) V(8) V(VDD)
.END","In the given SPICE netlist, what is the DC voltage at node 8?
A. -645.9 mV
B. -1.646 V
C. 10.51 V
D. 5.254 V",D,"*SPICE Netlist for circuit 302
C1 8 1 1nF
I1 VDD 2 DC 1mA
M4 5 1 0 0 NMOS W=1u L=1u
M2 3 3 0 0 NMOS W=1u L=1u
M3 3 2 1 1 NMOS W=1u L=1u
M1 2 2 3 3 NMOS W=1u L=1u
R1 5 VDD 1k
.MODEL NMOS NMOS (LEVEL=1 VTO=1 KP=1.0e-4 LAMBDA=0.02)

.OP
.PRINT OP V(1) V(2) V(3) V(5) V(8) V(VDD)
.END"
302,"*SPICE Netlist for circuit 302
C1 8 1 1nF
I1 VDD 2 DC 1mA
M4 5 1 0 0 NMOS W=1u L=1u
M2 3 3 0 0 NMOS W=1u L=1u
M3 3 2 1 1 NMOS W=1u L=1u
M1 2 2 3 3 NMOS W=1u L=1u
R1 5 VDD 1k
.MODEL NMOS NMOS (LEVEL=1 VTO=1 KP=1.0e-4 LAMBDA=0.02)

.OP
.PRINT OP V(1) V(2) V(3) V(5) V(8) V(VDD)
.END","In the given SPICE netlist, what is the DC voltage at node 2?
A. 10.51 V
B. -645.9 mV
C. -1.646 V
D. 5.254 V",A,"*SPICE Netlist for circuit 302
C1 8 1 1nF
I1 VDD 2 DC 1mA
M4 5 1 0 0 NMOS W=1u L=1u
M2 3 3 0 0 NMOS W=1u L=1u
M3 3 2 1 1 NMOS W=1u L=1u
M1 2 2 3 3 NMOS W=1u L=1u
R1 5 VDD 1k
.MODEL NMOS NMOS (LEVEL=1 VTO=1 KP=1.0e-4 LAMBDA=0.02)

.OP
.PRINT OP V(1) V(2) V(3) V(5) V(8) V(VDD)
.END"
305,"*SPICE Netlist for circuit 305
C1 8 1 1nF
I1 VDD 3 DC 1mA
I2 4 0 DC 1mA
M2 6 1 0 0 NMOS W=1u L=1u
M1 3 3 0 0 NMOS W=1u L=1u
R1 3 1 1k
M3 4 4 9 9 PMOS W=1u L=1u
M4 6 4 9 9 PMOS W=1u L=1u
.MODEL NMOS NMOS (LEVEL=1 VTO=1 KP=1.0e-4 LAMBDA=0.02)
.MODEL PMOS PMOS (LEVEL=1 VTO=1 KP=1.0e-4 LAMBDA=0.02)

.OP
.PRINT OP V(1) V(3) V(4) V(6) V(8) V(9) V(VDD)
.END","In the given SPICE netlist, what is the DC voltage at node 1?
A. -1.291 V
B. -645.9 mV
C. 5.254 V
D. -4.731 V",C,"*SPICE Netlist for circuit 305
C1 8 1 1nF
I1 VDD 3 DC 1mA
I2 4 0 DC 1mA
M2 6 1 0 0 NMOS W=1u L=1u
M1 3 3 0 0 NMOS W=1u L=1u
R1 3 1 1k
M3 4 4 9 9 PMOS W=1u L=1u
M4 6 4 9 9 PMOS W=1u L=1u
.MODEL NMOS NMOS (LEVEL=1 VTO=1 KP=1.0e-4 LAMBDA=0.02)
.MODEL PMOS PMOS (LEVEL=1 VTO=1 KP=1.0e-4 LAMBDA=0.02)

.OP
.PRINT OP V(1) V(3) V(4) V(6) V(8) V(9) V(VDD)
.END"
305,"*SPICE Netlist for circuit 305
C1 8 1 1nF
I1 VDD 3 DC 1mA
I2 4 0 DC 1mA
M2 6 1 0 0 NMOS W=1u L=1u
M1 3 3 0 0 NMOS W=1u L=1u
R1 3 1 1k
M3 4 4 9 9 PMOS W=1u L=1u
M4 6 4 9 9 PMOS W=1u L=1u
.MODEL NMOS NMOS (LEVEL=1 VTO=1 KP=1.0e-4 LAMBDA=0.02)
.MODEL PMOS PMOS (LEVEL=1 VTO=1 KP=1.0e-4 LAMBDA=0.02)

.OP
.PRINT OP V(1) V(3) V(4) V(6) V(8) V(9) V(VDD)
.END","In the given SPICE netlist, what is the DC voltage at node 4?
A. -645.9 mV
B. -4.731 V
C. -1.291 V
D. 5.254 V",B,"*SPICE Netlist for circuit 305
C1 8 1 1nF
I1 VDD 3 DC 1mA
I2 4 0 DC 1mA
M2 6 1 0 0 NMOS W=1u L=1u
M1 3 3 0 0 NMOS W=1u L=1u
R1 3 1 1k
M3 4 4 9 9 PMOS W=1u L=1u
M4 6 4 9 9 PMOS W=1u L=1u
.MODEL NMOS NMOS (LEVEL=1 VTO=1 KP=1.0e-4 LAMBDA=0.02)
.MODEL PMOS PMOS (LEVEL=1 VTO=1 KP=1.0e-4 LAMBDA=0.02)

.OP
.PRINT OP V(1) V(3) V(4) V(6) V(8) V(9) V(VDD)
.END"
305,"*SPICE Netlist for circuit 305
C1 8 1 1nF
I1 VDD 3 DC 1mA
I2 4 0 DC 1mA
M2 6 1 0 0 NMOS W=1u L=1u
M1 3 3 0 0 NMOS W=1u L=1u
R1 3 1 1k
M3 4 4 9 9 PMOS W=1u L=1u
M4 6 4 9 9 PMOS W=1u L=1u
.MODEL NMOS NMOS (LEVEL=1 VTO=1 KP=1.0e-4 LAMBDA=0.02)
.MODEL PMOS PMOS (LEVEL=1 VTO=1 KP=1.0e-4 LAMBDA=0.02)

.OP
.PRINT OP V(1) V(3) V(4) V(6) V(8) V(9) V(VDD)
.END","In the given SPICE netlist, what is the DC voltage at node 6?
A. -1.291 V
B. -645.9 mV
C. -4.731 V
D. 5.254 V",B,"*SPICE Netlist for circuit 305
C1 8 1 1nF
I1 VDD 3 DC 1mA
I2 4 0 DC 1mA
M2 6 1 0 0 NMOS W=1u L=1u
M1 3 3 0 0 NMOS W=1u L=1u
R1 3 1 1k
M3 4 4 9 9 PMOS W=1u L=1u
M4 6 4 9 9 PMOS W=1u L=1u
.MODEL NMOS NMOS (LEVEL=1 VTO=1 KP=1.0e-4 LAMBDA=0.02)
.MODEL PMOS PMOS (LEVEL=1 VTO=1 KP=1.0e-4 LAMBDA=0.02)

.OP
.PRINT OP V(1) V(3) V(4) V(6) V(8) V(9) V(VDD)
.END"
306,"*SPICE Netlist for circuit 306
C1 9 VDD 1nF
C2 7 1 1nF
I1 VDD 2 DC 1mA
M2 3 1 0 0 NMOS W=1u L=1u
M1 2 2 0 0 NMOS W=1u L=1u
R1 2 1 1k
R2 9 3 1k
M3 3 8 VDD VDD PMOS W=1u L=1u
.MODEL NMOS NMOS (LEVEL=1 VTO=1 KP=1.0e-4 LAMBDA=0.02)
.MODEL PMOS PMOS (LEVEL=1 VTO=1 KP=1.0e-4 LAMBDA=0.02)

.OP
.PRINT OP V(1) V(2) V(3) V(7) V(8) V(9) V(VDD)
.END","In the given SPICE netlist, what is the DC voltage at node 9?
A. -646 mV
B. 5.254 V
C. 0 V
D. -1.301 V",A,"*SPICE Netlist for circuit 306
C1 9 VDD 1nF
C2 7 1 1nF
I1 VDD 2 DC 1mA
M2 3 1 0 0 NMOS W=1u L=1u
M1 2 2 0 0 NMOS W=1u L=1u
R1 2 1 1k
R2 9 3 1k
M3 3 8 VDD VDD PMOS W=1u L=1u
.MODEL NMOS NMOS (LEVEL=1 VTO=1 KP=1.0e-4 LAMBDA=0.02)
.MODEL PMOS PMOS (LEVEL=1 VTO=1 KP=1.0e-4 LAMBDA=0.02)

.OP
.PRINT OP V(1) V(2) V(3) V(7) V(8) V(9) V(VDD)
.END"
306,"*SPICE Netlist for circuit 306
C1 9 VDD 1nF
C2 7 1 1nF
I1 VDD 2 DC 1mA
M2 3 1 0 0 NMOS W=1u L=1u
M1 2 2 0 0 NMOS W=1u L=1u
R1 2 1 1k
R2 9 3 1k
M3 3 8 VDD VDD PMOS W=1u L=1u
.MODEL NMOS NMOS (LEVEL=1 VTO=1 KP=1.0e-4 LAMBDA=0.02)
.MODEL PMOS PMOS (LEVEL=1 VTO=1 KP=1.0e-4 LAMBDA=0.02)

.OP
.PRINT OP V(1) V(2) V(3) V(7) V(8) V(9) V(VDD)
.END","In the given SPICE netlist, what is the DC voltage at node 7?
A. 5.254 V
B. -645.9 mV
C. -1.301 V
D. 0 V",A,"*SPICE Netlist for circuit 306
C1 9 VDD 1nF
C2 7 1 1nF
I1 VDD 2 DC 1mA
M2 3 1 0 0 NMOS W=1u L=1u
M1 2 2 0 0 NMOS W=1u L=1u
R1 2 1 1k
R2 9 3 1k
M3 3 8 VDD VDD PMOS W=1u L=1u
.MODEL NMOS NMOS (LEVEL=1 VTO=1 KP=1.0e-4 LAMBDA=0.02)
.MODEL PMOS PMOS (LEVEL=1 VTO=1 KP=1.0e-4 LAMBDA=0.02)

.OP
.PRINT OP V(1) V(2) V(3) V(7) V(8) V(9) V(VDD)
.END"
306,"*SPICE Netlist for circuit 306
C1 9 VDD 1nF
C2 7 1 1nF
I1 VDD 2 DC 1mA
M2 3 1 0 0 NMOS W=1u L=1u
M1 2 2 0 0 NMOS W=1u L=1u
R1 2 1 1k
R2 9 3 1k
M3 3 8 VDD VDD PMOS W=1u L=1u
.MODEL NMOS NMOS (LEVEL=1 VTO=1 KP=1.0e-4 LAMBDA=0.02)
.MODEL PMOS PMOS (LEVEL=1 VTO=1 KP=1.0e-4 LAMBDA=0.02)

.OP
.PRINT OP V(1) V(2) V(3) V(7) V(8) V(9) V(VDD)
.END","In the given SPICE netlist, what is the DC voltage at node 3?
A. 0 V
B. -645.9 mV
C. -1.301 V
D. 5.254 V",B,"*SPICE Netlist for circuit 306
C1 9 VDD 1nF
C2 7 1 1nF
I1 VDD 2 DC 1mA
M2 3 1 0 0 NMOS W=1u L=1u
M1 2 2 0 0 NMOS W=1u L=1u
R1 2 1 1k
R2 9 3 1k
M3 3 8 VDD VDD PMOS W=1u L=1u
.MODEL NMOS NMOS (LEVEL=1 VTO=1 KP=1.0e-4 LAMBDA=0.02)
.MODEL PMOS PMOS (LEVEL=1 VTO=1 KP=1.0e-4 LAMBDA=0.02)

.OP
.PRINT OP V(1) V(2) V(3) V(7) V(8) V(9) V(VDD)
.END"
307,"*SPICE Netlist for circuit 307
C1 10 VDD 1nF
C2 8 1 1nF
I1 VDD 2 DC 1mA
I2 3 0 DC 1mA
M2 4 1 0 0 NMOS W=1u L=1u
M1 2 2 0 0 NMOS W=1u L=1u
R1 2 1 1k
R2 3 4 1k
M3 4 10 VDD VDD PMOS W=1u L=1u
.MODEL NMOS NMOS (LEVEL=1 VTO=1 KP=1.0e-4 LAMBDA=0.02)
.MODEL PMOS PMOS (LEVEL=1 VTO=1 KP=1.0e-4 LAMBDA=0.02)

.OP
.PRINT OP V(1) V(10) V(2) V(3) V(4) V(8) V(VDD)
.END","In the given SPICE netlist, what is the DC voltage at node 4?
A. 5.254 V
B. -668.7 mV
C. -1.669 V
D. -1.321 V",B,"*SPICE Netlist for circuit 307
C1 10 VDD 1nF
C2 8 1 1nF
I1 VDD 2 DC 1mA
I2 3 0 DC 1mA
M2 4 1 0 0 NMOS W=1u L=1u
M1 2 2 0 0 NMOS W=1u L=1u
R1 2 1 1k
R2 3 4 1k
M3 4 10 VDD VDD PMOS W=1u L=1u
.MODEL NMOS NMOS (LEVEL=1 VTO=1 KP=1.0e-4 LAMBDA=0.02)
.MODEL PMOS PMOS (LEVEL=1 VTO=1 KP=1.0e-4 LAMBDA=0.02)

.OP
.PRINT OP V(1) V(10) V(2) V(3) V(4) V(8) V(VDD)
.END"
307,"*SPICE Netlist for circuit 307
C1 10 VDD 1nF
C2 8 1 1nF
I1 VDD 2 DC 1mA
I2 3 0 DC 1mA
M2 4 1 0 0 NMOS W=1u L=1u
M1 2 2 0 0 NMOS W=1u L=1u
R1 2 1 1k
R2 3 4 1k
M3 4 10 VDD VDD PMOS W=1u L=1u
.MODEL NMOS NMOS (LEVEL=1 VTO=1 KP=1.0e-4 LAMBDA=0.02)
.MODEL PMOS PMOS (LEVEL=1 VTO=1 KP=1.0e-4 LAMBDA=0.02)

.OP
.PRINT OP V(1) V(10) V(2) V(3) V(4) V(8) V(VDD)
.END","In the given SPICE netlist, what is the DC voltage at node 1?
A. 5.254 V
B. -668.7 mV
C. -1.321 V
D. -1.669 V",A,"*SPICE Netlist for circuit 307
C1 10 VDD 1nF
C2 8 1 1nF
I1 VDD 2 DC 1mA
I2 3 0 DC 1mA
M2 4 1 0 0 NMOS W=1u L=1u
M1 2 2 0 0 NMOS W=1u L=1u
R1 2 1 1k
R2 3 4 1k
M3 4 10 VDD VDD PMOS W=1u L=1u
.MODEL NMOS NMOS (LEVEL=1 VTO=1 KP=1.0e-4 LAMBDA=0.02)
.MODEL PMOS PMOS (LEVEL=1 VTO=1 KP=1.0e-4 LAMBDA=0.02)

.OP
.PRINT OP V(1) V(10) V(2) V(3) V(4) V(8) V(VDD)
.END"
307,"*SPICE Netlist for circuit 307
C1 10 VDD 1nF
C2 8 1 1nF
I1 VDD 2 DC 1mA
I2 3 0 DC 1mA
M2 4 1 0 0 NMOS W=1u L=1u
M1 2 2 0 0 NMOS W=1u L=1u
R1 2 1 1k
R2 3 4 1k
M3 4 10 VDD VDD PMOS W=1u L=1u
.MODEL NMOS NMOS (LEVEL=1 VTO=1 KP=1.0e-4 LAMBDA=0.02)
.MODEL PMOS PMOS (LEVEL=1 VTO=1 KP=1.0e-4 LAMBDA=0.02)

.OP
.PRINT OP V(1) V(10) V(2) V(3) V(4) V(8) V(VDD)
.END","In the given SPICE netlist, what is the DC voltage at node 10?
A. -1.669 V
B. 5.254 V
C. -668.7 mV
D. -1.321 V",D,"*SPICE Netlist for circuit 307
C1 10 VDD 1nF
C2 8 1 1nF
I1 VDD 2 DC 1mA
I2 3 0 DC 1mA
M2 4 1 0 0 NMOS W=1u L=1u
M1 2 2 0 0 NMOS W=1u L=1u
R1 2 1 1k
R2 3 4 1k
M3 4 10 VDD VDD PMOS W=1u L=1u
.MODEL NMOS NMOS (LEVEL=1 VTO=1 KP=1.0e-4 LAMBDA=0.02)
.MODEL PMOS PMOS (LEVEL=1 VTO=1 KP=1.0e-4 LAMBDA=0.02)

.OP
.PRINT OP V(1) V(10) V(2) V(3) V(4) V(8) V(VDD)
.END"
310,"*SPICE Netlist for circuit 310
C1 3 0 1nF
I1 VDD 3 DC 1mA
M1 2 1 0 0 NMOS W=1u L=1u
R1 1 2 1k
M2 2 1 3 3 PMOS W=1u L=1u
.MODEL NMOS NMOS (LEVEL=1 VTO=1 KP=1.0e-4 LAMBDA=0.02)
.MODEL PMOS PMOS (LEVEL=1 VTO=1 KP=1.0e-4 LAMBDA=0.02)

.OP
.PRINT OP V(1) V(2) V(3) V(VDD)
.END","In the given SPICE netlist, what is the DC voltage at node 3?
A. 8.694 V
B. 5.254 V
C. 17.39 V
D. -1 mV",A,"*SPICE Netlist for circuit 310
C1 3 0 1nF
I1 VDD 3 DC 1mA
M1 2 1 0 0 NMOS W=1u L=1u
R1 1 2 1k
M2 2 1 3 3 PMOS W=1u L=1u
.MODEL NMOS NMOS (LEVEL=1 VTO=1 KP=1.0e-4 LAMBDA=0.02)
.MODEL PMOS PMOS (LEVEL=1 VTO=1 KP=1.0e-4 LAMBDA=0.02)

.OP
.PRINT OP V(1) V(2) V(3) V(VDD)
.END"
310,"*SPICE Netlist for circuit 310
C1 3 0 1nF
I1 VDD 3 DC 1mA
M1 2 1 0 0 NMOS W=1u L=1u
R1 1 2 1k
M2 2 1 3 3 PMOS W=1u L=1u
.MODEL NMOS NMOS (LEVEL=1 VTO=1 KP=1.0e-4 LAMBDA=0.02)
.MODEL PMOS PMOS (LEVEL=1 VTO=1 KP=1.0e-4 LAMBDA=0.02)

.OP
.PRINT OP V(1) V(2) V(3) V(VDD)
.END","In the given SPICE netlist, what is the DC voltage at node 1?
A. -1 mV
B. 10.51 V
C. 5.254 V
D. 8.694 V",C,"*SPICE Netlist for circuit 310
C1 3 0 1nF
I1 VDD 3 DC 1mA
M1 2 1 0 0 NMOS W=1u L=1u
R1 1 2 1k
M2 2 1 3 3 PMOS W=1u L=1u
.MODEL NMOS NMOS (LEVEL=1 VTO=1 KP=1.0e-4 LAMBDA=0.02)
.MODEL PMOS PMOS (LEVEL=1 VTO=1 KP=1.0e-4 LAMBDA=0.02)

.OP
.PRINT OP V(1) V(2) V(3) V(VDD)
.END"
310,"*SPICE Netlist for circuit 310
C1 3 0 1nF
I1 VDD 3 DC 1mA
M1 2 1 0 0 NMOS W=1u L=1u
R1 1 2 1k
M2 2 1 3 3 PMOS W=1u L=1u
.MODEL NMOS NMOS (LEVEL=1 VTO=1 KP=1.0e-4 LAMBDA=0.02)
.MODEL PMOS PMOS (LEVEL=1 VTO=1 KP=1.0e-4 LAMBDA=0.02)

.OP
.PRINT OP V(1) V(2) V(3) V(VDD)
.END","In the given SPICE netlist, what is the DC voltage at node 2?
A. -1 mV
B. 10.51 V
C. 8.694 V
D. 5.254 V",D,"*SPICE Netlist for circuit 310
C1 3 0 1nF
I1 VDD 3 DC 1mA
M1 2 1 0 0 NMOS W=1u L=1u
R1 1 2 1k
M2 2 1 3 3 PMOS W=1u L=1u
.MODEL NMOS NMOS (LEVEL=1 VTO=1 KP=1.0e-4 LAMBDA=0.02)
.MODEL PMOS PMOS (LEVEL=1 VTO=1 KP=1.0e-4 LAMBDA=0.02)

.OP
.PRINT OP V(1) V(2) V(3) V(VDD)
.END"
311,"*SPICE Netlist for circuit 311
C1 3 0 1nF
C2 5 1 1nF
I1 VDD 3 DC 1mA
M1 2 1 0 0 NMOS W=1u L=1u
R1 1 2 1k
M2 2 1 3 3 PMOS W=1u L=1u
.MODEL NMOS NMOS (LEVEL=1 VTO=1 KP=1.0e-4 LAMBDA=0.02)
.MODEL PMOS PMOS (LEVEL=1 VTO=1 KP=1.0e-4 LAMBDA=0.02)

.OP
.PRINT OP V(1) V(2) V(3) V(5) V(VDD)
.END","In the given SPICE netlist, what is the DC voltage at node 5?
A. -1 mV
B. 4.516 V
C. 7.228 V
D. 9.031 V",B,"*SPICE Netlist for circuit 311
C1 3 0 1nF
C2 5 1 1nF
I1 VDD 3 DC 1mA
M1 2 1 0 0 NMOS W=1u L=1u
R1 1 2 1k
M2 2 1 3 3 PMOS W=1u L=1u
.MODEL NMOS NMOS (LEVEL=1 VTO=1 KP=1.0e-4 LAMBDA=0.02)
.MODEL PMOS PMOS (LEVEL=1 VTO=1 KP=1.0e-4 LAMBDA=0.02)

.OP
.PRINT OP V(1) V(2) V(3) V(5) V(VDD)
.END"
311,"*SPICE Netlist for circuit 311
C1 3 0 1nF
C2 5 1 1nF
I1 VDD 3 DC 1mA
M1 2 1 0 0 NMOS W=1u L=1u
R1 1 2 1k
M2 2 1 3 3 PMOS W=1u L=1u
.MODEL NMOS NMOS (LEVEL=1 VTO=1 KP=1.0e-4 LAMBDA=0.02)
.MODEL PMOS PMOS (LEVEL=1 VTO=1 KP=1.0e-4 LAMBDA=0.02)

.OP
.PRINT OP V(1) V(2) V(3) V(5) V(VDD)
.END","In the given SPICE netlist, what is the DC voltage at node 3?
A. 7.228 V
B. 14.46 V
C. 4.516 V
D. -1 mV",A,"*SPICE Netlist for circuit 311
C1 3 0 1nF
C2 5 1 1nF
I1 VDD 3 DC 1mA
M1 2 1 0 0 NMOS W=1u L=1u
R1 1 2 1k
M2 2 1 3 3 PMOS W=1u L=1u
.MODEL NMOS NMOS (LEVEL=1 VTO=1 KP=1.0e-4 LAMBDA=0.02)
.MODEL PMOS PMOS (LEVEL=1 VTO=1 KP=1.0e-4 LAMBDA=0.02)

.OP
.PRINT OP V(1) V(2) V(3) V(5) V(VDD)
.END"
311,"*SPICE Netlist for circuit 311
C1 3 0 1nF
C2 5 1 1nF
I1 VDD 3 DC 1mA
M1 2 1 0 0 NMOS W=1u L=1u
R1 1 2 1k
M2 2 1 3 3 PMOS W=1u L=1u
.MODEL NMOS NMOS (LEVEL=1 VTO=1 KP=1.0e-4 LAMBDA=0.02)
.MODEL PMOS PMOS (LEVEL=1 VTO=1 KP=1.0e-4 LAMBDA=0.02)

.OP
.PRINT OP V(1) V(2) V(3) V(5) V(VDD)
.END","In the given SPICE netlist, what is the DC voltage at node 1?
A. 4.516 V
B. -1 mV
C. 7.228 V
D. 9.031 V",A,"*SPICE Netlist for circuit 311
C1 3 0 1nF
C2 5 1 1nF
I1 VDD 3 DC 1mA
M1 2 1 0 0 NMOS W=1u L=1u
R1 1 2 1k
M2 2 1 3 3 PMOS W=1u L=1u
.MODEL NMOS NMOS (LEVEL=1 VTO=1 KP=1.0e-4 LAMBDA=0.02)
.MODEL PMOS PMOS (LEVEL=1 VTO=1 KP=1.0e-4 LAMBDA=0.02)

.OP
.PRINT OP V(1) V(2) V(3) V(5) V(VDD)
.END"
312,"*SPICE Netlist for circuit 312
C1 6 3 1nF
R4 7 6 1k
I1 VDD 2 DC 1mA
R1 0 3 1k
R2 0 8 1k
V1 7 0 5V
M2 2 2 8 8 NMOS W=1u L=1u
M1 4 2 3 3 NMOS W=1u L=1u
R3 4 VDD 1k
.MODEL NMOS NMOS (LEVEL=1 VTO=1 KP=1.0e-4 LAMBDA=0.02)

.OP
.PRINT OP V(2) V(3) V(4) V(6) V(7) V(8) V(VDD) I(V1)
.END","In the given SPICE netlist, what is the DC voltage at node 6?
A. -1 V
B. -1.641 V
C. 6.254 V
D. 5 V",D,"*SPICE Netlist for circuit 312
C1 6 3 1nF
R4 7 6 1k
I1 VDD 2 DC 1mA
R1 0 3 1k
R2 0 8 1k
V1 7 0 5V
M2 2 2 8 8 NMOS W=1u L=1u
M1 4 2 3 3 NMOS W=1u L=1u
R3 4 VDD 1k
.MODEL NMOS NMOS (LEVEL=1 VTO=1 KP=1.0e-4 LAMBDA=0.02)

.OP
.PRINT OP V(2) V(3) V(4) V(6) V(7) V(8) V(VDD) I(V1)
.END"
312,"*SPICE Netlist for circuit 312
C1 6 3 1nF
R4 7 6 1k
I1 VDD 2 DC 1mA
R1 0 3 1k
R2 0 8 1k
V1 7 0 5V
M2 2 2 8 8 NMOS W=1u L=1u
M1 4 2 3 3 NMOS W=1u L=1u
R3 4 VDD 1k
.MODEL NMOS NMOS (LEVEL=1 VTO=1 KP=1.0e-4 LAMBDA=0.02)

.OP
.PRINT OP V(2) V(3) V(4) V(6) V(7) V(8) V(VDD) I(V1)
.END","In the given SPICE netlist, what is the DC voltage at node 3?
A. -1 V
B. -1.641 V
C. 6.254 V
D. 5 V",A,"*SPICE Netlist for circuit 312
C1 6 3 1nF
R4 7 6 1k
I1 VDD 2 DC 1mA
R1 0 3 1k
R2 0 8 1k
V1 7 0 5V
M2 2 2 8 8 NMOS W=1u L=1u
M1 4 2 3 3 NMOS W=1u L=1u
R3 4 VDD 1k
.MODEL NMOS NMOS (LEVEL=1 VTO=1 KP=1.0e-4 LAMBDA=0.02)

.OP
.PRINT OP V(2) V(3) V(4) V(6) V(7) V(8) V(VDD) I(V1)
.END"
312,"*SPICE Netlist for circuit 312
C1 6 3 1nF
R4 7 6 1k
I1 VDD 2 DC 1mA
R1 0 3 1k
R2 0 8 1k
V1 7 0 5V
M2 2 2 8 8 NMOS W=1u L=1u
M1 4 2 3 3 NMOS W=1u L=1u
R3 4 VDD 1k
.MODEL NMOS NMOS (LEVEL=1 VTO=1 KP=1.0e-4 LAMBDA=0.02)

.OP
.PRINT OP V(2) V(3) V(4) V(6) V(7) V(8) V(VDD) I(V1)
.END","In the given SPICE netlist, what is the DC voltage at node 4?
A. -1 V
B. -1.641 V
C. 5 V
D. 6.254 V",B,"*SPICE Netlist for circuit 312
C1 6 3 1nF
R4 7 6 1k
I1 VDD 2 DC 1mA
R1 0 3 1k
R2 0 8 1k
V1 7 0 5V
M2 2 2 8 8 NMOS W=1u L=1u
M1 4 2 3 3 NMOS W=1u L=1u
R3 4 VDD 1k
.MODEL NMOS NMOS (LEVEL=1 VTO=1 KP=1.0e-4 LAMBDA=0.02)

.OP
.PRINT OP V(2) V(3) V(4) V(6) V(7) V(8) V(VDD) I(V1)
.END"
313,"*SPICE Netlist for circuit 313
C1 7 3 1nF
R2 8 7 1k
I1 VDD 4 DC 1mA
V1 8 0 5V
M2 3 4 0 0 NMOS W=1u L=1u
M3 4 4 0 0 NMOS W=1u L=1u
M1 5 1 3 3 NMOS W=1u L=1u
R1 5 VDD 1k
.MODEL NMOS NMOS (LEVEL=1 VTO=1 KP=1.0e-4 LAMBDA=0.02)

.OP
.PRINT OP V(1) V(3) V(4) V(5) V(7) V(8) V(VDD) I(V1)
.END","In the given SPICE netlist, what is the DC voltage at node 3?
A. 0 V
B. 5.254 V
C. -645.8 mV
D. -1.301 V",C,"*SPICE Netlist for circuit 313
C1 7 3 1nF
R2 8 7 1k
I1 VDD 4 DC 1mA
V1 8 0 5V
M2 3 4 0 0 NMOS W=1u L=1u
M3 4 4 0 0 NMOS W=1u L=1u
M1 5 1 3 3 NMOS W=1u L=1u
R1 5 VDD 1k
.MODEL NMOS NMOS (LEVEL=1 VTO=1 KP=1.0e-4 LAMBDA=0.02)

.OP
.PRINT OP V(1) V(3) V(4) V(5) V(7) V(8) V(VDD) I(V1)
.END"
503,"M1 NMOS N2 N1 0 0 NA
RD R VDD N2 NA
Cin C N1 0 NA
In I 0 N1 NA",1. What are the DC voltages at nodes `1` and `2`?,"1. Node `1` has a voltage of `10V`, and node `2` has a voltage of `0V`.","Simple NMOS amplifier with input current source
M1 N2 N1 0 0 NMOS
RD R VDD N2 1k
Cin C N1 0 1n
In I 0 N1 DC 1mA
VDD VDD 0 DC 5
.model NMOS NMOS (LEVEL=1 VTO=1 KP=1.0e-4 LAMBDA=0.02)
.op
.end"
313,"*SPICE Netlist for circuit 313
C1 7 3 1nF
R2 8 7 1k
I1 VDD 4 DC 1mA
V1 8 0 5V
M2 3 4 0 0 NMOS W=1u L=1u
M3 4 4 0 0 NMOS W=1u L=1u
M1 5 1 3 3 NMOS W=1u L=1u
R1 5 VDD 1k
.MODEL NMOS NMOS (LEVEL=1 VTO=1 KP=1.0e-4 LAMBDA=0.02)

.OP
.PRINT OP V(1) V(3) V(4) V(5) V(7) V(8) V(VDD) I(V1)
.END","In the given SPICE netlist, what is the DC voltage at node 7?
A. 0 V
B. -1.301 V
C. 4.998 V
D. -645.8 mV",C,"*SPICE Netlist for circuit 313
C1 7 3 1nF
R2 8 7 1k
I1 VDD 4 DC 1mA
V1 8 0 5V
M2 3 4 0 0 NMOS W=1u L=1u
M3 4 4 0 0 NMOS W=1u L=1u
M1 5 1 3 3 NMOS W=1u L=1u
R1 5 VDD 1k
.MODEL NMOS NMOS (LEVEL=1 VTO=1 KP=1.0e-4 LAMBDA=0.02)

.OP
.PRINT OP V(1) V(3) V(4) V(5) V(7) V(8) V(VDD) I(V1)
.END"
315,"*SPICE Netlist for circuit 315
I1 VDD 3 DC 1mA
M1 3 3 0 0 NMOS W=1u L=1u
M3 1 3 0 0 NMOS W=1u L=1u
M2 VDD 5 1 1 NMOS W=1u L=1u
.MODEL NMOS NMOS (LEVEL=1 VTO=1 KP=1.0e-4 LAMBDA=0.02)

.OP
.PRINT OP V(1) V(3) V(5) V(VDD)
.END","In the given SPICE netlist, what is the DC voltage at node 1?
A. -1.301 V
B. 5.254 V
C. -645.9 mV
D. 0 V",C,"*SPICE Netlist for circuit 315
I1 VDD 3 DC 1mA
M1 3 3 0 0 NMOS W=1u L=1u
M3 1 3 0 0 NMOS W=1u L=1u
M2 VDD 5 1 1 NMOS W=1u L=1u
.MODEL NMOS NMOS (LEVEL=1 VTO=1 KP=1.0e-4 LAMBDA=0.02)

.OP
.PRINT OP V(1) V(3) V(5) V(VDD)
.END"
315,"*SPICE Netlist for circuit 315
I1 VDD 3 DC 1mA
M1 3 3 0 0 NMOS W=1u L=1u
M3 1 3 0 0 NMOS W=1u L=1u
M2 VDD 5 1 1 NMOS W=1u L=1u
.MODEL NMOS NMOS (LEVEL=1 VTO=1 KP=1.0e-4 LAMBDA=0.02)

.OP
.PRINT OP V(1) V(3) V(5) V(VDD)
.END","In the given SPICE netlist, what is the DC voltage at node 3?
A. -645.9 mV
B. -1.301 V
C. 5.254 V
D. 0 V",C,"*SPICE Netlist for circuit 315
I1 VDD 3 DC 1mA
M1 3 3 0 0 NMOS W=1u L=1u
M3 1 3 0 0 NMOS W=1u L=1u
M2 VDD 5 1 1 NMOS W=1u L=1u
.MODEL NMOS NMOS (LEVEL=1 VTO=1 KP=1.0e-4 LAMBDA=0.02)

.OP
.PRINT OP V(1) V(3) V(5) V(VDD)
.END"
316,"*SPICE Netlist for circuit 316
C1 6 1 1nF
I1 VDD 3 DC 1mA
M1 3 3 0 0 NMOS W=1u L=1u
M3 4 3 0 0 NMOS W=1u L=1u
M2 VDD 1 4 4 NMOS W=1u L=1u
R1 1 VDD 1k
.MODEL NMOS NMOS (LEVEL=1 VTO=1 KP=1.0e-4 LAMBDA=0.02)

.OP
.PRINT OP V(1) V(3) V(4) V(6) V(VDD)
.END","In the given SPICE netlist, what is the DC voltage at node 6?
A. -2.602 V
B. -645.9 mV
C. -1.301 V
D. 5.254 V",C,"*SPICE Netlist for circuit 316
C1 6 1 1nF
I1 VDD 3 DC 1mA
M1 3 3 0 0 NMOS W=1u L=1u
M3 4 3 0 0 NMOS W=1u L=1u
M2 VDD 1 4 4 NMOS W=1u L=1u
R1 1 VDD 1k
.MODEL NMOS NMOS (LEVEL=1 VTO=1 KP=1.0e-4 LAMBDA=0.02)

.OP
.PRINT OP V(1) V(3) V(4) V(6) V(VDD)
.END"
316,"*SPICE Netlist for circuit 316
C1 6 1 1nF
I1 VDD 3 DC 1mA
M1 3 3 0 0 NMOS W=1u L=1u
M3 4 3 0 0 NMOS W=1u L=1u
M2 VDD 1 4 4 NMOS W=1u L=1u
R1 1 VDD 1k
.MODEL NMOS NMOS (LEVEL=1 VTO=1 KP=1.0e-4 LAMBDA=0.02)

.OP
.PRINT OP V(1) V(3) V(4) V(6) V(VDD)
.END","In the given SPICE netlist, what is the DC voltage at node 1?
A. -645.9 mV
B. -2.602 V
C. 5.254 V
D. -1.301 V",D,"*SPICE Netlist for circuit 316
C1 6 1 1nF
I1 VDD 3 DC 1mA
M1 3 3 0 0 NMOS W=1u L=1u
M3 4 3 0 0 NMOS W=1u L=1u
M2 VDD 1 4 4 NMOS W=1u L=1u
R1 1 VDD 1k
.MODEL NMOS NMOS (LEVEL=1 VTO=1 KP=1.0e-4 LAMBDA=0.02)

.OP
.PRINT OP V(1) V(3) V(4) V(6) V(VDD)
.END"
316,"*SPICE Netlist for circuit 316
C1 6 1 1nF
I1 VDD 3 DC 1mA
M1 3 3 0 0 NMOS W=1u L=1u
M3 4 3 0 0 NMOS W=1u L=1u
M2 VDD 1 4 4 NMOS W=1u L=1u
R1 1 VDD 1k
.MODEL NMOS NMOS (LEVEL=1 VTO=1 KP=1.0e-4 LAMBDA=0.02)

.OP
.PRINT OP V(1) V(3) V(4) V(6) V(VDD)
.END","In the given SPICE netlist, what is the DC voltage at node 3?
A. 10.51 V
B. -1.301 V
C. -645.9 mV
D. 5.254 V",D,"*SPICE Netlist for circuit 316
C1 6 1 1nF
I1 VDD 3 DC 1mA
M1 3 3 0 0 NMOS W=1u L=1u
M3 4 3 0 0 NMOS W=1u L=1u
M2 VDD 1 4 4 NMOS W=1u L=1u
R1 1 VDD 1k
.MODEL NMOS NMOS (LEVEL=1 VTO=1 KP=1.0e-4 LAMBDA=0.02)

.OP
.PRINT OP V(1) V(3) V(4) V(6) V(VDD)
.END"
70,"M1 NMOS N_VOUT N_VB 0 0 NA
RD R VDD N_VOUT NA",1. What are the DC voltages at nodes 1 and 2?,"1. V(1) = 0 V, V(2) = 5 V.","MOSFET circuit with resistor load

M1 N_VOUT N_VB 0 0 NMOS
RD R VDD N_VOUT 1k

VDDSUP VDD 0 DC 5

.model NMOS NMOS (LEVEL=1 VTO=1 KP=1.0e-4 LAMBDA=0.02)
.model PMOS PMOS (LEVEL=1 VTO=1 KP=1.0e-4 LAMBDA=0.02)

.op
.end"
328,"*SPICE Netlist for circuit 328
I1 VDD 4 DC 1mA
V1 5 0 5V
M1 4 4 0 0 NMOS W=1u L=1u
M2 3 4 0 0 NMOS W=1u L=1u
R2 4 3 1k
R1 3 5 1k
.MODEL NMOS NMOS (LEVEL=1 VTO=1 KP=1.0e-4 LAMBDA=0.02)

.OP
.PRINT OP V(3) V(4) V(5) V(VDD) I(V1)
.END","In the given SPICE netlist, what is the DC voltage at node 3?
A. 5 V
B. -1 mV
C. 4.485 V
D. 4.725 V",C,"*SPICE Netlist for circuit 328
I1 VDD 4 DC 1mA
V1 5 0 5V
M1 4 4 0 0 NMOS W=1u L=1u
M2 3 4 0 0 NMOS W=1u L=1u
R2 4 3 1k
R1 3 5 1k
.MODEL NMOS NMOS (LEVEL=1 VTO=1 KP=1.0e-4 LAMBDA=0.02)

.OP
.PRINT OP V(3) V(4) V(5) V(VDD) I(V1)
.END"
328,"*SPICE Netlist for circuit 328
I1 VDD 4 DC 1mA
V1 5 0 5V
M1 4 4 0 0 NMOS W=1u L=1u
M2 3 4 0 0 NMOS W=1u L=1u
R2 4 3 1k
R1 3 5 1k
.MODEL NMOS NMOS (LEVEL=1 VTO=1 KP=1.0e-4 LAMBDA=0.02)

.OP
.PRINT OP V(3) V(4) V(5) V(VDD) I(V1)
.END","In the given SPICE netlist, what is the DC current through V1?
A. 5 A
B. 4.485 A
C. 4.725 A
D. -515.5 µA",D,"*SPICE Netlist for circuit 328
I1 VDD 4 DC 1mA
V1 5 0 5V
M1 4 4 0 0 NMOS W=1u L=1u
M2 3 4 0 0 NMOS W=1u L=1u
R2 4 3 1k
R1 3 5 1k
.MODEL NMOS NMOS (LEVEL=1 VTO=1 KP=1.0e-4 LAMBDA=0.02)

.OP
.PRINT OP V(3) V(4) V(5) V(VDD) I(V1)
.END"
329,"*SPICE Netlist for circuit 329
I1 VDD 4 DC 1mA
M2 3 4 0 0 NMOS W=1u L=1u
M1 4 4 0 0 NMOS W=1u L=1u
R2 4 3 1k
R1 3 VDD 1k
.MODEL NMOS NMOS (LEVEL=1 VTO=1 KP=1.0e-4 LAMBDA=0.02)

.OP
.PRINT OP V(3) V(4) V(VDD)
.END","In the given SPICE netlist, what is the DC voltage at node 4?
A. -1.113 V
B. 1.774 V
C. 886.9 mV
D. -113.1 mV",C,"*SPICE Netlist for circuit 329
I1 VDD 4 DC 1mA
M2 3 4 0 0 NMOS W=1u L=1u
M1 4 4 0 0 NMOS W=1u L=1u
R2 4 3 1k
R1 3 VDD 1k
.MODEL NMOS NMOS (LEVEL=1 VTO=1 KP=1.0e-4 LAMBDA=0.02)

.OP
.PRINT OP V(3) V(4) V(VDD)
.END"
329,"*SPICE Netlist for circuit 329
I1 VDD 4 DC 1mA
M2 3 4 0 0 NMOS W=1u L=1u
M1 4 4 0 0 NMOS W=1u L=1u
R2 4 3 1k
R1 3 VDD 1k
.MODEL NMOS NMOS (LEVEL=1 VTO=1 KP=1.0e-4 LAMBDA=0.02)

.OP
.PRINT OP V(3) V(4) V(VDD)
.END","In the given SPICE netlist, what is the DC voltage at node 3?
A. 886.9 mV
B. -113.1 mV
C. -1.113 V
D. -226.3 mV",B,"*SPICE Netlist for circuit 329
I1 VDD 4 DC 1mA
M2 3 4 0 0 NMOS W=1u L=1u
M1 4 4 0 0 NMOS W=1u L=1u
R2 4 3 1k
R1 3 VDD 1k
.MODEL NMOS NMOS (LEVEL=1 VTO=1 KP=1.0e-4 LAMBDA=0.02)

.OP
.PRINT OP V(3) V(4) V(VDD)
.END"
330,"*SPICE Netlist for circuit 330
I1 VDD 4 DC 1mA
M1 4 4 0 0 NMOS W=1u L=1u
M2 3 4 0 0 NMOS W=1u L=1u
R2 4 3 1k
R1 3 VDD 1k
.MODEL NMOS NMOS (LEVEL=1 VTO=1 KP=1.0e-4 LAMBDA=0.02)

.OP
.PRINT OP V(3) V(4) V(VDD)
.END","In the given SPICE netlist, what is the DC voltage at node 3?
A. 886.9 mV
B. -113.1 mV
C. -1.113 V
D. -226.3 mV",B,"*SPICE Netlist for circuit 330
I1 VDD 4 DC 1mA
M1 4 4 0 0 NMOS W=1u L=1u
M2 3 4 0 0 NMOS W=1u L=1u
R2 4 3 1k
R1 3 VDD 1k
.MODEL NMOS NMOS (LEVEL=1 VTO=1 KP=1.0e-4 LAMBDA=0.02)

.OP
.PRINT OP V(3) V(4) V(VDD)
.END"
330,"*SPICE Netlist for circuit 330
I1 VDD 4 DC 1mA
M1 4 4 0 0 NMOS W=1u L=1u
M2 3 4 0 0 NMOS W=1u L=1u
R2 4 3 1k
R1 3 VDD 1k
.MODEL NMOS NMOS (LEVEL=1 VTO=1 KP=1.0e-4 LAMBDA=0.02)

.OP
.PRINT OP V(3) V(4) V(VDD)
.END","In the given SPICE netlist, what is the DC voltage at node 4?
A. -1.113 V
B. -113.1 mV
C. 1.774 V
D. 886.9 mV",D,"*SPICE Netlist for circuit 330
I1 VDD 4 DC 1mA
M1 4 4 0 0 NMOS W=1u L=1u
M2 3 4 0 0 NMOS W=1u L=1u
R2 4 3 1k
R1 3 VDD 1k
.MODEL NMOS NMOS (LEVEL=1 VTO=1 KP=1.0e-4 LAMBDA=0.02)

.OP
.PRINT OP V(3) V(4) V(VDD)
.END"
331,"*SPICE Netlist for circuit 331
I1 VDD 5 DC 1mA
V1 2 0 5V
M2 5 5 0 0 NMOS W=1u L=1u
M3 1 5 0 0 NMOS W=1u L=1u
M1 2 1 5 5 NMOS W=1u L=1u
R1 1 2 1k
.MODEL NMOS NMOS (LEVEL=1 VTO=1 KP=1.0e-4 LAMBDA=0.02)

.OP
.PRINT OP V(1) V(2) V(5) V(VDD) I(V1)
.END","In the given SPICE netlist, what is the DC voltage at node 5?
A. 5.254 V
B. 10.51 V
C. -1 mV
D. 4.025 V",A,"*SPICE Netlist for circuit 331
I1 VDD 5 DC 1mA
V1 2 0 5V
M2 5 5 0 0 NMOS W=1u L=1u
M3 1 5 0 0 NMOS W=1u L=1u
M1 2 1 5 5 NMOS W=1u L=1u
R1 1 2 1k
.MODEL NMOS NMOS (LEVEL=1 VTO=1 KP=1.0e-4 LAMBDA=0.02)

.OP
.PRINT OP V(1) V(2) V(5) V(VDD) I(V1)
.END"
331,"*SPICE Netlist for circuit 331
I1 VDD 5 DC 1mA
V1 2 0 5V
M2 5 5 0 0 NMOS W=1u L=1u
M3 1 5 0 0 NMOS W=1u L=1u
M1 2 1 5 5 NMOS W=1u L=1u
R1 1 2 1k
.MODEL NMOS NMOS (LEVEL=1 VTO=1 KP=1.0e-4 LAMBDA=0.02)

.OP
.PRINT OP V(1) V(2) V(5) V(VDD) I(V1)
.END","In the given SPICE netlist, what is the DC voltage at node 1?
A. -1 mV
B. 8.05 V
C. 5 V
D. 4.025 V",D,"*SPICE Netlist for circuit 331
I1 VDD 5 DC 1mA
V1 2 0 5V
M2 5 5 0 0 NMOS W=1u L=1u
M3 1 5 0 0 NMOS W=1u L=1u
M1 2 1 5 5 NMOS W=1u L=1u
R1 1 2 1k
.MODEL NMOS NMOS (LEVEL=1 VTO=1 KP=1.0e-4 LAMBDA=0.02)

.OP
.PRINT OP V(1) V(2) V(5) V(VDD) I(V1)
.END"
331,"*SPICE Netlist for circuit 331
I1 VDD 5 DC 1mA
V1 2 0 5V
M2 5 5 0 0 NMOS W=1u L=1u
M3 1 5 0 0 NMOS W=1u L=1u
M1 2 1 5 5 NMOS W=1u L=1u
R1 1 2 1k
.MODEL NMOS NMOS (LEVEL=1 VTO=1 KP=1.0e-4 LAMBDA=0.02)

.OP
.PRINT OP V(1) V(2) V(5) V(VDD) I(V1)
.END","In the given SPICE netlist, what is the DC current through V1?
A. 4.025 A
B. -1.95 mA
C. -974.9 µA
D. 5 A",C,"*SPICE Netlist for circuit 331
I1 VDD 5 DC 1mA
V1 2 0 5V
M2 5 5 0 0 NMOS W=1u L=1u
M3 1 5 0 0 NMOS W=1u L=1u
M1 2 1 5 5 NMOS W=1u L=1u
R1 1 2 1k
.MODEL NMOS NMOS (LEVEL=1 VTO=1 KP=1.0e-4 LAMBDA=0.02)

.OP
.PRINT OP V(1) V(2) V(5) V(VDD) I(V1)
.END"
332,"*SPICE Netlist for circuit 332
I1 VDD 4 DC 1mA
V1 6 0 5V
M2 4 4 0 0 NMOS W=1u L=1u
M3 3 4 0 0 NMOS W=1u L=1u
M1 6 3 4 4 NMOS W=1u L=1u
R1 3 VDD 1k
.MODEL NMOS NMOS (LEVEL=1 VTO=1 KP=1.0e-4 LAMBDA=0.02)

.OP
.PRINT OP V(3) V(4) V(6) V(VDD) I(V1)
.END","In the given SPICE netlist, what is the DC voltage at node 4?
A. 5.254 V
B. -645.9 mV
C. -1.646 V
D. 0 V",A,"*SPICE Netlist for circuit 332
I1 VDD 4 DC 1mA
V1 6 0 5V
M2 4 4 0 0 NMOS W=1u L=1u
M3 3 4 0 0 NMOS W=1u L=1u
M1 6 3 4 4 NMOS W=1u L=1u
R1 3 VDD 1k
.MODEL NMOS NMOS (LEVEL=1 VTO=1 KP=1.0e-4 LAMBDA=0.02)

.OP
.PRINT OP V(3) V(4) V(6) V(VDD) I(V1)
.END"
332,"*SPICE Netlist for circuit 332
I1 VDD 4 DC 1mA
V1 6 0 5V
M2 4 4 0 0 NMOS W=1u L=1u
M3 3 4 0 0 NMOS W=1u L=1u
M1 6 3 4 4 NMOS W=1u L=1u
R1 3 VDD 1k
.MODEL NMOS NMOS (LEVEL=1 VTO=1 KP=1.0e-4 LAMBDA=0.02)

.OP
.PRINT OP V(3) V(4) V(6) V(VDD) I(V1)
.END","In the given SPICE netlist, what is the DC voltage at node 3?
A. -1.646 V
B. 5.254 V
C. 0 V
D. -645.9 mV",D,"*SPICE Netlist for circuit 332
I1 VDD 4 DC 1mA
V1 6 0 5V
M2 4 4 0 0 NMOS W=1u L=1u
M3 3 4 0 0 NMOS W=1u L=1u
M1 6 3 4 4 NMOS W=1u L=1u
R1 3 VDD 1k
.MODEL NMOS NMOS (LEVEL=1 VTO=1 KP=1.0e-4 LAMBDA=0.02)

.OP
.PRINT OP V(3) V(4) V(6) V(VDD) I(V1)
.END"
333,"*SPICE Netlist for circuit 333
I1 VDD 4 DC 1mA
M1 4 4 0 0 NMOS W=1u L=1u
M2 3 4 0 0 NMOS W=1u L=1u
R2 4 3 1k
R1 3 VDD 1k
.MODEL NMOS NMOS (LEVEL=1 VTO=1 KP=1.0e-4 LAMBDA=0.02)

.OP
.PRINT OP V(3) V(4) V(VDD)
.END","In the given SPICE netlist, what is the DC voltage at node 4?
A. 1.774 V
B. 886.9 mV
C. -1.113 V
D. -113.1 mV",B,"*SPICE Netlist for circuit 333
I1 VDD 4 DC 1mA
M1 4 4 0 0 NMOS W=1u L=1u
M2 3 4 0 0 NMOS W=1u L=1u
R2 4 3 1k
R1 3 VDD 1k
.MODEL NMOS NMOS (LEVEL=1 VTO=1 KP=1.0e-4 LAMBDA=0.02)

.OP
.PRINT OP V(3) V(4) V(VDD)
.END"
333,"*SPICE Netlist for circuit 333
I1 VDD 4 DC 1mA
M1 4 4 0 0 NMOS W=1u L=1u
M2 3 4 0 0 NMOS W=1u L=1u
R2 4 3 1k
R1 3 VDD 1k
.MODEL NMOS NMOS (LEVEL=1 VTO=1 KP=1.0e-4 LAMBDA=0.02)

.OP
.PRINT OP V(3) V(4) V(VDD)
.END","In the given SPICE netlist, what is the DC voltage at node 3?
A. -226.3 mV
B. -113.1 mV
C. 886.9 mV
D. -1.113 V",B,"*SPICE Netlist for circuit 333
I1 VDD 4 DC 1mA
M1 4 4 0 0 NMOS W=1u L=1u
M2 3 4 0 0 NMOS W=1u L=1u
R2 4 3 1k
R1 3 VDD 1k
.MODEL NMOS NMOS (LEVEL=1 VTO=1 KP=1.0e-4 LAMBDA=0.02)

.OP
.PRINT OP V(3) V(4) V(VDD)
.END"
334,"*SPICE Netlist for circuit 334
I1 VDD 4 DC 1mA
M2 4 4 0 0 NMOS W=1u L=1u
M3 3 4 0 0 NMOS W=1u L=1u
M1 VDD 3 4 4 NMOS W=1u L=1u
R1 3 VDD 1k
.MODEL NMOS NMOS (LEVEL=1 VTO=1 KP=1.0e-4 LAMBDA=0.02)

.OP
.PRINT OP V(3) V(4) V(VDD)
.END","In the given SPICE netlist, what is the DC voltage at node 3?
A. -99.88 mV
B. -49.94 mV
C. -199.8 mV
D. 555.2 mV",A,"*SPICE Netlist for circuit 334
I1 VDD 4 DC 1mA
M2 4 4 0 0 NMOS W=1u L=1u
M3 3 4 0 0 NMOS W=1u L=1u
M1 VDD 3 4 4 NMOS W=1u L=1u
R1 3 VDD 1k
.MODEL NMOS NMOS (LEVEL=1 VTO=1 KP=1.0e-4 LAMBDA=0.02)

.OP
.PRINT OP V(3) V(4) V(VDD)
.END"
334,"*SPICE Netlist for circuit 334
I1 VDD 4 DC 1mA
M2 4 4 0 0 NMOS W=1u L=1u
M3 3 4 0 0 NMOS W=1u L=1u
M1 VDD 3 4 4 NMOS W=1u L=1u
R1 3 VDD 1k
.MODEL NMOS NMOS (LEVEL=1 VTO=1 KP=1.0e-4 LAMBDA=0.02)

.OP
.PRINT OP V(3) V(4) V(VDD)
.END","In the given SPICE netlist, what is the DC voltage at node 4?
A. 277.6 mV
B. 555.2 mV
C. 1.11 V
D. -99.88 mV",B,"*SPICE Netlist for circuit 334
I1 VDD 4 DC 1mA
M2 4 4 0 0 NMOS W=1u L=1u
M3 3 4 0 0 NMOS W=1u L=1u
M1 VDD 3 4 4 NMOS W=1u L=1u
R1 3 VDD 1k
.MODEL NMOS NMOS (LEVEL=1 VTO=1 KP=1.0e-4 LAMBDA=0.02)

.OP
.PRINT OP V(3) V(4) V(VDD)
.END"
335,"*SPICE Netlist for circuit 335
I1 VDD 5 DC 1mA
M1 5 5 0 0 NMOS W=1u L=1u
M2 1 5 0 0 NMOS W=1u L=1u
M3 5 1 VDD VDD NMOS W=1u L=1u
M4 1 1 VDD VDD PMOS W=1u L=1u
.MODEL NMOS NMOS (LEVEL=1 VTO=1 KP=1.0e-4 LAMBDA=0.02)
.MODEL PMOS PMOS (LEVEL=1 VTO=1 KP=1.0e-4 LAMBDA=0.02)

.OP
.PRINT OP V(1) V(5) V(VDD)
.END","In the given SPICE netlist, what is the DC voltage at node 1?
A. 5.254 V
B. -323 mV
C. -1.3 V
D. -645.9 mV",D,"*SPICE Netlist for circuit 335
I1 VDD 5 DC 1mA
M1 5 5 0 0 NMOS W=1u L=1u
M2 1 5 0 0 NMOS W=1u L=1u
M3 5 1 VDD VDD NMOS W=1u L=1u
M4 1 1 VDD VDD PMOS W=1u L=1u
.MODEL NMOS NMOS (LEVEL=1 VTO=1 KP=1.0e-4 LAMBDA=0.02)
.MODEL PMOS PMOS (LEVEL=1 VTO=1 KP=1.0e-4 LAMBDA=0.02)

.OP
.PRINT OP V(1) V(5) V(VDD)
.END"
335,"*SPICE Netlist for circuit 335
I1 VDD 5 DC 1mA
M1 5 5 0 0 NMOS W=1u L=1u
M2 1 5 0 0 NMOS W=1u L=1u
M3 5 1 VDD VDD NMOS W=1u L=1u
M4 1 1 VDD VDD PMOS W=1u L=1u
.MODEL NMOS NMOS (LEVEL=1 VTO=1 KP=1.0e-4 LAMBDA=0.02)
.MODEL PMOS PMOS (LEVEL=1 VTO=1 KP=1.0e-4 LAMBDA=0.02)

.OP
.PRINT OP V(1) V(5) V(VDD)
.END","In the given SPICE netlist, what is the DC voltage at node 5?
A. -1.3 V
B. 5.254 V
C. -645.9 mV
D. 10.51 V",B,"*SPICE Netlist for circuit 335
I1 VDD 5 DC 1mA
M1 5 5 0 0 NMOS W=1u L=1u
M2 1 5 0 0 NMOS W=1u L=1u
M3 5 1 VDD VDD NMOS W=1u L=1u
M4 1 1 VDD VDD PMOS W=1u L=1u
.MODEL NMOS NMOS (LEVEL=1 VTO=1 KP=1.0e-4 LAMBDA=0.02)
.MODEL PMOS PMOS (LEVEL=1 VTO=1 KP=1.0e-4 LAMBDA=0.02)

.OP
.PRINT OP V(1) V(5) V(VDD)
.END"
337,"*SPICE Netlist for circuit 337
C1 0 3 1nF
M1 2 2 3 3 NMOS W=1u L=1u
I1 VDD 2 DC 1mA
M2 4 2 0 0 NMOS W=1u L=1u
R1 4 VDD 1k
.MODEL NMOS NMOS (LEVEL=1 VTO=1 KP=1.0e-4 LAMBDA=0.02)

.OP
.PRINT OP V(2) V(3) V(4) V(VDD)
.END","In the given SPICE netlist, what is the DC voltage at node 2?
A. -1.6 V
B. 15.25 V
C. 10 V
D. -599.6 mV",B,"*SPICE Netlist for circuit 337
C1 0 3 1nF
M1 2 2 3 3 NMOS W=1u L=1u
I1 VDD 2 DC 1mA
M2 4 2 0 0 NMOS W=1u L=1u
R1 4 VDD 1k
.MODEL NMOS NMOS (LEVEL=1 VTO=1 KP=1.0e-4 LAMBDA=0.02)

.OP
.PRINT OP V(2) V(3) V(4) V(VDD)
.END"
337,"*SPICE Netlist for circuit 337
C1 0 3 1nF
M1 2 2 3 3 NMOS W=1u L=1u
I1 VDD 2 DC 1mA
M2 4 2 0 0 NMOS W=1u L=1u
R1 4 VDD 1k
.MODEL NMOS NMOS (LEVEL=1 VTO=1 KP=1.0e-4 LAMBDA=0.02)

.OP
.PRINT OP V(2) V(3) V(4) V(VDD)
.END","In the given SPICE netlist, what is the DC voltage at node 3?
A. -1.6 V
B. 15.25 V
C. 10 V
D. -599.6 mV",C,"*SPICE Netlist for circuit 337
C1 0 3 1nF
M1 2 2 3 3 NMOS W=1u L=1u
I1 VDD 2 DC 1mA
M2 4 2 0 0 NMOS W=1u L=1u
R1 4 VDD 1k
.MODEL NMOS NMOS (LEVEL=1 VTO=1 KP=1.0e-4 LAMBDA=0.02)

.OP
.PRINT OP V(2) V(3) V(4) V(VDD)
.END"
337,"*SPICE Netlist for circuit 337
C1 0 3 1nF
M1 2 2 3 3 NMOS W=1u L=1u
I1 VDD 2 DC 1mA
M2 4 2 0 0 NMOS W=1u L=1u
R1 4 VDD 1k
.MODEL NMOS NMOS (LEVEL=1 VTO=1 KP=1.0e-4 LAMBDA=0.02)

.OP
.PRINT OP V(2) V(3) V(4) V(VDD)
.END","In the given SPICE netlist, what is the DC voltage at node 4?
A. -1.6 V
B. -599.6 mV
C. 10 V
D. 15.25 V",B,"*SPICE Netlist for circuit 337
C1 0 3 1nF
M1 2 2 3 3 NMOS W=1u L=1u
I1 VDD 2 DC 1mA
M2 4 2 0 0 NMOS W=1u L=1u
R1 4 VDD 1k
.MODEL NMOS NMOS (LEVEL=1 VTO=1 KP=1.0e-4 LAMBDA=0.02)

.OP
.PRINT OP V(2) V(3) V(4) V(VDD)
.END"
338,"*SPICE Netlist for circuit 338
C1 3 0 1nF
M2 4 2 3 3 NMOS W=1u L=1u
I1 VDD 2 DC 1mA
M1 2 2 0 0 NMOS W=1u L=1u
R1 4 VDD 1k
.MODEL NMOS NMOS (LEVEL=1 VTO=1 KP=1.0e-4 LAMBDA=0.02)

.OP
.PRINT OP V(2) V(3) V(4) V(VDD)
.END","In the given SPICE netlist, what is the DC voltage at node 2?
A. 10.51 V
B. -5.254 V
C. 5.254 V
D. 2.627 V",C,"*SPICE Netlist for circuit 338
C1 3 0 1nF
M2 4 2 3 3 NMOS W=1u L=1u
I1 VDD 2 DC 1mA
M1 2 2 0 0 NMOS W=1u L=1u
R1 4 VDD 1k
.MODEL NMOS NMOS (LEVEL=1 VTO=1 KP=1.0e-4 LAMBDA=0.02)

.OP
.PRINT OP V(2) V(3) V(4) V(VDD)
.END"
342,"*SPICE Netlist for circuit 342
C1 0 4 1nF
M3 5 2 4 4 NMOS W=1u L=1u
I1 VDD 2 DC 1mA
M1 2 2 0 0 NMOS W=1u L=1u
M2 6 1 5 5 NMOS W=1u L=1u
R1 6 VDD 1k
.MODEL NMOS NMOS (LEVEL=1 VTO=1 KP=1.0e-4 LAMBDA=0.02)

.OP
.PRINT OP V(1) V(2) V(4) V(5) V(6) V(VDD)
.END","In the given SPICE netlist, what is the DC voltage at node 6?
A. -10 V
B. 5.254 V
C. 0 V
D. -11.23 V",D,"*SPICE Netlist for circuit 342
C1 0 4 1nF
M3 5 2 4 4 NMOS W=1u L=1u
I1 VDD 2 DC 1mA
M1 2 2 0 0 NMOS W=1u L=1u
M2 6 1 5 5 NMOS W=1u L=1u
R1 6 VDD 1k
.MODEL NMOS NMOS (LEVEL=1 VTO=1 KP=1.0e-4 LAMBDA=0.02)

.OP
.PRINT OP V(1) V(2) V(4) V(5) V(6) V(VDD)
.END"
342,"*SPICE Netlist for circuit 342
C1 0 4 1nF
M3 5 2 4 4 NMOS W=1u L=1u
I1 VDD 2 DC 1mA
M1 2 2 0 0 NMOS W=1u L=1u
M2 6 1 5 5 NMOS W=1u L=1u
R1 6 VDD 1k
.MODEL NMOS NMOS (LEVEL=1 VTO=1 KP=1.0e-4 LAMBDA=0.02)

.OP
.PRINT OP V(1) V(2) V(4) V(5) V(6) V(VDD)
.END","In the given SPICE netlist, what is the DC voltage at node 5?
A. -10.6 V
B. 0 V
C. 5.254 V
D. -10 V",A,"*SPICE Netlist for circuit 342
C1 0 4 1nF
M3 5 2 4 4 NMOS W=1u L=1u
I1 VDD 2 DC 1mA
M1 2 2 0 0 NMOS W=1u L=1u
M2 6 1 5 5 NMOS W=1u L=1u
R1 6 VDD 1k
.MODEL NMOS NMOS (LEVEL=1 VTO=1 KP=1.0e-4 LAMBDA=0.02)

.OP
.PRINT OP V(1) V(2) V(4) V(5) V(6) V(VDD)
.END"
342,"*SPICE Netlist for circuit 342
C1 0 4 1nF
M3 5 2 4 4 NMOS W=1u L=1u
I1 VDD 2 DC 1mA
M1 2 2 0 0 NMOS W=1u L=1u
M2 6 1 5 5 NMOS W=1u L=1u
R1 6 VDD 1k
.MODEL NMOS NMOS (LEVEL=1 VTO=1 KP=1.0e-4 LAMBDA=0.02)

.OP
.PRINT OP V(1) V(2) V(4) V(5) V(6) V(VDD)
.END","In the given SPICE netlist, what is the DC voltage at node 2?
A. 0 V
B. -10.6 V
C. 5.254 V
D. -10 V",C,"*SPICE Netlist for circuit 342
C1 0 4 1nF
M3 5 2 4 4 NMOS W=1u L=1u
I1 VDD 2 DC 1mA
M1 2 2 0 0 NMOS W=1u L=1u
M2 6 1 5 5 NMOS W=1u L=1u
R1 6 VDD 1k
.MODEL NMOS NMOS (LEVEL=1 VTO=1 KP=1.0e-4 LAMBDA=0.02)

.OP
.PRINT OP V(1) V(2) V(4) V(5) V(6) V(VDD)
.END"
343,"*SPICE Netlist for circuit 343
C1 3 2 1nF
I1 VDD 3 DC 1mA
M1 3 3 0 0 NMOS W=1u L=1u
M3 2 3 0 0 NMOS W=1u L=1u
M2 6 1 2 2 NMOS W=1u L=1u
R1 6 VDD 1k
.MODEL NMOS NMOS (LEVEL=1 VTO=1 KP=1.0e-4 LAMBDA=0.02)

.OP
.PRINT OP V(1) V(2) V(3) V(6) V(VDD)
.END","In the given SPICE netlist, what is the DC voltage at node 2?
A. -1.298 V
B. 0 V
C. 5.096 V
D. -643.4 mV",D,"*SPICE Netlist for circuit 343
C1 3 2 1nF
I1 VDD 3 DC 1mA
M1 3 3 0 0 NMOS W=1u L=1u
M3 2 3 0 0 NMOS W=1u L=1u
M2 6 1 2 2 NMOS W=1u L=1u
R1 6 VDD 1k
.MODEL NMOS NMOS (LEVEL=1 VTO=1 KP=1.0e-4 LAMBDA=0.02)

.OP
.PRINT OP V(1) V(2) V(3) V(6) V(VDD)
.END"
343,"*SPICE Netlist for circuit 343
C1 3 2 1nF
I1 VDD 3 DC 1mA
M1 3 3 0 0 NMOS W=1u L=1u
M3 2 3 0 0 NMOS W=1u L=1u
M2 6 1 2 2 NMOS W=1u L=1u
R1 6 VDD 1k
.MODEL NMOS NMOS (LEVEL=1 VTO=1 KP=1.0e-4 LAMBDA=0.02)

.OP
.PRINT OP V(1) V(2) V(3) V(6) V(VDD)
.END","In the given SPICE netlist, what is the DC voltage at node 6?
A. 5.096 V
B. 0 V
C. -1.298 V
D. -643.4 mV",C,"*SPICE Netlist for circuit 343
C1 3 2 1nF
I1 VDD 3 DC 1mA
M1 3 3 0 0 NMOS W=1u L=1u
M3 2 3 0 0 NMOS W=1u L=1u
M2 6 1 2 2 NMOS W=1u L=1u
R1 6 VDD 1k
.MODEL NMOS NMOS (LEVEL=1 VTO=1 KP=1.0e-4 LAMBDA=0.02)

.OP
.PRINT OP V(1) V(2) V(3) V(6) V(VDD)
.END"
343,"*SPICE Netlist for circuit 343
C1 3 2 1nF
I1 VDD 3 DC 1mA
M1 3 3 0 0 NMOS W=1u L=1u
M3 2 3 0 0 NMOS W=1u L=1u
M2 6 1 2 2 NMOS W=1u L=1u
R1 6 VDD 1k
.MODEL NMOS NMOS (LEVEL=1 VTO=1 KP=1.0e-4 LAMBDA=0.02)

.OP
.PRINT OP V(1) V(2) V(3) V(6) V(VDD)
.END","In the given SPICE netlist, what is the DC voltage at node 3?
A. 5.096 V
B. -643.4 mV
C. 0 V
D. -1.298 V",A,"*SPICE Netlist for circuit 343
C1 3 2 1nF
I1 VDD 3 DC 1mA
M1 3 3 0 0 NMOS W=1u L=1u
M3 2 3 0 0 NMOS W=1u L=1u
M2 6 1 2 2 NMOS W=1u L=1u
R1 6 VDD 1k
.MODEL NMOS NMOS (LEVEL=1 VTO=1 KP=1.0e-4 LAMBDA=0.02)

.OP
.PRINT OP V(1) V(2) V(3) V(6) V(VDD)
.END"
354,"*SPICE Netlist for circuit 354
C1 0 3 1nF
I1 2 0 DC 1mA
M3 1 1 VDD VDD NMOS W=1u L=1u
M4 3 1 VDD VDD PMOS W=1u L=1u
M2 1 8 2 2 NMOS W=1u L=1u
M1 3 4 2 2 NMOS W=1u L=1u
.MODEL NMOS NMOS (LEVEL=1 VTO=1 KP=1.0e-4 LAMBDA=0.02)
.MODEL PMOS PMOS (LEVEL=1 VTO=1 KP=1.0e-4 LAMBDA=0.02)

.OP
.PRINT OP V(1) V(2) V(3) V(4) V(8) V(VDD)
.END","In the given SPICE netlist, what is the DC voltage at node 1?
A. -10.91 V
B. -10 V
C. 0 V
D. -21.83 V",A,"*SPICE Netlist for circuit 354
C1 0 3 1nF
I1 2 0 DC 1mA
M3 1 1 VDD VDD NMOS W=1u L=1u
M4 3 1 VDD VDD PMOS W=1u L=1u
M2 1 8 2 2 NMOS W=1u L=1u
M1 3 4 2 2 NMOS W=1u L=1u
.MODEL NMOS NMOS (LEVEL=1 VTO=1 KP=1.0e-4 LAMBDA=0.02)
.MODEL PMOS PMOS (LEVEL=1 VTO=1 KP=1.0e-4 LAMBDA=0.02)

.OP
.PRINT OP V(1) V(2) V(3) V(4) V(8) V(VDD)
.END"
354,"*SPICE Netlist for circuit 354
C1 0 3 1nF
I1 2 0 DC 1mA
M3 1 1 VDD VDD NMOS W=1u L=1u
M4 3 1 VDD VDD PMOS W=1u L=1u
M2 1 8 2 2 NMOS W=1u L=1u
M1 3 4 2 2 NMOS W=1u L=1u
.MODEL NMOS NMOS (LEVEL=1 VTO=1 KP=1.0e-4 LAMBDA=0.02)
.MODEL PMOS PMOS (LEVEL=1 VTO=1 KP=1.0e-4 LAMBDA=0.02)

.OP
.PRINT OP V(1) V(2) V(3) V(4) V(8) V(VDD)
.END","In the given SPICE netlist, what is the DC voltage at node 3?
A. -10 V
B. -20 V
C. 0 V
D. -10.91 V",A,"*SPICE Netlist for circuit 354
C1 0 3 1nF
I1 2 0 DC 1mA
M3 1 1 VDD VDD NMOS W=1u L=1u
M4 3 1 VDD VDD PMOS W=1u L=1u
M2 1 8 2 2 NMOS W=1u L=1u
M1 3 4 2 2 NMOS W=1u L=1u
.MODEL NMOS NMOS (LEVEL=1 VTO=1 KP=1.0e-4 LAMBDA=0.02)
.MODEL PMOS PMOS (LEVEL=1 VTO=1 KP=1.0e-4 LAMBDA=0.02)

.OP
.PRINT OP V(1) V(2) V(3) V(4) V(8) V(VDD)
.END"
354,"*SPICE Netlist for circuit 354
C1 0 3 1nF
I1 2 0 DC 1mA
M3 1 1 VDD VDD NMOS W=1u L=1u
M4 3 1 VDD VDD PMOS W=1u L=1u
M2 1 8 2 2 NMOS W=1u L=1u
M1 3 4 2 2 NMOS W=1u L=1u
.MODEL NMOS NMOS (LEVEL=1 VTO=1 KP=1.0e-4 LAMBDA=0.02)
.MODEL PMOS PMOS (LEVEL=1 VTO=1 KP=1.0e-4 LAMBDA=0.02)

.OP
.PRINT OP V(1) V(2) V(3) V(4) V(8) V(VDD)
.END","In the given SPICE netlist, what is the DC voltage at node 2?
A. -21.95 V
B. -10.97 V
C. -10 V
D. 0 V",B,"*SPICE Netlist for circuit 354
C1 0 3 1nF
I1 2 0 DC 1mA
M3 1 1 VDD VDD NMOS W=1u L=1u
M4 3 1 VDD VDD PMOS W=1u L=1u
M2 1 8 2 2 NMOS W=1u L=1u
M1 3 4 2 2 NMOS W=1u L=1u
.MODEL NMOS NMOS (LEVEL=1 VTO=1 KP=1.0e-4 LAMBDA=0.02)
.MODEL PMOS PMOS (LEVEL=1 VTO=1 KP=1.0e-4 LAMBDA=0.02)

.OP
.PRINT OP V(1) V(2) V(3) V(4) V(8) V(VDD)
.END"
356,"*SPICE Netlist for circuit 356
C1 2 3 1nF
I1 VDD 3 DC 1mA
M1 3 2 0 0 NMOS W=1u L=1u
R1 5 2 1k
.MODEL NMOS NMOS (LEVEL=1 VTO=1 KP=1.0e-4 LAMBDA=0.02)

.OP
.PRINT OP V(2) V(3) V(5) V(VDD)
.END","In the given SPICE netlist, what is the DC voltage at node 5?
A. -1 mV
B. 5.254 V
C. 2.627 V
D. 10.51 V",B,"*SPICE Netlist for circuit 356
C1 2 3 1nF
I1 VDD 3 DC 1mA
M1 3 2 0 0 NMOS W=1u L=1u
R1 5 2 1k
.MODEL NMOS NMOS (LEVEL=1 VTO=1 KP=1.0e-4 LAMBDA=0.02)

.OP
.PRINT OP V(2) V(3) V(5) V(VDD)
.END"
356,"*SPICE Netlist for circuit 356
C1 2 3 1nF
I1 VDD 3 DC 1mA
M1 3 2 0 0 NMOS W=1u L=1u
R1 5 2 1k
.MODEL NMOS NMOS (LEVEL=1 VTO=1 KP=1.0e-4 LAMBDA=0.02)

.OP
.PRINT OP V(2) V(3) V(5) V(VDD)
.END","In the given SPICE netlist, what is the DC voltage at node 3?
A. 10.51 V
B. -1 mV
C. 2.627 V
D. 5.254 V",D,"*SPICE Netlist for circuit 356
C1 2 3 1nF
I1 VDD 3 DC 1mA
M1 3 2 0 0 NMOS W=1u L=1u
R1 5 2 1k
.MODEL NMOS NMOS (LEVEL=1 VTO=1 KP=1.0e-4 LAMBDA=0.02)

.OP
.PRINT OP V(2) V(3) V(5) V(VDD)
.END"
356,"*SPICE Netlist for circuit 356
C1 2 3 1nF
I1 VDD 3 DC 1mA
M1 3 2 0 0 NMOS W=1u L=1u
R1 5 2 1k
.MODEL NMOS NMOS (LEVEL=1 VTO=1 KP=1.0e-4 LAMBDA=0.02)

.OP
.PRINT OP V(2) V(3) V(5) V(VDD)
.END","In the given SPICE netlist, what is the DC voltage at node 2?
A. -1 mV
B. 10.51 V
C. 2.627 V
D. 5.254 V",D,"*SPICE Netlist for circuit 356
C1 2 3 1nF
I1 VDD 3 DC 1mA
M1 3 2 0 0 NMOS W=1u L=1u
R1 5 2 1k
.MODEL NMOS NMOS (LEVEL=1 VTO=1 KP=1.0e-4 LAMBDA=0.02)

.OP
.PRINT OP V(2) V(3) V(5) V(VDD)
.END"
358,"*SPICE Netlist for circuit 358
I1 VDD 2 DC 1mA
R2 3 0 1k
M1 2 1 3 3 NMOS W=1u L=1u
R1 2 1k
.MODEL NMOS NMOS (LEVEL=1 VTO=1 KP=1.0e-4 LAMBDA=0.02)

.OP
.PRINT OP V(1) V(1k) V(2) V(3) V(VDD)
.END","In the given SPICE netlist, what is the DC voltage at node 3?
A. 1 V
B. 500 mV
C. 0 V
D. -1 mV",B,"*SPICE Netlist for circuit 358
I1 VDD 2 DC 1mA
R2 3 0 1k
M1 2 1 3 3 NMOS W=1u L=1u
R1 2 1k
.MODEL NMOS NMOS (LEVEL=1 VTO=1 KP=1.0e-4 LAMBDA=0.02)

.OP
.PRINT OP V(1) V(1k) V(2) V(3) V(VDD)
.END"
359,"*SPICE Netlist for circuit 359
C1 0 2 1nF
C2 0 1 1nF
C3 4 1 1nF
R2 2 4 1k
V1 5 0 5V
R1 2 1 1k
R3 5 2 1k

.OP
.PRINT OP V(1) V(2) V(4) V(5) I(V1)
.END","In the given SPICE netlist, what is the DC voltage at node 2?
A. 5 V
B. 10 V
C. 0 V
D. 2.5 V",A,"*SPICE Netlist for circuit 359
C1 0 2 1nF
C2 0 1 1nF
C3 4 1 1nF
R2 2 4 1k
V1 5 0 5V
R1 2 1 1k
R3 5 2 1k

.OP
.PRINT OP V(1) V(2) V(4) V(5) I(V1)
.END"
70,"M1 NMOS N1 N2 0 0 NA
RD R VDD N1 NA",2. What is the DC current drawn from the voltage source VDD?,2. I(VDD) = -10.01 pA.,"MOSFET circuit

M1 N1 N2 0 0 NMOS
RD R VDD N1 1k

VDD VDD 0 DC 5

.model NMOS NMOS (LEVEL=1 VTO=1 KP=1.0e-4 LAMBDA=0.02)

.op
.end"
359,"*SPICE Netlist for circuit 359
C1 0 2 1nF
C2 0 1 1nF
C3 4 1 1nF
R2 2 4 1k
V1 5 0 5V
R1 2 1 1k
R3 5 2 1k

.OP
.PRINT OP V(1) V(2) V(4) V(5) I(V1)
.END","In the given SPICE netlist, what is the DC voltage at node 4?
A. 5 V
B. 2.5 V
C. 0 V
D. 10 V",A,"*SPICE Netlist for circuit 359
C1 0 2 1nF
C2 0 1 1nF
C3 4 1 1nF
R2 2 4 1k
V1 5 0 5V
R1 2 1 1k
R3 5 2 1k

.OP
.PRINT OP V(1) V(2) V(4) V(5) I(V1)
.END"
360,"*SPICE Netlist for circuit 360
I1 3 0 DC 1mA
V1 5 0 5V
R1 1 VDD 1k
M1 1 2 3 3 NMOS W=1u L=1u
R2 5 3 1k
.MODEL NMOS NMOS (LEVEL=1 VTO=1 KP=1.0e-4 LAMBDA=0.02)

.OP
.PRINT OP V(1) V(2) V(3) V(5) V(VDD) I(V1)
.END","In the given SPICE netlist, what is the DC voltage at node 1?
A. -1 mV
B. 5 V
C. 3.829 V
D. 0 V",C,"*SPICE Netlist for circuit 360
I1 3 0 DC 1mA
V1 5 0 5V
R1 1 VDD 1k
M1 1 2 3 3 NMOS W=1u L=1u
R2 5 3 1k
.MODEL NMOS NMOS (LEVEL=1 VTO=1 KP=1.0e-4 LAMBDA=0.02)

.OP
.PRINT OP V(1) V(2) V(3) V(5) V(VDD) I(V1)
.END"
360,"*SPICE Netlist for circuit 360
I1 3 0 DC 1mA
V1 5 0 5V
R1 1 VDD 1k
M1 1 2 3 3 NMOS W=1u L=1u
R2 5 3 1k
.MODEL NMOS NMOS (LEVEL=1 VTO=1 KP=1.0e-4 LAMBDA=0.02)

.OP
.PRINT OP V(1) V(2) V(3) V(5) V(VDD) I(V1)
.END","In the given SPICE netlist, what is the DC voltage at node 3?
A. 4 V
B. 5 V
C. -1 mV
D. 0 V",A,"*SPICE Netlist for circuit 360
I1 3 0 DC 1mA
V1 5 0 5V
R1 1 VDD 1k
M1 1 2 3 3 NMOS W=1u L=1u
R2 5 3 1k
.MODEL NMOS NMOS (LEVEL=1 VTO=1 KP=1.0e-4 LAMBDA=0.02)

.OP
.PRINT OP V(1) V(2) V(3) V(5) V(VDD) I(V1)
.END"
360,"*SPICE Netlist for circuit 360
I1 3 0 DC 1mA
V1 5 0 5V
R1 1 VDD 1k
M1 1 2 3 3 NMOS W=1u L=1u
R2 5 3 1k
.MODEL NMOS NMOS (LEVEL=1 VTO=1 KP=1.0e-4 LAMBDA=0.02)

.OP
.PRINT OP V(1) V(2) V(3) V(5) V(VDD) I(V1)
.END","In the given SPICE netlist, what is the DC current through V1?
A. 5 A
B. 0 A
C. 3.829 A
D. -1 mA",D,"*SPICE Netlist for circuit 360
I1 3 0 DC 1mA
V1 5 0 5V
R1 1 VDD 1k
M1 1 2 3 3 NMOS W=1u L=1u
R2 5 3 1k
.MODEL NMOS NMOS (LEVEL=1 VTO=1 KP=1.0e-4 LAMBDA=0.02)

.OP
.PRINT OP V(1) V(2) V(3) V(5) V(VDD) I(V1)
.END"
361,"*SPICE Netlist for circuit 361
C1 0 3 1nF
C2 0 2 1nF
C3 2 3 1nF
M1 3 2 0 0 NMOS W=1u L=1u
V1 5 0 5V
R1 3 VDD 1k
R2 5 2 1k
.MODEL NMOS NMOS (LEVEL=1 VTO=1 KP=1.0e-4 LAMBDA=0.02)

.OP
.PRINT OP V(2) V(3) V(5) V(VDD) I(V1)
.END","In the given SPICE netlist, what is the DC voltage at node 2?
A. 10 V
B. 0 V
C. 5 V
D. 2.5 V",C,"*SPICE Netlist for circuit 361
C1 0 3 1nF
C2 0 2 1nF
C3 2 3 1nF
M1 3 2 0 0 NMOS W=1u L=1u
V1 5 0 5V
R1 3 VDD 1k
R2 5 2 1k
.MODEL NMOS NMOS (LEVEL=1 VTO=1 KP=1.0e-4 LAMBDA=0.02)

.OP
.PRINT OP V(2) V(3) V(5) V(VDD) I(V1)
.END"
362,"*SPICE Netlist for circuit 362
C1 0 2 1nF
C2 0 1 1nF
M1 2 1 0 0 NMOS W=1u L=1u
V1 5 0 5V
R2 5 1 1k
R1 2 VDD 1k
.MODEL NMOS NMOS (LEVEL=1 VTO=1 KP=1.0e-4 LAMBDA=0.02)

.OP
.PRINT OP V(1) V(2) V(5) V(VDD) I(V1)
.END","In the given SPICE netlist, what is the DC voltage at node 1?
A. 0 V
B. 10 V
C. 5 V
D. 2.5 V",C,"*SPICE Netlist for circuit 362
C1 0 2 1nF
C2 0 1 1nF
M1 2 1 0 0 NMOS W=1u L=1u
V1 5 0 5V
R2 5 1 1k
R1 2 VDD 1k
.MODEL NMOS NMOS (LEVEL=1 VTO=1 KP=1.0e-4 LAMBDA=0.02)

.OP
.PRINT OP V(1) V(2) V(5) V(VDD) I(V1)
.END"
364,"*SPICE Netlist for circuit 364
C1 0 3 1nF
C2 0 2 1nF
C3 2 3 1nF
I1 VDD 3 DC 1mA
M1 3 2 0 0 NMOS W=1u L=1u
V1 5 0 5V
R1 5 2 1k
.MODEL NMOS NMOS (LEVEL=1 VTO=1 KP=1.0e-4 LAMBDA=0.02)

.OP
.PRINT OP V(2) V(3) V(5) V(VDD) I(V1)
.END","In the given SPICE netlist, what is the DC voltage at node 2?
A. 0 V
B. 12.5 V
C. -1 mV
D. 5 V",D,"*SPICE Netlist for circuit 364
C1 0 3 1nF
C2 0 2 1nF
C3 2 3 1nF
I1 VDD 3 DC 1mA
M1 3 2 0 0 NMOS W=1u L=1u
V1 5 0 5V
R1 5 2 1k
.MODEL NMOS NMOS (LEVEL=1 VTO=1 KP=1.0e-4 LAMBDA=0.02)

.OP
.PRINT OP V(2) V(3) V(5) V(VDD) I(V1)
.END"
364,"*SPICE Netlist for circuit 364
C1 0 3 1nF
C2 0 2 1nF
C3 2 3 1nF
I1 VDD 3 DC 1mA
M1 3 2 0 0 NMOS W=1u L=1u
V1 5 0 5V
R1 5 2 1k
.MODEL NMOS NMOS (LEVEL=1 VTO=1 KP=1.0e-4 LAMBDA=0.02)

.OP
.PRINT OP V(2) V(3) V(5) V(VDD) I(V1)
.END","In the given SPICE netlist, what is the DC voltage at node 3?
A. 5 V
B. 12.5 V
C. 0 V
D. -1 mV",B,"*SPICE Netlist for circuit 364
C1 0 3 1nF
C2 0 2 1nF
C3 2 3 1nF
I1 VDD 3 DC 1mA
M1 3 2 0 0 NMOS W=1u L=1u
V1 5 0 5V
R1 5 2 1k
.MODEL NMOS NMOS (LEVEL=1 VTO=1 KP=1.0e-4 LAMBDA=0.02)

.OP
.PRINT OP V(2) V(3) V(5) V(VDD) I(V1)
.END"
365,"*SPICE Netlist for circuit 365
C1 0 2 1nF
C2 2 1 1nF
V1 4 0 5V
M1 1 2 0 0 NMOS W=1u L=1u
R1 1 VDD 1k
R2 4 2 1k
.MODEL NMOS NMOS (LEVEL=1 VTO=1 KP=1.0e-4 LAMBDA=0.02)

.OP
.PRINT OP V(1) V(2) V(4) V(VDD) I(V1)
.END","In the given SPICE netlist, what is the DC voltage at node 2?
A. 2.5 V
B. 5 V
C. 0 V
D. 10 V",B,"*SPICE Netlist for circuit 365
C1 0 2 1nF
C2 2 1 1nF
V1 4 0 5V
M1 1 2 0 0 NMOS W=1u L=1u
R1 1 VDD 1k
R2 4 2 1k
.MODEL NMOS NMOS (LEVEL=1 VTO=1 KP=1.0e-4 LAMBDA=0.02)

.OP
.PRINT OP V(1) V(2) V(4) V(VDD) I(V1)
.END"
368,"*SPICE Netlist for circuit 368
C1 0 1 1nF
I1 1 0 DC 1mA
V1 4 0 5V
M1 VDD 5 1 1 NMOS W=1u L=1u
R1 4 5 1k
.MODEL NMOS NMOS (LEVEL=1 VTO=1 KP=1.0e-4 LAMBDA=0.02)

.OP
.PRINT OP V(1) V(4) V(5) V(VDD) I(V1)
.END","In the given SPICE netlist, what is the DC voltage at node 5?
A. 0 V
B. -10 V
C. 5 V
D. 10 V",C,"*SPICE Netlist for circuit 368
C1 0 1 1nF
I1 1 0 DC 1mA
V1 4 0 5V
M1 VDD 5 1 1 NMOS W=1u L=1u
R1 4 5 1k
.MODEL NMOS NMOS (LEVEL=1 VTO=1 KP=1.0e-4 LAMBDA=0.02)

.OP
.PRINT OP V(1) V(4) V(5) V(VDD) I(V1)
.END"
388,"M1 NMOS N1 Vin1 0 0 NA
C1 C Vin1 N1 NA
R1 R N1 0 NA
C2 C N1 0 NA","At 1 MHz, what are the magnitude and phase of the current through V1 (I(V1))?","|I(V1)| = 1.0 mA, ∠I(V1) = -6.28319°","Simple MOSFET stage with capacitive load

M1 N1 Vin1 0 0 NMOS
C1 C Vin1 N1 1n
R1 R N1 0 1k
C2 C N1 0 1n

VDD VDD 0 DC 5
V1 Vin1 0 DC 0

.model NMOS NMOS (LEVEL=1 VTO=1 KP=1.0e-4 LAMBDA=0.02)

.op
.end"
51,"M1 NMOS N_VX N1 0 0 NA
C1 C N_VX N1 NA
V1 V N1 0 NA",2. What is the DC current drawn from the voltage source V1?,2. I(V1) = 0.00 A.,"MOSFET circuit with capacitor and input source
M1 N_VX N1 0 0 NMOS
C1 N_VX N1 1n
V1 N1 0 DC 5
VDD VDD 0 DC 5
.model NMOS NMOS (LEVEL=1 VTO=1 KP=1.0e-4 LAMBDA=0.02)
.model PMOS PMOS (LEVEL=1 VTO=1 KP=1.0e-4 LAMBDA=0.02)
.op
.end"
374,"*SPICE Netlist for circuit 374
C1 0 1 1nF
I1 1 0 DC 1mA
V1 5 0 5V
M1 2 1 0 0 NMOS W=1u L=1u
R1 5 2 1k
M2 VDD 2 1 1 NMOS W=1u L=1u
.MODEL NMOS NMOS (LEVEL=1 VTO=1 KP=1.0e-4 LAMBDA=0.02)

.OP
.PRINT OP V(1) V(2) V(5) V(VDD) I(V1)
.END","In the given SPICE netlist, what is the DC voltage at node 1?
A. 5 V
B. 0 V
C. -20 V
D. -10 V",D,"*SPICE Netlist for circuit 374
C1 0 1 1nF
I1 1 0 DC 1mA
V1 5 0 5V
M1 2 1 0 0 NMOS W=1u L=1u
R1 5 2 1k
M2 VDD 2 1 1 NMOS W=1u L=1u
.MODEL NMOS NMOS (LEVEL=1 VTO=1 KP=1.0e-4 LAMBDA=0.02)

.OP
.PRINT OP V(1) V(2) V(5) V(VDD) I(V1)
.END"
383,"*SPICE Netlist for circuit 383
C1 0 2 1nF
C2 0 4 1nF
I1 4 0 DC 1mA
M1 2 3 4 4 NMOS W=1u L=1u
R1 4 2 1k
.MODEL NMOS NMOS (LEVEL=1 VTO=1 KP=1.0e-4 LAMBDA=0.02)

.OP
.PRINT OP V(2) V(3) V(4)
.END","In the given SPICE netlist, what is the DC voltage at node 4?
A. -10.36 V
B. -5.181 V
C. 0 V
D. -4.819 V",B,"*SPICE Netlist for circuit 383
C1 0 2 1nF
C2 0 4 1nF
I1 4 0 DC 1mA
M1 2 3 4 4 NMOS W=1u L=1u
R1 4 2 1k
.MODEL NMOS NMOS (LEVEL=1 VTO=1 KP=1.0e-4 LAMBDA=0.02)

.OP
.PRINT OP V(2) V(3) V(4)
.END"
349,"M1 NMOS Nleft Vin1 Ntail Ntail NA
M2 NMOS Nout Vin2 Ntail Ntail NA
M3 PMOS Ntop Nleft VDD VDD NA
M4 PMOS Ntop Nout VDD VDD NA
R1 R Nleft Nout NA
I1 I Ntail 0 Iss",2. What is the current through V1 at all swept voltages?,2. The current through V1 is -1 mA at all swept voltages.,"Differential pair with active load and tail current source
M1 Nleft Vin1 Ntail Ntail NMOS
M2 Nout Vin2 Ntail Ntail NMOS
M3 Ntop Nleft VDD VDD PMOS
M4 Ntop Nout VDD VDD PMOS
R1 Nleft Nout 1k
I1 Ntail 0 DC 1mA
VDD VDD 0 DC 5

.model NMOS NMOS (LEVEL=1 VTO=1 KP=1.0e-4 LAMBDA=0.02)
.model PMOS PMOS (LEVEL=1 VTO=1 KP=1.0e-4 LAMBDA=0.02)

.op
.end"
398,"*SPICE Netlist for circuit 398
C1 2 1 1nF
M1 1 2 0 0 NMOS W=1u L=1u
V1 4 0 5V
R1 1 VDD 1k
R2 4 2 1k
.MODEL NMOS NMOS (LEVEL=1 VTO=1 KP=1.0e-4 LAMBDA=0.02)

.OP
.PRINT OP V(1) V(2) V(4) V(VDD) I(V1)
.END","In the given SPICE netlist, what is the DC voltage at node 2?
A. 10 V
B. 2.5 V
C. 0 V
D. 5 V",D,"*SPICE Netlist for circuit 398
C1 2 1 1nF
M1 1 2 0 0 NMOS W=1u L=1u
V1 4 0 5V
R1 1 VDD 1k
R2 4 2 1k
.MODEL NMOS NMOS (LEVEL=1 VTO=1 KP=1.0e-4 LAMBDA=0.02)

.OP
.PRINT OP V(1) V(2) V(4) V(VDD) I(V1)
.END"
401,"*SPICE Netlist for circuit 401
C1 2 1 1nF
V1 1 0 5V
M1 1 2 0 0 NMOS W=1u L=1u
V2 4 0 5V
R1 1 VDD 1k
R2 4 2 1k
.MODEL NMOS NMOS (LEVEL=1 VTO=1 KP=1.0e-4 LAMBDA=0.02)

.OP
.PRINT OP V(1) V(2) V(4) V(VDD) I(V1) I(V2)
.END","In the given SPICE netlist, what is the DC voltage at node 2?
A. 0 V
B. -880 µV
C. 5 V
D. 10 V",C,"*SPICE Netlist for circuit 401
C1 2 1 1nF
V1 1 0 5V
M1 1 2 0 0 NMOS W=1u L=1u
V2 4 0 5V
R1 1 VDD 1k
R2 4 2 1k
.MODEL NMOS NMOS (LEVEL=1 VTO=1 KP=1.0e-4 LAMBDA=0.02)

.OP
.PRINT OP V(1) V(2) V(4) V(VDD) I(V1) I(V2)
.END"
401,"*SPICE Netlist for circuit 401
C1 2 1 1nF
V1 1 0 5V
M1 1 2 0 0 NMOS W=1u L=1u
V2 4 0 5V
R1 1 VDD 1k
R2 4 2 1k
.MODEL NMOS NMOS (LEVEL=1 VTO=1 KP=1.0e-4 LAMBDA=0.02)

.OP
.PRINT OP V(1) V(2) V(4) V(VDD) I(V1) I(V2)
.END","In the given SPICE netlist, what is the DC current through V1?
A. 5 A
B. 0 A
C. -880 µA
D. -1.76 mA",C,"*SPICE Netlist for circuit 401
C1 2 1 1nF
V1 1 0 5V
M1 1 2 0 0 NMOS W=1u L=1u
V2 4 0 5V
R1 1 VDD 1k
R2 4 2 1k
.MODEL NMOS NMOS (LEVEL=1 VTO=1 KP=1.0e-4 LAMBDA=0.02)

.OP
.PRINT OP V(1) V(2) V(4) V(VDD) I(V1) I(V2)
.END"
404,"*SPICE Netlist for circuit 404
C1 2 5 1nF
C2 0 3 1nF
C3 5 3 1nF
I1 3 2 DC 1mA
V1 7 0 5V
R1 0 3 1k
R2 0 2 1k
R3 7 5 1k

.OP
.PRINT OP V(2) V(3) V(5) V(7) I(V1)
.END","In the given SPICE netlist, what is the DC voltage at node 2?
A. 5 V
B. 0 V
C. 1 V
D. -1 V",C,"*SPICE Netlist for circuit 404
C1 2 5 1nF
C2 0 3 1nF
C3 5 3 1nF
I1 3 2 DC 1mA
V1 7 0 5V
R1 0 3 1k
R2 0 2 1k
R3 7 5 1k

.OP
.PRINT OP V(2) V(3) V(5) V(7) I(V1)
.END"
404,"*SPICE Netlist for circuit 404
C1 2 5 1nF
C2 0 3 1nF
C3 5 3 1nF
I1 3 2 DC 1mA
V1 7 0 5V
R1 0 3 1k
R2 0 2 1k
R3 7 5 1k

.OP
.PRINT OP V(2) V(3) V(5) V(7) I(V1)
.END","In the given SPICE netlist, what is the DC voltage at node 3?
A. -1 V
B. 5 V
C. 1 V
D. 0 V",A,"*SPICE Netlist for circuit 404
C1 2 5 1nF
C2 0 3 1nF
C3 5 3 1nF
I1 3 2 DC 1mA
V1 7 0 5V
R1 0 3 1k
R2 0 2 1k
R3 7 5 1k

.OP
.PRINT OP V(2) V(3) V(5) V(7) I(V1)
.END"
404,"*SPICE Netlist for circuit 404
C1 2 5 1nF
C2 0 3 1nF
C3 5 3 1nF
I1 3 2 DC 1mA
V1 7 0 5V
R1 0 3 1k
R2 0 2 1k
R3 7 5 1k

.OP
.PRINT OP V(2) V(3) V(5) V(7) I(V1)
.END","In the given SPICE netlist, what is the DC voltage at node 5?
A. 1 V
B. -1 V
C. 5 V
D. 0 V",C,"*SPICE Netlist for circuit 404
C1 2 5 1nF
C2 0 3 1nF
C3 5 3 1nF
I1 3 2 DC 1mA
V1 7 0 5V
R1 0 3 1k
R2 0 2 1k
R3 7 5 1k

.OP
.PRINT OP V(2) V(3) V(5) V(7) I(V1)
.END"
405,"*SPICE Netlist for circuit 405
C1 2 5 1nF
C2 0 3 1nF
C3 5 3 1nF
I1 3 2 DC 1mA
R3 0 5 1k
R1 0 3 1k
V1 7 0 5V
R2 7 2 1k

.OP
.PRINT OP V(2) V(3) V(5) V(7) I(V1)
.END","In the given SPICE netlist, what is the DC voltage at node 2?
A. -1 V
B. 0 V
C. 6 V
D. 5 V",C,"*SPICE Netlist for circuit 405
C1 2 5 1nF
C2 0 3 1nF
C3 5 3 1nF
I1 3 2 DC 1mA
R3 0 5 1k
R1 0 3 1k
V1 7 0 5V
R2 7 2 1k

.OP
.PRINT OP V(2) V(3) V(5) V(7) I(V1)
.END"
405,"*SPICE Netlist for circuit 405
C1 2 5 1nF
C2 0 3 1nF
C3 5 3 1nF
I1 3 2 DC 1mA
R3 0 5 1k
R1 0 3 1k
V1 7 0 5V
R2 7 2 1k

.OP
.PRINT OP V(2) V(3) V(5) V(7) I(V1)
.END","In the given SPICE netlist, what is the DC voltage at node 3?
A. 6 V
B. 5 V
C. -1 V
D. 0 V",C,"*SPICE Netlist for circuit 405
C1 2 5 1nF
C2 0 3 1nF
C3 5 3 1nF
I1 3 2 DC 1mA
R3 0 5 1k
R1 0 3 1k
V1 7 0 5V
R2 7 2 1k

.OP
.PRINT OP V(2) V(3) V(5) V(7) I(V1)
.END"
405,"*SPICE Netlist for circuit 405
C1 2 5 1nF
C2 0 3 1nF
C3 5 3 1nF
I1 3 2 DC 1mA
R3 0 5 1k
R1 0 3 1k
V1 7 0 5V
R2 7 2 1k

.OP
.PRINT OP V(2) V(3) V(5) V(7) I(V1)
.END","In the given SPICE netlist, what is the DC current through V1?
A. 1 mA
B. 0 A
C. 6 A
D. -1 A",A,"*SPICE Netlist for circuit 405
C1 2 5 1nF
C2 0 3 1nF
C3 5 3 1nF
I1 3 2 DC 1mA
R3 0 5 1k
R1 0 3 1k
V1 7 0 5V
R2 7 2 1k

.OP
.PRINT OP V(2) V(3) V(5) V(7) I(V1)
.END"
406,"*SPICE Netlist for circuit 406
C1 1 2 1nF
C2 3 1 1nF
I1 VDD 2 DC 1mA
M1 2 1 0 0 NMOS W=1u L=1u
.MODEL NMOS NMOS (LEVEL=1 VTO=1 KP=1.0e-4 LAMBDA=0.02)

.OP
.PRINT OP V(1) V(2) V(3) V(VDD)
.END","In the given SPICE netlist, what is the DC voltage at node 3?
A. 10.51 V
B. 2.627 V
C. -111 mV
D. 5.254 V",D,"*SPICE Netlist for circuit 406
C1 1 2 1nF
C2 3 1 1nF
I1 VDD 2 DC 1mA
M1 2 1 0 0 NMOS W=1u L=1u
.MODEL NMOS NMOS (LEVEL=1 VTO=1 KP=1.0e-4 LAMBDA=0.02)

.OP
.PRINT OP V(1) V(2) V(3) V(VDD)
.END"
406,"*SPICE Netlist for circuit 406
C1 1 2 1nF
C2 3 1 1nF
I1 VDD 2 DC 1mA
M1 2 1 0 0 NMOS W=1u L=1u
.MODEL NMOS NMOS (LEVEL=1 VTO=1 KP=1.0e-4 LAMBDA=0.02)

.OP
.PRINT OP V(1) V(2) V(3) V(VDD)
.END","In the given SPICE netlist, what is the DC voltage at node 1?
A. 5.254 V
B. -111 mV
C. 2.627 V
D. 10.51 V",A,"*SPICE Netlist for circuit 406
C1 1 2 1nF
C2 3 1 1nF
I1 VDD 2 DC 1mA
M1 2 1 0 0 NMOS W=1u L=1u
.MODEL NMOS NMOS (LEVEL=1 VTO=1 KP=1.0e-4 LAMBDA=0.02)

.OP
.PRINT OP V(1) V(2) V(3) V(VDD)
.END"
406,"*SPICE Netlist for circuit 406
C1 1 2 1nF
C2 3 1 1nF
I1 VDD 2 DC 1mA
M1 2 1 0 0 NMOS W=1u L=1u
.MODEL NMOS NMOS (LEVEL=1 VTO=1 KP=1.0e-4 LAMBDA=0.02)

.OP
.PRINT OP V(1) V(2) V(3) V(VDD)
.END","In the given SPICE netlist, what is the DC voltage at node 2?
A. 10.51 V
B. 5.254 V
C. -111 mV
D. 2.627 V",B,"*SPICE Netlist for circuit 406
C1 1 2 1nF
C2 3 1 1nF
I1 VDD 2 DC 1mA
M1 2 1 0 0 NMOS W=1u L=1u
.MODEL NMOS NMOS (LEVEL=1 VTO=1 KP=1.0e-4 LAMBDA=0.02)

.OP
.PRINT OP V(1) V(2) V(3) V(VDD)
.END"
408,"*SPICE Netlist for circuit 408
C1 1 2 1nF
C2 0 1 1nF
I1 VDD 2 DC 1mA
M1 2 1 3 3 NMOS W=1u L=1u
.MODEL NMOS NMOS (LEVEL=1 VTO=1 KP=1.0e-4 LAMBDA=0.02)

.OP
.PRINT OP V(1) V(2) V(3) V(VDD)
.END","In the given SPICE netlist, what is the DC voltage at node 3?
A. 10.01 V
B. 20 V
C. -1 mV
D. 5.003 V",A,"*SPICE Netlist for circuit 408
C1 1 2 1nF
C2 0 1 1nF
I1 VDD 2 DC 1mA
M1 2 1 3 3 NMOS W=1u L=1u
.MODEL NMOS NMOS (LEVEL=1 VTO=1 KP=1.0e-4 LAMBDA=0.02)

.OP
.PRINT OP V(1) V(2) V(3) V(VDD)
.END"
408,"*SPICE Netlist for circuit 408
C1 1 2 1nF
C2 0 1 1nF
I1 VDD 2 DC 1mA
M1 2 1 3 3 NMOS W=1u L=1u
.MODEL NMOS NMOS (LEVEL=1 VTO=1 KP=1.0e-4 LAMBDA=0.02)

.OP
.PRINT OP V(1) V(2) V(3) V(VDD)
.END","In the given SPICE netlist, what is the DC voltage at node 2?
A. 10 V
B. -1 mV
C. 40 V
D. 20 V",D,"*SPICE Netlist for circuit 408
C1 1 2 1nF
C2 0 1 1nF
I1 VDD 2 DC 1mA
M1 2 1 3 3 NMOS W=1u L=1u
.MODEL NMOS NMOS (LEVEL=1 VTO=1 KP=1.0e-4 LAMBDA=0.02)

.OP
.PRINT OP V(1) V(2) V(3) V(VDD)
.END"
408,"*SPICE Netlist for circuit 408
C1 1 2 1nF
C2 0 1 1nF
I1 VDD 2 DC 1mA
M1 2 1 3 3 NMOS W=1u L=1u
.MODEL NMOS NMOS (LEVEL=1 VTO=1 KP=1.0e-4 LAMBDA=0.02)

.OP
.PRINT OP V(1) V(2) V(3) V(VDD)
.END","In the given SPICE netlist, what is the DC voltage at node 1?
A. 10 V
B. -1 mV
C. 20 V
D. 5 V",A,"*SPICE Netlist for circuit 408
C1 1 2 1nF
C2 0 1 1nF
I1 VDD 2 DC 1mA
M1 2 1 3 3 NMOS W=1u L=1u
.MODEL NMOS NMOS (LEVEL=1 VTO=1 KP=1.0e-4 LAMBDA=0.02)

.OP
.PRINT OP V(1) V(2) V(3) V(VDD)
.END"
413,"*SPICE Netlist for circuit 413
I1 VDD 3 DC 1mA
I2 1 0 DC 1mA
M1 3 1 0 0 NMOS W=1u L=1u
R1 5 1 1k
M2 1 2 3 3 PMOS W=1u L=1u
.MODEL NMOS NMOS (LEVEL=1 VTO=1 KP=1.0e-4 LAMBDA=0.02)
.MODEL PMOS PMOS (LEVEL=1 VTO=1 KP=1.0e-4 LAMBDA=0.02)

.OP
.PRINT OP V(1) V(2) V(3) V(5) V(VDD)
.END","In the given SPICE netlist, what is the DC voltage at node 1?
A. -3.215 V
B. 0 V
C. 3.21 V
D. -1 mV",A,"*SPICE Netlist for circuit 413
I1 VDD 3 DC 1mA
I2 1 0 DC 1mA
M1 3 1 0 0 NMOS W=1u L=1u
R1 5 1 1k
M2 1 2 3 3 PMOS W=1u L=1u
.MODEL NMOS NMOS (LEVEL=1 VTO=1 KP=1.0e-4 LAMBDA=0.02)
.MODEL PMOS PMOS (LEVEL=1 VTO=1 KP=1.0e-4 LAMBDA=0.02)

.OP
.PRINT OP V(1) V(2) V(3) V(5) V(VDD)
.END"
413,"*SPICE Netlist for circuit 413
I1 VDD 3 DC 1mA
I2 1 0 DC 1mA
M1 3 1 0 0 NMOS W=1u L=1u
R1 5 1 1k
M2 1 2 3 3 PMOS W=1u L=1u
.MODEL NMOS NMOS (LEVEL=1 VTO=1 KP=1.0e-4 LAMBDA=0.02)
.MODEL PMOS PMOS (LEVEL=1 VTO=1 KP=1.0e-4 LAMBDA=0.02)

.OP
.PRINT OP V(1) V(2) V(3) V(5) V(VDD)
.END","In the given SPICE netlist, what is the DC voltage at node 3?
A. -1 mV
B. 3.21 V
C. 0 V
D. -3.215 V",B,"*SPICE Netlist for circuit 413
I1 VDD 3 DC 1mA
I2 1 0 DC 1mA
M1 3 1 0 0 NMOS W=1u L=1u
R1 5 1 1k
M2 1 2 3 3 PMOS W=1u L=1u
.MODEL NMOS NMOS (LEVEL=1 VTO=1 KP=1.0e-4 LAMBDA=0.02)
.MODEL PMOS PMOS (LEVEL=1 VTO=1 KP=1.0e-4 LAMBDA=0.02)

.OP
.PRINT OP V(1) V(2) V(3) V(5) V(VDD)
.END"
413,"*SPICE Netlist for circuit 413
I1 VDD 3 DC 1mA
I2 1 0 DC 1mA
M1 3 1 0 0 NMOS W=1u L=1u
R1 5 1 1k
M2 1 2 3 3 PMOS W=1u L=1u
.MODEL NMOS NMOS (LEVEL=1 VTO=1 KP=1.0e-4 LAMBDA=0.02)
.MODEL PMOS PMOS (LEVEL=1 VTO=1 KP=1.0e-4 LAMBDA=0.02)

.OP
.PRINT OP V(1) V(2) V(3) V(5) V(VDD)
.END","In the given SPICE netlist, what is the DC voltage at node 5?
A. -3.215 V
B. 0 V
C. -1 mV
D. 3.21 V",A,"*SPICE Netlist for circuit 413
I1 VDD 3 DC 1mA
I2 1 0 DC 1mA
M1 3 1 0 0 NMOS W=1u L=1u
R1 5 1 1k
M2 1 2 3 3 PMOS W=1u L=1u
.MODEL NMOS NMOS (LEVEL=1 VTO=1 KP=1.0e-4 LAMBDA=0.02)
.MODEL PMOS PMOS (LEVEL=1 VTO=1 KP=1.0e-4 LAMBDA=0.02)

.OP
.PRINT OP V(1) V(2) V(3) V(5) V(VDD)
.END"
415,"*SPICE Netlist for circuit 415
I1 VDD 1 DC 1mA
I2 2 0 DC 1mA
M2 2 3 1 1 PMOS W=1u L=1u
M1 1 4 2 2 NMOS W=1u L=1u
R1 6 2 1k
.MODEL NMOS NMOS (LEVEL=1 VTO=1 KP=1.0e-4 LAMBDA=0.02)
.MODEL PMOS PMOS (LEVEL=1 VTO=1 KP=1.0e-4 LAMBDA=0.02)

.OP
.PRINT OP V(1) V(2) V(3) V(4) V(6) V(VDD)
.END","In the given SPICE netlist, what is the DC voltage at node 6?
A. -1.613 V
B. 3.226 V
C. -1 mV
D. 0 V",A,"*SPICE Netlist for circuit 415
I1 VDD 1 DC 1mA
I2 2 0 DC 1mA
M2 2 3 1 1 PMOS W=1u L=1u
M1 1 4 2 2 NMOS W=1u L=1u
R1 6 2 1k
.MODEL NMOS NMOS (LEVEL=1 VTO=1 KP=1.0e-4 LAMBDA=0.02)
.MODEL PMOS PMOS (LEVEL=1 VTO=1 KP=1.0e-4 LAMBDA=0.02)

.OP
.PRINT OP V(1) V(2) V(3) V(4) V(6) V(VDD)
.END"
415,"*SPICE Netlist for circuit 415
I1 VDD 1 DC 1mA
I2 2 0 DC 1mA
M2 2 3 1 1 PMOS W=1u L=1u
M1 1 4 2 2 NMOS W=1u L=1u
R1 6 2 1k
.MODEL NMOS NMOS (LEVEL=1 VTO=1 KP=1.0e-4 LAMBDA=0.02)
.MODEL PMOS PMOS (LEVEL=1 VTO=1 KP=1.0e-4 LAMBDA=0.02)

.OP
.PRINT OP V(1) V(2) V(3) V(4) V(6) V(VDD)
.END","In the given SPICE netlist, what is the DC voltage at node 2?
A. -1 mV
B. -1.613 V
C. 3.226 V
D. 0 V",B,"*SPICE Netlist for circuit 415
I1 VDD 1 DC 1mA
I2 2 0 DC 1mA
M2 2 3 1 1 PMOS W=1u L=1u
M1 1 4 2 2 NMOS W=1u L=1u
R1 6 2 1k
.MODEL NMOS NMOS (LEVEL=1 VTO=1 KP=1.0e-4 LAMBDA=0.02)
.MODEL PMOS PMOS (LEVEL=1 VTO=1 KP=1.0e-4 LAMBDA=0.02)

.OP
.PRINT OP V(1) V(2) V(3) V(4) V(6) V(VDD)
.END"
415,"*SPICE Netlist for circuit 415
I1 VDD 1 DC 1mA
I2 2 0 DC 1mA
M2 2 3 1 1 PMOS W=1u L=1u
M1 1 4 2 2 NMOS W=1u L=1u
R1 6 2 1k
.MODEL NMOS NMOS (LEVEL=1 VTO=1 KP=1.0e-4 LAMBDA=0.02)
.MODEL PMOS PMOS (LEVEL=1 VTO=1 KP=1.0e-4 LAMBDA=0.02)

.OP
.PRINT OP V(1) V(2) V(3) V(4) V(6) V(VDD)
.END","In the given SPICE netlist, what is the DC voltage at node 1?
A. -1 mV
B. 3.226 V
C. -1.613 V
D. 0 V",B,"*SPICE Netlist for circuit 415
I1 VDD 1 DC 1mA
I2 2 0 DC 1mA
M2 2 3 1 1 PMOS W=1u L=1u
M1 1 4 2 2 NMOS W=1u L=1u
R1 6 2 1k
.MODEL NMOS NMOS (LEVEL=1 VTO=1 KP=1.0e-4 LAMBDA=0.02)
.MODEL PMOS PMOS (LEVEL=1 VTO=1 KP=1.0e-4 LAMBDA=0.02)

.OP
.PRINT OP V(1) V(2) V(3) V(4) V(6) V(VDD)
.END"
423,"*SPICE Netlist for circuit 423
C1 0 2 1nF
C2 3 4 1nF
I1 VDD 2 DC 1mA
M2 4 3 0 0 NMOS W=1u L=1u
M1 2 1 4 4 NMOS W=1u L=1u
.MODEL NMOS NMOS (LEVEL=1 VTO=1 KP=1.0e-4 LAMBDA=0.02)

.OP
.PRINT OP V(1) V(2) V(3) V(4) V(VDD)
.END","In the given SPICE netlist, what is the DC voltage at node 3?
A. -1 mV
B. 1.001 V
C. 10 V
D. 0 V",B,"*SPICE Netlist for circuit 423
C1 0 2 1nF
C2 3 4 1nF
I1 VDD 2 DC 1mA
M2 4 3 0 0 NMOS W=1u L=1u
M1 2 1 4 4 NMOS W=1u L=1u
.MODEL NMOS NMOS (LEVEL=1 VTO=1 KP=1.0e-4 LAMBDA=0.02)

.OP
.PRINT OP V(1) V(2) V(3) V(4) V(VDD)
.END"
423,"*SPICE Netlist for circuit 423
C1 0 2 1nF
C2 3 4 1nF
I1 VDD 2 DC 1mA
M2 4 3 0 0 NMOS W=1u L=1u
M1 2 1 4 4 NMOS W=1u L=1u
.MODEL NMOS NMOS (LEVEL=1 VTO=1 KP=1.0e-4 LAMBDA=0.02)

.OP
.PRINT OP V(1) V(2) V(3) V(4) V(VDD)
.END","In the given SPICE netlist, what is the DC voltage at node 2?
A. 10 V
B. 0 V
C. -1 mV
D. 1.001 V",A,"*SPICE Netlist for circuit 423
C1 0 2 1nF
C2 3 4 1nF
I1 VDD 2 DC 1mA
M2 4 3 0 0 NMOS W=1u L=1u
M1 2 1 4 4 NMOS W=1u L=1u
.MODEL NMOS NMOS (LEVEL=1 VTO=1 KP=1.0e-4 LAMBDA=0.02)

.OP
.PRINT OP V(1) V(2) V(3) V(4) V(VDD)
.END"
423,"*SPICE Netlist for circuit 423
C1 0 2 1nF
C2 3 4 1nF
I1 VDD 2 DC 1mA
M2 4 3 0 0 NMOS W=1u L=1u
M1 2 1 4 4 NMOS W=1u L=1u
.MODEL NMOS NMOS (LEVEL=1 VTO=1 KP=1.0e-4 LAMBDA=0.02)

.OP
.PRINT OP V(1) V(2) V(3) V(4) V(VDD)
.END","In the given SPICE netlist, what is the DC voltage at node 4?
A. 10 V
B. 1.001 V
C. 0 V
D. -1 mV",B,"*SPICE Netlist for circuit 423
C1 0 2 1nF
C2 3 4 1nF
I1 VDD 2 DC 1mA
M2 4 3 0 0 NMOS W=1u L=1u
M1 2 1 4 4 NMOS W=1u L=1u
.MODEL NMOS NMOS (LEVEL=1 VTO=1 KP=1.0e-4 LAMBDA=0.02)

.OP
.PRINT OP V(1) V(2) V(3) V(4) V(VDD)
.END"
424,"*SPICE Netlist for circuit 424
C1 0 1 1nF
I1 2 0 DC 1mA
M2 1 2 0 0 NMOS W=1u L=1u
M1 VDD 1 2 2 NMOS W=1u L=1u
R1 1 VDD 1k
.MODEL NMOS NMOS (LEVEL=1 VTO=1 KP=1.0e-4 LAMBDA=0.02)

.OP
.PRINT OP V(1) V(2) V(VDD)
.END","In the given SPICE netlist, what is the DC voltage at node 1?
A. -655.5 mV
B. -5.947 V
C. -1.311 V
D. -1.655 V",A,"*SPICE Netlist for circuit 424
C1 0 1 1nF
I1 2 0 DC 1mA
M2 1 2 0 0 NMOS W=1u L=1u
M1 VDD 1 2 2 NMOS W=1u L=1u
R1 1 VDD 1k
.MODEL NMOS NMOS (LEVEL=1 VTO=1 KP=1.0e-4 LAMBDA=0.02)

.OP
.PRINT OP V(1) V(2) V(VDD)
.END"
424,"*SPICE Netlist for circuit 424
C1 0 1 1nF
I1 2 0 DC 1mA
M2 1 2 0 0 NMOS W=1u L=1u
M1 VDD 1 2 2 NMOS W=1u L=1u
R1 1 VDD 1k
.MODEL NMOS NMOS (LEVEL=1 VTO=1 KP=1.0e-4 LAMBDA=0.02)

.OP
.PRINT OP V(1) V(2) V(VDD)
.END","In the given SPICE netlist, what is the DC voltage at node 2?
A. -5.947 V
B. -655.5 mV
C. -11.89 V
D. -1.655 V",A,"*SPICE Netlist for circuit 424
C1 0 1 1nF
I1 2 0 DC 1mA
M2 1 2 0 0 NMOS W=1u L=1u
M1 VDD 1 2 2 NMOS W=1u L=1u
R1 1 VDD 1k
.MODEL NMOS NMOS (LEVEL=1 VTO=1 KP=1.0e-4 LAMBDA=0.02)

.OP
.PRINT OP V(1) V(2) V(VDD)
.END"
425,"*SPICE Netlist for circuit 425
C1 0 1 1nF
I1 1 0 DC 1mA
M2 2 1 0 0 NMOS W=1u L=1u
M1 VDD 2 1 1 NMOS W=1u L=1u
R1 2 VDD 1k
.MODEL NMOS NMOS (LEVEL=1 VTO=1 KP=1.0e-4 LAMBDA=0.02)

.OP
.PRINT OP V(1) V(2) V(VDD)
.END","In the given SPICE netlist, what is the DC voltage at node 2?
A. -655.5 mV
B. -1.655 V
C. -1.311 V
D. -5.947 V",A,"*SPICE Netlist for circuit 425
C1 0 1 1nF
I1 1 0 DC 1mA
M2 2 1 0 0 NMOS W=1u L=1u
M1 VDD 2 1 1 NMOS W=1u L=1u
R1 2 VDD 1k
.MODEL NMOS NMOS (LEVEL=1 VTO=1 KP=1.0e-4 LAMBDA=0.02)

.OP
.PRINT OP V(1) V(2) V(VDD)
.END"
425,"*SPICE Netlist for circuit 425
C1 0 1 1nF
I1 1 0 DC 1mA
M2 2 1 0 0 NMOS W=1u L=1u
M1 VDD 2 1 1 NMOS W=1u L=1u
R1 2 VDD 1k
.MODEL NMOS NMOS (LEVEL=1 VTO=1 KP=1.0e-4 LAMBDA=0.02)

.OP
.PRINT OP V(1) V(2) V(VDD)
.END","In the given SPICE netlist, what is the DC voltage at node 1?
A. -5.947 V
B. -1.655 V
C. -11.89 V
D. -655.5 mV",A,"*SPICE Netlist for circuit 425
C1 0 1 1nF
I1 1 0 DC 1mA
M2 2 1 0 0 NMOS W=1u L=1u
M1 VDD 2 1 1 NMOS W=1u L=1u
R1 2 VDD 1k
.MODEL NMOS NMOS (LEVEL=1 VTO=1 KP=1.0e-4 LAMBDA=0.02)

.OP
.PRINT OP V(1) V(2) V(VDD)
.END"
428,"*SPICE Netlist for circuit 428
C1 2 1 1nF
R1 5 1 1k
V1 5 2 5V

.OP
.PRINT OP V(1) V(2) V(5) I(V1)
.END","In the given SPICE netlist, what is the DC voltage at node 1?
A. -115.9 µV
B. 109.3 µV
C. -5 V
D. 0 V",A,"*SPICE Netlist for circuit 428
C1 2 1 1nF
R1 5 1 1k
V1 5 2 5V

.OP
.PRINT OP V(1) V(2) V(5) I(V1)
.END"
25,"M1 NMOS N1 N2 0 0 NA
V1 VDD 0 1.9
V2 N3 0 1
V3 N1 0 NA","2. At \(t = 100 \, \text{ns}\), what is the current through the voltage source V1?","2. \(I(V1) = 1.612 \times 10^{-28} \, \text{A}\)","MOSFET circuit

M1 N1 N2 0 0 NMOS
V1 VDD 0 DC 1.9
V2 N3 0 DC 1
V3 N1 0 DC 5

.model NMOS NMOS (LEVEL=1 VTO=1 KP=1.0e-4 LAMBDA=0.02)

.op
.end"
430,"*SPICE Netlist for circuit 430
I1 1 2 DC 1mA
R1 1 2 1k

.OP
.PRINT OP V(1) V(2)
.END","In the given SPICE netlist, what is the DC voltage at node 2?
A. -500 mV
B. 1 V
C. 500 mV
D. 250 mV",C,"*SPICE Netlist for circuit 430
I1 1 2 DC 1mA
R1 1 2 1k

.OP
.PRINT OP V(1) V(2)
.END"
432,"*SPICE Netlist for circuit 432
I1 1 4 DC 1mA
I2 3 6 DC 1mA
R1 1 4 1k
R2 4 1 1k

.OP
.PRINT OP V(1) V(3) V(4) V(6)
.END","In the given SPICE netlist, what is the DC voltage at node 3?
A. 0 V
B. 250 mV
C. -132 mV
D. -250 mV",C,"*SPICE Netlist for circuit 432
I1 1 4 DC 1mA
I2 3 6 DC 1mA
R1 1 4 1k
R2 4 1 1k

.OP
.PRINT OP V(1) V(3) V(4) V(6)
.END"
432,"*SPICE Netlist for circuit 432
I1 1 4 DC 1mA
I2 3 6 DC 1mA
R1 1 4 1k
R2 4 1 1k

.OP
.PRINT OP V(1) V(3) V(4) V(6)
.END","In the given SPICE netlist, what is the DC voltage at node 1?
A. 0 V
B. 250 mV
C. -250 mV
D. -132 mV",C,"*SPICE Netlist for circuit 432
I1 1 4 DC 1mA
I2 3 6 DC 1mA
R1 1 4 1k
R2 4 1 1k

.OP
.PRINT OP V(1) V(3) V(4) V(6)
.END"
432,"*SPICE Netlist for circuit 432
I1 1 4 DC 1mA
I2 3 6 DC 1mA
R1 1 4 1k
R2 4 1 1k

.OP
.PRINT OP V(1) V(3) V(4) V(6)
.END","In the given SPICE netlist, what is the DC voltage at node 4?
A. 250 mV
B. -132 mV
C. -250 mV
D. 0 V",A,"*SPICE Netlist for circuit 432
I1 1 4 DC 1mA
I2 3 6 DC 1mA
R1 1 4 1k
R2 4 1 1k

.OP
.PRINT OP V(1) V(3) V(4) V(6)
.END"
133,"M2 NMOS N1 0 N2 N2 NA
R1 R N2 0 NA",1. What are the DC voltages at nodes 1 and 2 in the circuit?,"1. V(1) = -2.34 × 10⁻¹¹ V, V(2) = 9.38 × 10⁻³⁷ V.","Simple MOSFET circuit with resistor

M2 N1 0 N2 N2 NMOS
R1 R N2 0 1k

VDD VDD 0 DC 5

.model NMOS NMOS (LEVEL=1 VTO=1 KP=1.0e-4 LAMBDA=0.02)

.op
.end"
433,"*SPICE Netlist for circuit 433
I1 1 2 DC 1mA
M1 1 3 2 2 NMOS W=1u L=1u
.MODEL NMOS NMOS (LEVEL=1 VTO=1 KP=1.0e-4 LAMBDA=0.02)

.OP
.PRINT OP V(1) V(2) V(3)
.END","In the given SPICE netlist, what is the DC voltage at node 1?
A. -327.6 mV
B. 327.6 mV
C. 0 V
D. -655.1 mV",A,"*SPICE Netlist for circuit 433
I1 1 2 DC 1mA
M1 1 3 2 2 NMOS W=1u L=1u
.MODEL NMOS NMOS (LEVEL=1 VTO=1 KP=1.0e-4 LAMBDA=0.02)

.OP
.PRINT OP V(1) V(2) V(3)
.END"
438,"*SPICE Netlist for circuit 438
I1 VDD 1 DC 1mA
I2 1 0 DC 1mA
M1 1 0 0 0 NMOS W=1u L=1u
R1 1 VDD 1k
.MODEL NMOS NMOS (LEVEL=1 VTO=1 KP=1.0e-4 LAMBDA=0.02)

.OP
.PRINT OP V(1) V(VDD)
.END","In the given SPICE netlist, what is the DC voltage at node 1?
A. -1.655 V
B. -655.1 mV
C. -327.6 mV
D. -1.31 V",B,"*SPICE Netlist for circuit 438
I1 VDD 1 DC 1mA
I2 1 0 DC 1mA
M1 1 0 0 0 NMOS W=1u L=1u
R1 1 VDD 1k
.MODEL NMOS NMOS (LEVEL=1 VTO=1 KP=1.0e-4 LAMBDA=0.02)

.OP
.PRINT OP V(1) V(VDD)
.END"
444,"*SPICE Netlist for circuit 444
C1 0 2 1nF
I1 2 0 DC 1mA
M1 3 2 0 0 NMOS W=1u L=1u
R1 3 VDD 1k
.MODEL NMOS NMOS (LEVEL=1 VTO=1 KP=1.0e-4 LAMBDA=0.02)

.OP
.PRINT OP V(2) V(3) V(VDD)
.END","In the given SPICE netlist, what is the DC voltage at node 2?
A. -20 V
B. -10 V
C. -5 V
D. 0 V",B,"*SPICE Netlist for circuit 444
C1 0 2 1nF
I1 2 0 DC 1mA
M1 3 2 0 0 NMOS W=1u L=1u
R1 3 VDD 1k
.MODEL NMOS NMOS (LEVEL=1 VTO=1 KP=1.0e-4 LAMBDA=0.02)

.OP
.PRINT OP V(2) V(3) V(VDD)
.END"
445,"*SPICE Netlist for circuit 445
I1 VDD 1 DC 1mA
M1 1 2 0 0 NMOS W=1u L=1u
R1 2 1 1k
.MODEL NMOS NMOS (LEVEL=1 VTO=1 KP=1.0e-4 LAMBDA=0.02)

.OP
.PRINT OP V(1) V(2) V(VDD)
.END","In the given SPICE netlist, what is the DC voltage at node 2?
A. 10.51 V
B. 5.254 V
C. -1 mV
D. 2.627 V",B,"*SPICE Netlist for circuit 445
I1 VDD 1 DC 1mA
M1 1 2 0 0 NMOS W=1u L=1u
R1 2 1 1k
.MODEL NMOS NMOS (LEVEL=1 VTO=1 KP=1.0e-4 LAMBDA=0.02)

.OP
.PRINT OP V(1) V(2) V(VDD)
.END"
445,"*SPICE Netlist for circuit 445
I1 VDD 1 DC 1mA
M1 1 2 0 0 NMOS W=1u L=1u
R1 2 1 1k
.MODEL NMOS NMOS (LEVEL=1 VTO=1 KP=1.0e-4 LAMBDA=0.02)

.OP
.PRINT OP V(1) V(2) V(VDD)
.END","In the given SPICE netlist, what is the DC voltage at node 1?
A. -1 mV
B. 2.627 V
C. 5.254 V
D. 10.51 V",C,"*SPICE Netlist for circuit 445
I1 VDD 1 DC 1mA
M1 1 2 0 0 NMOS W=1u L=1u
R1 2 1 1k
.MODEL NMOS NMOS (LEVEL=1 VTO=1 KP=1.0e-4 LAMBDA=0.02)

.OP
.PRINT OP V(1) V(2) V(VDD)
.END"
446,"*SPICE Netlist for circuit 446
I1 2 0 DC 1mA
I2 2 1 DC 1mA
M1 2 1 0 0 NMOS W=1u L=1u
R1 1 2 1k
.MODEL NMOS NMOS (LEVEL=1 VTO=1 KP=1.0e-4 LAMBDA=0.02)

.OP
.PRINT OP V(1) V(2)
.END","In the given SPICE netlist, what is the DC voltage at node 1?
A. 172.4 mV
B. 689.8 mV
C. -655.1 mV
D. 344.9 mV",D,"*SPICE Netlist for circuit 446
I1 2 0 DC 1mA
I2 2 1 DC 1mA
M1 2 1 0 0 NMOS W=1u L=1u
R1 1 2 1k
.MODEL NMOS NMOS (LEVEL=1 VTO=1 KP=1.0e-4 LAMBDA=0.02)

.OP
.PRINT OP V(1) V(2)
.END"
37,"M1 NMOS VDD N1 N2 N2 NA
R1 R N2 0 NA
V1 V N1 0 +1
Vin V VDD 0 NA",1. What are the voltages at nodes 1 and 2 at the DC operating point?,"1. V(1) = 0.00 V, V(2) = 1.57 V","NMOS source follower with resistor load

M1 VDD N1 N2 N2 NMOS
R1 N2 0 1k
V1 N1 0 DC 1
Vin VDD 0 DC 5

.model NMOS NMOS (LEVEL=1 VTO=1 KP=1.0e-4 LAMBDA=0.02)
.model PMOS PMOS (LEVEL=1 VTO=1 KP=1.0e-4 LAMBDA=0.02)

.op
.end"
447,"*SPICE Netlist for circuit 447
M1 1 2 0 0 NMOS W=1u L=1u
V1 2 0 5V
R1 2 1 1k
.MODEL NMOS NMOS (LEVEL=1 VTO=1 KP=1.0e-4 LAMBDA=0.02)

.OP
.PRINT OP V(1) V(2) I(V1)
.END","In the given SPICE netlist, what is the DC voltage at node 1?
A. 4.134 V
B. 8.268 V
C. -866.1 µV
D. 5 V",A,"*SPICE Netlist for circuit 447
M1 1 2 0 0 NMOS W=1u L=1u
V1 2 0 5V
R1 2 1 1k
.MODEL NMOS NMOS (LEVEL=1 VTO=1 KP=1.0e-4 LAMBDA=0.02)

.OP
.PRINT OP V(1) V(2) I(V1)
.END"
447,"*SPICE Netlist for circuit 447
M1 1 2 0 0 NMOS W=1u L=1u
V1 2 0 5V
R1 2 1 1k
.MODEL NMOS NMOS (LEVEL=1 VTO=1 KP=1.0e-4 LAMBDA=0.02)

.OP
.PRINT OP V(1) V(2) I(V1)
.END","In the given SPICE netlist, what is the DC current through V1?
A. 4.134 A
B. -1.732 mA
C. -866.1 µA
D. 5 A",C,"*SPICE Netlist for circuit 447
M1 1 2 0 0 NMOS W=1u L=1u
V1 2 0 5V
R1 2 1 1k
.MODEL NMOS NMOS (LEVEL=1 VTO=1 KP=1.0e-4 LAMBDA=0.02)

.OP
.PRINT OP V(1) V(2) I(V1)
.END"
449,"*SPICE Netlist for circuit 449
I1 0 2 DC 1mA
M1 1 2 0 0 NMOS W=1u L=1u
R1 2 1 1k
.MODEL NMOS NMOS (LEVEL=1 VTO=1 KP=1.0e-4 LAMBDA=0.02)

.OP
.PRINT OP V(1) V(2)
.END","In the given SPICE netlist, what is the DC voltage at node 1?
A. 4.292 V
B. 2.146 V
C. 8.583 V
D. 5.292 V",A,"*SPICE Netlist for circuit 449
I1 0 2 DC 1mA
M1 1 2 0 0 NMOS W=1u L=1u
R1 2 1 1k
.MODEL NMOS NMOS (LEVEL=1 VTO=1 KP=1.0e-4 LAMBDA=0.02)

.OP
.PRINT OP V(1) V(2)
.END"
449,"*SPICE Netlist for circuit 449
I1 0 2 DC 1mA
M1 1 2 0 0 NMOS W=1u L=1u
R1 2 1 1k
.MODEL NMOS NMOS (LEVEL=1 VTO=1 KP=1.0e-4 LAMBDA=0.02)

.OP
.PRINT OP V(1) V(2)
.END","In the given SPICE netlist, what is the DC voltage at node 2?
A. 4.292 V
B. 5.292 V
C. 2.646 V
D. 10.58 V",B,"*SPICE Netlist for circuit 449
I1 0 2 DC 1mA
M1 1 2 0 0 NMOS W=1u L=1u
R1 2 1 1k
.MODEL NMOS NMOS (LEVEL=1 VTO=1 KP=1.0e-4 LAMBDA=0.02)

.OP
.PRINT OP V(1) V(2)
.END"
450,"*SPICE Netlist for circuit 450
I1 1 3 DC 1mA
M1 1 5 3 3 NMOS W=1u L=1u
.MODEL NMOS NMOS (LEVEL=1 VTO=1 KP=1.0e-4 LAMBDA=0.02)

.OP
.PRINT OP V(1) V(3) V(5)
.END","In the given SPICE netlist, what is the DC voltage at node 3?
A. 655.1 mV
B. 327.6 mV
C. -327.6 mV
D. 0 V",B,"*SPICE Netlist for circuit 450
I1 1 3 DC 1mA
M1 1 5 3 3 NMOS W=1u L=1u
.MODEL NMOS NMOS (LEVEL=1 VTO=1 KP=1.0e-4 LAMBDA=0.02)

.OP
.PRINT OP V(1) V(3) V(5)
.END"
450,"*SPICE Netlist for circuit 450
I1 1 3 DC 1mA
M1 1 5 3 3 NMOS W=1u L=1u
.MODEL NMOS NMOS (LEVEL=1 VTO=1 KP=1.0e-4 LAMBDA=0.02)

.OP
.PRINT OP V(1) V(3) V(5)
.END","In the given SPICE netlist, what is the DC voltage at node 1?
A. -327.6 mV
B. -655.1 mV
C. 0 V
D. 327.6 mV",A,"*SPICE Netlist for circuit 450
I1 1 3 DC 1mA
M1 1 5 3 3 NMOS W=1u L=1u
.MODEL NMOS NMOS (LEVEL=1 VTO=1 KP=1.0e-4 LAMBDA=0.02)

.OP
.PRINT OP V(1) V(3) V(5)
.END"
452,"*SPICE Netlist for circuit 452
I1 1 2 DC 1mA
M1 1 0 2 2 NMOS W=1u L=1u
.MODEL NMOS NMOS (LEVEL=1 VTO=1 KP=1.0e-4 LAMBDA=0.02)

.OP
.PRINT OP V(1) V(2)
.END","In the given SPICE netlist, what is the DC voltage at node 2?
A. 655.1 mV
B. 163.8 mV
C. 327.6 mV
D. -327.6 mV",C,"*SPICE Netlist for circuit 452
I1 1 2 DC 1mA
M1 1 0 2 2 NMOS W=1u L=1u
.MODEL NMOS NMOS (LEVEL=1 VTO=1 KP=1.0e-4 LAMBDA=0.02)

.OP
.PRINT OP V(1) V(2)
.END"
452,"*SPICE Netlist for circuit 452
I1 1 2 DC 1mA
M1 1 0 2 2 NMOS W=1u L=1u
.MODEL NMOS NMOS (LEVEL=1 VTO=1 KP=1.0e-4 LAMBDA=0.02)

.OP
.PRINT OP V(1) V(2)
.END","In the given SPICE netlist, what is the DC voltage at node 1?
A. 327.6 mV
B. -163.8 mV
C. -327.6 mV
D. -655.1 mV",C,"*SPICE Netlist for circuit 452
I1 1 2 DC 1mA
M1 1 0 2 2 NMOS W=1u L=1u
.MODEL NMOS NMOS (LEVEL=1 VTO=1 KP=1.0e-4 LAMBDA=0.02)

.OP
.PRINT OP V(1) V(2)
.END"
454,"*SPICE Netlist for circuit 454
I1 1 2 DC 1mA
M1 1 0 2 2 NMOS W=1u L=1u
.MODEL NMOS NMOS (LEVEL=1 VTO=1 KP=1.0e-4 LAMBDA=0.02)

.OP
.PRINT OP V(1) V(2)
.END","In the given SPICE netlist, what is the DC voltage at node 1?
A. -655.1 mV
B. 327.6 mV
C. -327.6 mV
D. -163.8 mV",C,"*SPICE Netlist for circuit 454
I1 1 2 DC 1mA
M1 1 0 2 2 NMOS W=1u L=1u
.MODEL NMOS NMOS (LEVEL=1 VTO=1 KP=1.0e-4 LAMBDA=0.02)

.OP
.PRINT OP V(1) V(2)
.END"
454,"*SPICE Netlist for circuit 454
I1 1 2 DC 1mA
M1 1 0 2 2 NMOS W=1u L=1u
.MODEL NMOS NMOS (LEVEL=1 VTO=1 KP=1.0e-4 LAMBDA=0.02)

.OP
.PRINT OP V(1) V(2)
.END","In the given SPICE netlist, what is the DC voltage at node 2?
A. 327.6 mV
B. 163.8 mV
C. -327.6 mV
D. 655.1 mV",A,"*SPICE Netlist for circuit 454
I1 1 2 DC 1mA
M1 1 0 2 2 NMOS W=1u L=1u
.MODEL NMOS NMOS (LEVEL=1 VTO=1 KP=1.0e-4 LAMBDA=0.02)

.OP
.PRINT OP V(1) V(2)
.END"
459,"*SPICE Netlist for circuit 459
I1 VDD 2 DC 1mA
I2 2 0 DC 1mA
M1 2 6 0 0 NMOS W=1u L=1u
R1 0 2 1k
M2 2 1 VDD VDD PMOS W=1u L=1u
.MODEL NMOS NMOS (LEVEL=1 VTO=1 KP=1.0e-4 LAMBDA=0.02)
.MODEL PMOS PMOS (LEVEL=1 VTO=1 KP=1.0e-4 LAMBDA=0.02)

.OP
.PRINT OP V(1) V(2) V(6) V(VDD)
.END","In the given SPICE netlist, what is the DC voltage at node 2?
A. 0 V
B. -314.7 mV
C. -1.284 V
D. -629.4 mV",D,"*SPICE Netlist for circuit 459
I1 VDD 2 DC 1mA
I2 2 0 DC 1mA
M1 2 6 0 0 NMOS W=1u L=1u
R1 0 2 1k
M2 2 1 VDD VDD PMOS W=1u L=1u
.MODEL NMOS NMOS (LEVEL=1 VTO=1 KP=1.0e-4 LAMBDA=0.02)
.MODEL PMOS PMOS (LEVEL=1 VTO=1 KP=1.0e-4 LAMBDA=0.02)

.OP
.PRINT OP V(1) V(2) V(6) V(VDD)
.END"
464,"*SPICE Netlist for circuit 464
C1 0 2 1nF
I1 2 0 DC 1mA
V1 4 0 5V
R1 4 2 1k

.OP
.PRINT OP V(2) V(4) I(V1)
.END","In the given SPICE netlist, what is the DC voltage at node 2?
A. -1 mV
B. 5 V
C. 4 V
D. 8 V",C,"*SPICE Netlist for circuit 464
C1 0 2 1nF
I1 2 0 DC 1mA
V1 4 0 5V
R1 4 2 1k

.OP
.PRINT OP V(2) V(4) I(V1)
.END"
464,"*SPICE Netlist for circuit 464
C1 0 2 1nF
I1 2 0 DC 1mA
V1 4 0 5V
R1 4 2 1k

.OP
.PRINT OP V(2) V(4) I(V1)
.END","In the given SPICE netlist, what is the DC current through V1?
A. -1 mA
B. -2 mA
C. 4 A
D. 5 A",A,"*SPICE Netlist for circuit 464
C1 0 2 1nF
I1 2 0 DC 1mA
V1 4 0 5V
R1 4 2 1k

.OP
.PRINT OP V(2) V(4) I(V1)
.END"
584,"M1 NMOS N1 N2 0 0 NA
M2 NMOS N0 N3 N1 N1 NA
RD R VDD N1 NA
RF1 R N2 N4 NA
RS1 R N4 0 NA
RF2 R N3 N5 NA
RS2 R N5 0 NA
Iin I 0 N2 NA","In the given SPICE netlist for circuit 584, what are the DC voltages at nodes 1 and 5?
A. V(1) = 0 V, V(5) = 1 V
B. V(1) = 1.00 V, V(5) = -9.87806e-19 V
C. V(1) = 5 V, V(5) = 0 V
D. V(1) = 2 V, V(5) = 3 V",B,"MOSFET current mirror with feedback resistors

M1 N1 N2 0 0 NMOS
M2 N0 N3 N1 N1 NMOS
RD R VDD N1 1k
RF1 R N2 N4 1k
RS1 R N4 0 1k
RF2 R N3 N5 1k
RS2 R N5 0 1k
Iin I 0 N2 DC 1mA

VDD VDD 0 DC 5

.model NMOS NMOS (LEVEL=1 VTO=1 KP=1.0e-4 LAMBDA=0.02)
.model PMOS PMOS (LEVEL=1 VTO=1 KP=1.0e-4 LAMBDA=0.02)

.op
.end"
466,"*SPICE Netlist for circuit 466
I1 VDD 4 DC 1mA
I2 4 2 DC 1mA
R1 4 VDD 1k
M1 4 3 2 2 NMOS W=1u L=1u
.MODEL NMOS NMOS (LEVEL=1 VTO=1 KP=1.0e-4 LAMBDA=0.02)

.OP
.PRINT OP V(2) V(3) V(4) V(VDD)
.END","In the given SPICE netlist, what is the DC voltage at node 4?
A. 770.1 mV
B. -885 mV
C. 0 V
D. 115 mV",D,"*SPICE Netlist for circuit 466
I1 VDD 4 DC 1mA
I2 4 2 DC 1mA
R1 4 VDD 1k
M1 4 3 2 2 NMOS W=1u L=1u
.MODEL NMOS NMOS (LEVEL=1 VTO=1 KP=1.0e-4 LAMBDA=0.02)

.OP
.PRINT OP V(2) V(3) V(4) V(VDD)
.END"
467,"*SPICE Netlist for circuit 467
I1 VDD 4 DC 1mA
I2 4 3 DC 1mA
M1 4 1 3 3 NMOS W=1u L=1u
R1 4 VDD 1k
.MODEL NMOS NMOS (LEVEL=1 VTO=1 KP=1.0e-4 LAMBDA=0.02)

.OP
.PRINT OP V(1) V(3) V(4) V(VDD)
.END","In the given SPICE netlist, what is the DC voltage at node 4?
A. 115 mV
B. 770.1 mV
C. -885 mV
D. 0 V",A,"*SPICE Netlist for circuit 467
I1 VDD 4 DC 1mA
I2 4 3 DC 1mA
M1 4 1 3 3 NMOS W=1u L=1u
R1 4 VDD 1k
.MODEL NMOS NMOS (LEVEL=1 VTO=1 KP=1.0e-4 LAMBDA=0.02)

.OP
.PRINT OP V(1) V(3) V(4) V(VDD)
.END"
467,"*SPICE Netlist for circuit 467
I1 VDD 4 DC 1mA
I2 4 3 DC 1mA
M1 4 1 3 3 NMOS W=1u L=1u
R1 4 VDD 1k
.MODEL NMOS NMOS (LEVEL=1 VTO=1 KP=1.0e-4 LAMBDA=0.02)

.OP
.PRINT OP V(1) V(3) V(4) V(VDD)
.END","In the given SPICE netlist, what is the DC voltage at node 3?
A. 0 V
B. -885 mV
C. 115 mV
D. 770.1 mV",D,"*SPICE Netlist for circuit 467
I1 VDD 4 DC 1mA
I2 4 3 DC 1mA
M1 4 1 3 3 NMOS W=1u L=1u
R1 4 VDD 1k
.MODEL NMOS NMOS (LEVEL=1 VTO=1 KP=1.0e-4 LAMBDA=0.02)

.OP
.PRINT OP V(1) V(3) V(4) V(VDD)
.END"
469,"*SPICE Netlist for circuit 469
I1 VDD 3 DC 1mA
I2 7 1 DC 1mA
M1 14 2 1 1 NMOS W=1u L=1u
R1 4 VDD 1k
.MODEL NMOS NMOS (LEVEL=1 VTO=1 KP=1.0e-4 LAMBDA=0.02)

.OP
.PRINT OP V(1) V(14) V(2) V(3) V(4) V(7) V(VDD)
.END","In the given SPICE netlist, what is the DC voltage at node 3?
A. 2 mV
B. 0 V
C. -1 mV
D. 1 mV",D,"*SPICE Netlist for circuit 469
I1 VDD 3 DC 1mA
I2 7 1 DC 1mA
M1 14 2 1 1 NMOS W=1u L=1u
R1 4 VDD 1k
.MODEL NMOS NMOS (LEVEL=1 VTO=1 KP=1.0e-4 LAMBDA=0.02)

.OP
.PRINT OP V(1) V(14) V(2) V(3) V(4) V(7) V(VDD)
.END"
469,"*SPICE Netlist for circuit 469
I1 VDD 3 DC 1mA
I2 7 1 DC 1mA
M1 14 2 1 1 NMOS W=1u L=1u
R1 4 VDD 1k
.MODEL NMOS NMOS (LEVEL=1 VTO=1 KP=1.0e-4 LAMBDA=0.02)

.OP
.PRINT OP V(1) V(14) V(2) V(3) V(4) V(7) V(VDD)
.END","In the given SPICE netlist, what is the DC voltage at node 7?
A. 1 mV
B. -2 mV
C. 0 V
D. -1 mV",D,"*SPICE Netlist for circuit 469
I1 VDD 3 DC 1mA
I2 7 1 DC 1mA
M1 14 2 1 1 NMOS W=1u L=1u
R1 4 VDD 1k
.MODEL NMOS NMOS (LEVEL=1 VTO=1 KP=1.0e-4 LAMBDA=0.02)

.OP
.PRINT OP V(1) V(14) V(2) V(3) V(4) V(7) V(VDD)
.END"
471,"*SPICE Netlist for circuit 471
C1 0 1 1nF
I1 VDD 1 DC 1mA
I2 2 0 DC 1mA
M2 2 1 0 0 NMOS W=1u L=1u
M3 1 1 0 0 NMOS W=1u L=1u
M1 6 3 2 2 NMOS W=1u L=1u
R1 6 VDD 1k
.MODEL NMOS NMOS (LEVEL=1 VTO=1 KP=1.0e-4 LAMBDA=0.02)

.OP
.PRINT OP V(1) V(2) V(3) V(6) V(VDD)
.END","In the given SPICE netlist, what is the DC voltage at node 1?
A. -668.8 mV
B. 5.143 V
C. -1.324 V
D. 0 V",B,"*SPICE Netlist for circuit 471
C1 0 1 1nF
I1 VDD 1 DC 1mA
I2 2 0 DC 1mA
M2 2 1 0 0 NMOS W=1u L=1u
M3 1 1 0 0 NMOS W=1u L=1u
M1 6 3 2 2 NMOS W=1u L=1u
R1 6 VDD 1k
.MODEL NMOS NMOS (LEVEL=1 VTO=1 KP=1.0e-4 LAMBDA=0.02)

.OP
.PRINT OP V(1) V(2) V(3) V(6) V(VDD)
.END"
471,"*SPICE Netlist for circuit 471
C1 0 1 1nF
I1 VDD 1 DC 1mA
I2 2 0 DC 1mA
M2 2 1 0 0 NMOS W=1u L=1u
M3 1 1 0 0 NMOS W=1u L=1u
M1 6 3 2 2 NMOS W=1u L=1u
R1 6 VDD 1k
.MODEL NMOS NMOS (LEVEL=1 VTO=1 KP=1.0e-4 LAMBDA=0.02)

.OP
.PRINT OP V(1) V(2) V(3) V(6) V(VDD)
.END","In the given SPICE netlist, what is the DC voltage at node 2?
A. 0 V
B. -668.8 mV
C. 5.143 V
D. -1.324 V",B,"*SPICE Netlist for circuit 471
C1 0 1 1nF
I1 VDD 1 DC 1mA
I2 2 0 DC 1mA
M2 2 1 0 0 NMOS W=1u L=1u
M3 1 1 0 0 NMOS W=1u L=1u
M1 6 3 2 2 NMOS W=1u L=1u
R1 6 VDD 1k
.MODEL NMOS NMOS (LEVEL=1 VTO=1 KP=1.0e-4 LAMBDA=0.02)

.OP
.PRINT OP V(1) V(2) V(3) V(6) V(VDD)
.END"
471,"*SPICE Netlist for circuit 471
C1 0 1 1nF
I1 VDD 1 DC 1mA
I2 2 0 DC 1mA
M2 2 1 0 0 NMOS W=1u L=1u
M3 1 1 0 0 NMOS W=1u L=1u
M1 6 3 2 2 NMOS W=1u L=1u
R1 6 VDD 1k
.MODEL NMOS NMOS (LEVEL=1 VTO=1 KP=1.0e-4 LAMBDA=0.02)

.OP
.PRINT OP V(1) V(2) V(3) V(6) V(VDD)
.END","In the given SPICE netlist, what is the DC voltage at node 6?
A. 0 V
B. -1.324 V
C. -668.8 mV
D. 5.143 V",B,"*SPICE Netlist for circuit 471
C1 0 1 1nF
I1 VDD 1 DC 1mA
I2 2 0 DC 1mA
M2 2 1 0 0 NMOS W=1u L=1u
M3 1 1 0 0 NMOS W=1u L=1u
M1 6 3 2 2 NMOS W=1u L=1u
R1 6 VDD 1k
.MODEL NMOS NMOS (LEVEL=1 VTO=1 KP=1.0e-4 LAMBDA=0.02)

.OP
.PRINT OP V(1) V(2) V(3) V(6) V(VDD)
.END"
472,"*SPICE Netlist for circuit 472
C1 0 6 1nF
C2 0 1 1nF
I1 VDD 1 DC 1mA
I2 6 0 DC 1mA
I3 3 0 DC 1mA
M2 3 1 0 0 NMOS W=1u L=1u
M3 1 1 0 0 NMOS W=1u L=1u
M1 4 5 3 3 NMOS W=1u L=1u
.MODEL NMOS NMOS (LEVEL=1 VTO=1 KP=1.0e-4 LAMBDA=0.02)

.OP
.PRINT OP V(1) V(3) V(4) V(5) V(6) V(VDD)
.END","In the given SPICE netlist, what is the DC voltage at node 6?
A. 5.143 V
B. -328.1 mV
C. -646.2 mV
D. -10 V",D,"*SPICE Netlist for circuit 472
C1 0 6 1nF
C2 0 1 1nF
I1 VDD 1 DC 1mA
I2 6 0 DC 1mA
I3 3 0 DC 1mA
M2 3 1 0 0 NMOS W=1u L=1u
M3 1 1 0 0 NMOS W=1u L=1u
M1 4 5 3 3 NMOS W=1u L=1u
.MODEL NMOS NMOS (LEVEL=1 VTO=1 KP=1.0e-4 LAMBDA=0.02)

.OP
.PRINT OP V(1) V(3) V(4) V(5) V(6) V(VDD)
.END"
472,"*SPICE Netlist for circuit 472
C1 0 6 1nF
C2 0 1 1nF
I1 VDD 1 DC 1mA
I2 6 0 DC 1mA
I3 3 0 DC 1mA
M2 3 1 0 0 NMOS W=1u L=1u
M3 1 1 0 0 NMOS W=1u L=1u
M1 4 5 3 3 NMOS W=1u L=1u
.MODEL NMOS NMOS (LEVEL=1 VTO=1 KP=1.0e-4 LAMBDA=0.02)

.OP
.PRINT OP V(1) V(3) V(4) V(5) V(6) V(VDD)
.END","In the given SPICE netlist, what is the DC voltage at node 4?
A. -646.2 mV
B. 0 V
C. 5.143 V
D. -328.1 mV",D,"*SPICE Netlist for circuit 472
C1 0 6 1nF
C2 0 1 1nF
I1 VDD 1 DC 1mA
I2 6 0 DC 1mA
I3 3 0 DC 1mA
M2 3 1 0 0 NMOS W=1u L=1u
M3 1 1 0 0 NMOS W=1u L=1u
M1 4 5 3 3 NMOS W=1u L=1u
.MODEL NMOS NMOS (LEVEL=1 VTO=1 KP=1.0e-4 LAMBDA=0.02)

.OP
.PRINT OP V(1) V(3) V(4) V(5) V(6) V(VDD)
.END"
472,"*SPICE Netlist for circuit 472
C1 0 6 1nF
C2 0 1 1nF
I1 VDD 1 DC 1mA
I2 6 0 DC 1mA
I3 3 0 DC 1mA
M2 3 1 0 0 NMOS W=1u L=1u
M3 1 1 0 0 NMOS W=1u L=1u
M1 4 5 3 3 NMOS W=1u L=1u
.MODEL NMOS NMOS (LEVEL=1 VTO=1 KP=1.0e-4 LAMBDA=0.02)

.OP
.PRINT OP V(1) V(3) V(4) V(5) V(6) V(VDD)
.END","In the given SPICE netlist, what is the DC voltage at node 3?
A. 0 V
B. -646.2 mV
C. 5.143 V
D. -328.1 mV",B,"*SPICE Netlist for circuit 472
C1 0 6 1nF
C2 0 1 1nF
I1 VDD 1 DC 1mA
I2 6 0 DC 1mA
I3 3 0 DC 1mA
M2 3 1 0 0 NMOS W=1u L=1u
M3 1 1 0 0 NMOS W=1u L=1u
M1 4 5 3 3 NMOS W=1u L=1u
.MODEL NMOS NMOS (LEVEL=1 VTO=1 KP=1.0e-4 LAMBDA=0.02)

.OP
.PRINT OP V(1) V(3) V(4) V(5) V(6) V(VDD)
.END"
477,"*SPICE Netlist for circuit 477
I1 3 4 DC 1mA
M1 3 1 4 4 NMOS W=1u L=1u
R1 3 VDD 1k
.MODEL NMOS NMOS (LEVEL=1 VTO=1 KP=1.0e-4 LAMBDA=0.02)

.OP
.PRINT OP V(1) V(3) V(4) V(VDD)
.END","In the given SPICE netlist, what is the DC voltage at node 4?
A. 436.7 mV
B. 873.5 mV
C. -218.4 mV
D. 0 V",A,"*SPICE Netlist for circuit 477
I1 3 4 DC 1mA
M1 3 1 4 4 NMOS W=1u L=1u
R1 3 VDD 1k
.MODEL NMOS NMOS (LEVEL=1 VTO=1 KP=1.0e-4 LAMBDA=0.02)

.OP
.PRINT OP V(1) V(3) V(4) V(VDD)
.END"
477,"*SPICE Netlist for circuit 477
I1 3 4 DC 1mA
M1 3 1 4 4 NMOS W=1u L=1u
R1 3 VDD 1k
.MODEL NMOS NMOS (LEVEL=1 VTO=1 KP=1.0e-4 LAMBDA=0.02)

.OP
.PRINT OP V(1) V(3) V(4) V(VDD)
.END","In the given SPICE netlist, what is the DC voltage at node 3?
A. -436.7 mV
B. -218.4 mV
C. 436.7 mV
D. 0 V",B,"*SPICE Netlist for circuit 477
I1 3 4 DC 1mA
M1 3 1 4 4 NMOS W=1u L=1u
R1 3 VDD 1k
.MODEL NMOS NMOS (LEVEL=1 VTO=1 KP=1.0e-4 LAMBDA=0.02)

.OP
.PRINT OP V(1) V(3) V(4) V(VDD)
.END"
482,"*SPICE Netlist for circuit 482
I1 4 2 DC 1mA
R2 1 VDD 1k
M1 1 7 2 2 NMOS W=1u L=1u
M2 4 7 2 2 NMOS W=1u L=1u
R1 4 VDD 1k
.MODEL NMOS NMOS (LEVEL=1 VTO=1 KP=1.0e-4 LAMBDA=0.02)

.OP
.PRINT OP V(1) V(2) V(4) V(7) V(VDD)
.END","In the given SPICE netlist, what is the DC voltage at node 2?
A. -194.1 mV
B. 459.9 mV
C. -112.5 mV
D. 0 V",B,"*SPICE Netlist for circuit 482
I1 4 2 DC 1mA
R2 1 VDD 1k
M1 1 7 2 2 NMOS W=1u L=1u
M2 4 7 2 2 NMOS W=1u L=1u
R1 4 VDD 1k
.MODEL NMOS NMOS (LEVEL=1 VTO=1 KP=1.0e-4 LAMBDA=0.02)

.OP
.PRINT OP V(1) V(2) V(4) V(7) V(VDD)
.END"
482,"*SPICE Netlist for circuit 482
I1 4 2 DC 1mA
R2 1 VDD 1k
M1 1 7 2 2 NMOS W=1u L=1u
M2 4 7 2 2 NMOS W=1u L=1u
R1 4 VDD 1k
.MODEL NMOS NMOS (LEVEL=1 VTO=1 KP=1.0e-4 LAMBDA=0.02)

.OP
.PRINT OP V(1) V(2) V(4) V(7) V(VDD)
.END","In the given SPICE netlist, what is the DC voltage at node 4?
A. -112.5 mV
B. 0 V
C. -194.1 mV
D. 459.9 mV",C,"*SPICE Netlist for circuit 482
I1 4 2 DC 1mA
R2 1 VDD 1k
M1 1 7 2 2 NMOS W=1u L=1u
M2 4 7 2 2 NMOS W=1u L=1u
R1 4 VDD 1k
.MODEL NMOS NMOS (LEVEL=1 VTO=1 KP=1.0e-4 LAMBDA=0.02)

.OP
.PRINT OP V(1) V(2) V(4) V(7) V(VDD)
.END"
482,"*SPICE Netlist for circuit 482
I1 4 2 DC 1mA
R2 1 VDD 1k
M1 1 7 2 2 NMOS W=1u L=1u
M2 4 7 2 2 NMOS W=1u L=1u
R1 4 VDD 1k
.MODEL NMOS NMOS (LEVEL=1 VTO=1 KP=1.0e-4 LAMBDA=0.02)

.OP
.PRINT OP V(1) V(2) V(4) V(7) V(VDD)
.END","In the given SPICE netlist, what is the DC voltage at node 1?
A. 0 V
B. 459.9 mV
C. -194.1 mV
D. -112.5 mV",D,"*SPICE Netlist for circuit 482
I1 4 2 DC 1mA
R2 1 VDD 1k
M1 1 7 2 2 NMOS W=1u L=1u
M2 4 7 2 2 NMOS W=1u L=1u
R1 4 VDD 1k
.MODEL NMOS NMOS (LEVEL=1 VTO=1 KP=1.0e-4 LAMBDA=0.02)

.OP
.PRINT OP V(1) V(2) V(4) V(7) V(VDD)
.END"
483,"*SPICE Netlist for circuit 483
I1 1 2 DC 1mA
R2 1 VDD 1k
R1 0 2 1k
M1 1 3 2 2 NMOS W=1u L=1u
.MODEL NMOS NMOS (LEVEL=1 VTO=1 KP=1.0e-4 LAMBDA=0.02)

.OP
.PRINT OP V(1) V(2) V(3) V(VDD)
.END","In the given SPICE netlist, what is the DC voltage at node 1?
A. -327.6 mV
B. -1.31 V
C. -655.1 mV
D. 0 V",C,"*SPICE Netlist for circuit 483
I1 1 2 DC 1mA
R2 1 VDD 1k
R1 0 2 1k
M1 1 3 2 2 NMOS W=1u L=1u
.MODEL NMOS NMOS (LEVEL=1 VTO=1 KP=1.0e-4 LAMBDA=0.02)

.OP
.PRINT OP V(1) V(2) V(3) V(VDD)
.END"
484,"*SPICE Netlist for circuit 484
I1 1 0 DC 1mA
I2 0 2 DC 1mA
R2 1 VDD 1k
R1 0 2 1k
M1 1 3 2 2 NMOS W=1u L=1u
.MODEL NMOS NMOS (LEVEL=1 VTO=1 KP=1.0e-4 LAMBDA=0.02)

.OP
.PRINT OP V(1) V(2) V(3) V(VDD)
.END","In the given SPICE netlist, what is the DC voltage at node 1?
A. -1.31 V
B. -327.6 mV
C. 0 V
D. -655.1 mV",D,"*SPICE Netlist for circuit 484
I1 1 0 DC 1mA
I2 0 2 DC 1mA
R2 1 VDD 1k
R1 0 2 1k
M1 1 3 2 2 NMOS W=1u L=1u
.MODEL NMOS NMOS (LEVEL=1 VTO=1 KP=1.0e-4 LAMBDA=0.02)

.OP
.PRINT OP V(1) V(2) V(3) V(VDD)
.END"
503,"*SPICE Netlist for circuit 503
C1 0 1 1nF
I1 0 1 DC 1mA
M1 2 1 0 0 NMOS W=1u L=1u
R1 2 VDD 1k
.MODEL NMOS NMOS (LEVEL=1 VTO=1 KP=1.0e-4 LAMBDA=0.02)

.OP
.PRINT OP V(1) V(2) V(VDD)
.END","In the given SPICE netlist, what is the DC voltage at node 1?
A. 20 V
B. 5 V
C. 10 V
D. 0 V",C,"*SPICE Netlist for circuit 503
C1 0 1 1nF
I1 0 1 DC 1mA
M1 2 1 0 0 NMOS W=1u L=1u
R1 2 VDD 1k
.MODEL NMOS NMOS (LEVEL=1 VTO=1 KP=1.0e-4 LAMBDA=0.02)

.OP
.PRINT OP V(1) V(2) V(VDD)
.END"
508,"*SPICE Netlist for circuit 508
I1 VDD 2 DC 1mA
R2 0 3 1k
R1 3 2 1k
M1 2 5 3 3 NMOS W=1u L=1u
.MODEL NMOS NMOS (LEVEL=1 VTO=1 KP=1.0e-4 LAMBDA=0.02)

.OP
.PRINT OP V(2) V(3) V(5) V(VDD)
.END","In the given SPICE netlist, what is the DC voltage at node 2?
A. 1 V
B. -1 mV
C. 2 V
D. 0 V",C,"*SPICE Netlist for circuit 508
I1 VDD 2 DC 1mA
R2 0 3 1k
R1 3 2 1k
M1 2 5 3 3 NMOS W=1u L=1u
.MODEL NMOS NMOS (LEVEL=1 VTO=1 KP=1.0e-4 LAMBDA=0.02)

.OP
.PRINT OP V(2) V(3) V(5) V(VDD)
.END"
508,"*SPICE Netlist for circuit 508
I1 VDD 2 DC 1mA
R2 0 3 1k
R1 3 2 1k
M1 2 5 3 3 NMOS W=1u L=1u
.MODEL NMOS NMOS (LEVEL=1 VTO=1 KP=1.0e-4 LAMBDA=0.02)

.OP
.PRINT OP V(2) V(3) V(5) V(VDD)
.END","In the given SPICE netlist, what is the DC voltage at node 3?
A. -1 mV
B. 0 V
C. 2 V
D. 1 V",D,"*SPICE Netlist for circuit 508
I1 VDD 2 DC 1mA
R2 0 3 1k
R1 3 2 1k
M1 2 5 3 3 NMOS W=1u L=1u
.MODEL NMOS NMOS (LEVEL=1 VTO=1 KP=1.0e-4 LAMBDA=0.02)

.OP
.PRINT OP V(2) V(3) V(5) V(VDD)
.END"
540,"M1 NMOS N1 N2 0 0 NA
C1 C N1 N2 NA
C2 C N2 0 NA
I1 I VDD N1 NA","In the given SPICE netlist for circuit 540, what are the DC voltages at nodes 1 and 2?
A. V(1) = 0 V, V(2) = 5 V
B. V(1) = 2.5 V, V(2) = 7.5 V
C. V(1) = 4.996 V, V(2) = 9.992 V
D. V(1) = 10 V, V(2) = 0 V",C,"MOSFET circuit

M1 N1 N2 0 0 NMOS
C1 N1 N2 1n
C2 N2 0 1n
I1 VDD N1 DC 1mA

VDD VDD 0 DC 5

.model NMOS NMOS (LEVEL=1 VTO=1 KP=1.0e-4 LAMBDA=0.02)

.op
.end"
522,"*SPICE Netlist for circuit 522
I1 2 0 DC 1mA
M2 1 2 0 0 NMOS W=1u L=1u
M1 VDD 1 2 2 NMOS W=1u L=1u
R1 1 VDD 1k
.MODEL NMOS NMOS (LEVEL=1 VTO=1 KP=1.0e-4 LAMBDA=0.02)

.OP
.PRINT OP V(1) V(2) V(VDD)
.END","In the given SPICE netlist, what is the DC voltage at node 1?
A. -5.947 V
B. -1.311 V
C. -1.655 V
D. -655.5 mV",D,"*SPICE Netlist for circuit 522
I1 2 0 DC 1mA
M2 1 2 0 0 NMOS W=1u L=1u
M1 VDD 1 2 2 NMOS W=1u L=1u
R1 1 VDD 1k
.MODEL NMOS NMOS (LEVEL=1 VTO=1 KP=1.0e-4 LAMBDA=0.02)

.OP
.PRINT OP V(1) V(2) V(VDD)
.END"
532,"*SPICE Netlist for circuit 532
I1 VDD 1 DC 1mA
M1 1 2 0 0 NMOS W=1u L=1u
R1 2 1 1k
R2 4 2 1k
.MODEL NMOS NMOS (LEVEL=1 VTO=1 KP=1.0e-4 LAMBDA=0.02)

.OP
.PRINT OP V(1) V(2) V(4) V(VDD)
.END","In the given SPICE netlist, what is the DC voltage at node 4?
A. 10.51 V
B. -1 mV
C. 2.627 V
D. 5.254 V",D,"*SPICE Netlist for circuit 532
I1 VDD 1 DC 1mA
M1 1 2 0 0 NMOS W=1u L=1u
R1 2 1 1k
R2 4 2 1k
.MODEL NMOS NMOS (LEVEL=1 VTO=1 KP=1.0e-4 LAMBDA=0.02)

.OP
.PRINT OP V(1) V(2) V(4) V(VDD)
.END"
532,"*SPICE Netlist for circuit 532
I1 VDD 1 DC 1mA
M1 1 2 0 0 NMOS W=1u L=1u
R1 2 1 1k
R2 4 2 1k
.MODEL NMOS NMOS (LEVEL=1 VTO=1 KP=1.0e-4 LAMBDA=0.02)

.OP
.PRINT OP V(1) V(2) V(4) V(VDD)
.END","In the given SPICE netlist, what is the DC voltage at node 1?
A. 5.254 V
B. 10.51 V
C. -1 mV
D. 2.627 V",A,"*SPICE Netlist for circuit 532
I1 VDD 1 DC 1mA
M1 1 2 0 0 NMOS W=1u L=1u
R1 2 1 1k
R2 4 2 1k
.MODEL NMOS NMOS (LEVEL=1 VTO=1 KP=1.0e-4 LAMBDA=0.02)

.OP
.PRINT OP V(1) V(2) V(4) V(VDD)
.END"
532,"*SPICE Netlist for circuit 532
I1 VDD 1 DC 1mA
M1 1 2 0 0 NMOS W=1u L=1u
R1 2 1 1k
R2 4 2 1k
.MODEL NMOS NMOS (LEVEL=1 VTO=1 KP=1.0e-4 LAMBDA=0.02)

.OP
.PRINT OP V(1) V(2) V(4) V(VDD)
.END","In the given SPICE netlist, what is the DC voltage at node 2?
A. -1 mV
B. 2.627 V
C. 10.51 V
D. 5.254 V",D,"*SPICE Netlist for circuit 532
I1 VDD 1 DC 1mA
M1 1 2 0 0 NMOS W=1u L=1u
R1 2 1 1k
R2 4 2 1k
.MODEL NMOS NMOS (LEVEL=1 VTO=1 KP=1.0e-4 LAMBDA=0.02)

.OP
.PRINT OP V(1) V(2) V(4) V(VDD)
.END"
536,"*SPICE Netlist for circuit 536
C1 2 1 1nF
C2 4 2 1nF
I1 VDD 1 DC 1mA
M1 1 2 0 0 NMOS W=1u L=1u
.MODEL NMOS NMOS (LEVEL=1 VTO=1 KP=1.0e-4 LAMBDA=0.02)

.OP
.PRINT OP V(1) V(2) V(4) V(VDD)
.END","In the given SPICE netlist, what is the DC voltage at node 2?
A. 10.51 V
B. 2.627 V
C. 5.254 V
D. -111 mV",C,"*SPICE Netlist for circuit 536
C1 2 1 1nF
C2 4 2 1nF
I1 VDD 1 DC 1mA
M1 1 2 0 0 NMOS W=1u L=1u
.MODEL NMOS NMOS (LEVEL=1 VTO=1 KP=1.0e-4 LAMBDA=0.02)

.OP
.PRINT OP V(1) V(2) V(4) V(VDD)
.END"
536,"*SPICE Netlist for circuit 536
C1 2 1 1nF
C2 4 2 1nF
I1 VDD 1 DC 1mA
M1 1 2 0 0 NMOS W=1u L=1u
.MODEL NMOS NMOS (LEVEL=1 VTO=1 KP=1.0e-4 LAMBDA=0.02)

.OP
.PRINT OP V(1) V(2) V(4) V(VDD)
.END","In the given SPICE netlist, what is the DC voltage at node 1?
A. -111 mV
B. 2.627 V
C. 5.254 V
D. 10.51 V",C,"*SPICE Netlist for circuit 536
C1 2 1 1nF
C2 4 2 1nF
I1 VDD 1 DC 1mA
M1 1 2 0 0 NMOS W=1u L=1u
.MODEL NMOS NMOS (LEVEL=1 VTO=1 KP=1.0e-4 LAMBDA=0.02)

.OP
.PRINT OP V(1) V(2) V(4) V(VDD)
.END"
536,"*SPICE Netlist for circuit 536
C1 2 1 1nF
C2 4 2 1nF
I1 VDD 1 DC 1mA
M1 1 2 0 0 NMOS W=1u L=1u
.MODEL NMOS NMOS (LEVEL=1 VTO=1 KP=1.0e-4 LAMBDA=0.02)

.OP
.PRINT OP V(1) V(2) V(4) V(VDD)
.END","In the given SPICE netlist, what is the DC voltage at node 4?
A. -111 mV
B. 5.254 V
C. 2.627 V
D. 10.51 V",B,"*SPICE Netlist for circuit 536
C1 2 1 1nF
C2 4 2 1nF
I1 VDD 1 DC 1mA
M1 1 2 0 0 NMOS W=1u L=1u
.MODEL NMOS NMOS (LEVEL=1 VTO=1 KP=1.0e-4 LAMBDA=0.02)

.OP
.PRINT OP V(1) V(2) V(4) V(VDD)
.END"
538,"*SPICE Netlist for circuit 538
C1 2 1 1nF
C2 0 2 1nF
I1 VDD 1 DC 1mA
I2 3 0 DC 1mA
V1 3 0 5V
M1 1 2 3 3 NMOS W=1u L=1u
.MODEL NMOS NMOS (LEVEL=1 VTO=1 KP=1.0e-4 LAMBDA=0.02)

.OP
.PRINT OP V(1) V(2) V(3) V(VDD) I(V1)
.END","In the given SPICE netlist, what is the DC voltage at node 2?
A. 19.26 V
B. -1 mV
C. 9.63 V
D. 5 V",C,"*SPICE Netlist for circuit 538
C1 2 1 1nF
C2 0 2 1nF
I1 VDD 1 DC 1mA
I2 3 0 DC 1mA
V1 3 0 5V
M1 1 2 3 3 NMOS W=1u L=1u
.MODEL NMOS NMOS (LEVEL=1 VTO=1 KP=1.0e-4 LAMBDA=0.02)

.OP
.PRINT OP V(1) V(2) V(3) V(VDD) I(V1)
.END"
538,"*SPICE Netlist for circuit 538
C1 2 1 1nF
C2 0 2 1nF
I1 VDD 1 DC 1mA
I2 3 0 DC 1mA
V1 3 0 5V
M1 1 2 3 3 NMOS W=1u L=1u
.MODEL NMOS NMOS (LEVEL=1 VTO=1 KP=1.0e-4 LAMBDA=0.02)

.OP
.PRINT OP V(1) V(2) V(3) V(VDD) I(V1)
.END","In the given SPICE netlist, what is the DC voltage at node 1?
A. 19.26 V
B. -1 mV
C. 5 V
D. 9.63 V",A,"*SPICE Netlist for circuit 538
C1 2 1 1nF
C2 0 2 1nF
I1 VDD 1 DC 1mA
I2 3 0 DC 1mA
V1 3 0 5V
M1 1 2 3 3 NMOS W=1u L=1u
.MODEL NMOS NMOS (LEVEL=1 VTO=1 KP=1.0e-4 LAMBDA=0.02)

.OP
.PRINT OP V(1) V(2) V(3) V(VDD) I(V1)
.END"
538,"*SPICE Netlist for circuit 538
C1 2 1 1nF
C2 0 2 1nF
I1 VDD 1 DC 1mA
I2 3 0 DC 1mA
V1 3 0 5V
M1 1 2 3 3 NMOS W=1u L=1u
.MODEL NMOS NMOS (LEVEL=1 VTO=1 KP=1.0e-4 LAMBDA=0.02)

.OP
.PRINT OP V(1) V(2) V(3) V(VDD) I(V1)
.END","In the given SPICE netlist, what is the DC current through V1?
A. 9.63 A
B. 5 A
C. 19.26 A
D. -153.4 µA",D,"*SPICE Netlist for circuit 538
C1 2 1 1nF
C2 0 2 1nF
I1 VDD 1 DC 1mA
I2 3 0 DC 1mA
V1 3 0 5V
M1 1 2 3 3 NMOS W=1u L=1u
.MODEL NMOS NMOS (LEVEL=1 VTO=1 KP=1.0e-4 LAMBDA=0.02)

.OP
.PRINT OP V(1) V(2) V(3) V(VDD) I(V1)
.END"
539,"*SPICE Netlist for circuit 539
C1 2 1 1nF
C2 0 2 1nF
I1 VDD 1 DC 1mA
M1 1 2 0 0 NMOS W=1u L=1u
.MODEL NMOS NMOS (LEVEL=1 VTO=1 KP=1.0e-4 LAMBDA=0.02)

.OP
.PRINT OP V(1) V(2) V(VDD)
.END","In the given SPICE netlist, what is the DC voltage at node 2?
A. 4.996 V
B. 9.992 V
C. -132 mV
D. 2.498 V",A,"*SPICE Netlist for circuit 539
C1 2 1 1nF
C2 0 2 1nF
I1 VDD 1 DC 1mA
M1 1 2 0 0 NMOS W=1u L=1u
.MODEL NMOS NMOS (LEVEL=1 VTO=1 KP=1.0e-4 LAMBDA=0.02)

.OP
.PRINT OP V(1) V(2) V(VDD)
.END"
539,"*SPICE Netlist for circuit 539
C1 2 1 1nF
C2 0 2 1nF
I1 VDD 1 DC 1mA
M1 1 2 0 0 NMOS W=1u L=1u
.MODEL NMOS NMOS (LEVEL=1 VTO=1 KP=1.0e-4 LAMBDA=0.02)

.OP
.PRINT OP V(1) V(2) V(VDD)
.END","In the given SPICE netlist, what is the DC voltage at node 1?
A. 4.996 V
B. 9.992 V
C. -132 mV
D. 19.98 V",B,"*SPICE Netlist for circuit 539
C1 2 1 1nF
C2 0 2 1nF
I1 VDD 1 DC 1mA
M1 1 2 0 0 NMOS W=1u L=1u
.MODEL NMOS NMOS (LEVEL=1 VTO=1 KP=1.0e-4 LAMBDA=0.02)

.OP
.PRINT OP V(1) V(2) V(VDD)
.END"
597,"M1 NMOS N2 N0 0 0 NA
M2 NMOS VDD N3 0 0 NA
RD1 R VDD N1 NA
RD2 R VDD VDD NA
R1 R N0 N3 NA
R2 R N0 0 NA
Vt V N3 0 NA","In the given SPICE netlist, what is the DC current through the voltage source V1?
A. I(V1) = 0 A
B. I(V1) = 1 mA
C. I(V1) = 5 mA
D. I(V1) = 10 mA",A,"MOSFET Circuit Netlist
M1 N2 N0 0 0 NMOS
M2 VDD N3 0 0 NMOS
RD1 VDD N1 1k
RD2 VDD VDD 1k
R1 N0 N3 1k
R2 N0 0 1k
Vt N3 0 DC 5
VDD VDD 0 DC 5
.model NMOS NMOS (LEVEL=1 VTO=1 KP=1.0e-4 LAMBDA=0.02)
.op
.end"
540,"*SPICE Netlist for circuit 540
C1 1 2 1nF
C2 0 1 1nF
I1 VDD 2 DC 1mA
M1 2 1 0 0 NMOS W=1u L=1u
.MODEL NMOS NMOS (LEVEL=1 VTO=1 KP=1.0e-4 LAMBDA=0.02)

.OP
.PRINT OP V(1) V(2) V(VDD)
.END","In the given SPICE netlist, what is the DC voltage at node 1?
A. 9.992 V
B. -132 mV
C. 4.996 V
D. 2.498 V",C,"*SPICE Netlist for circuit 540
C1 1 2 1nF
C2 0 1 1nF
I1 VDD 2 DC 1mA
M1 2 1 0 0 NMOS W=1u L=1u
.MODEL NMOS NMOS (LEVEL=1 VTO=1 KP=1.0e-4 LAMBDA=0.02)

.OP
.PRINT OP V(1) V(2) V(VDD)
.END"
545,"*SPICE Netlist for circuit 545
C1 2 1 1nF
C2 0 2 1nF
V1 1 0 5V
R1 0 4 1k
M1 4 2 0 0 NMOS W=1u L=1u
M2 1 0 4 4 NMOS W=1u L=1u
R2 1 VDD 1k
.MODEL NMOS NMOS (LEVEL=1 VTO=1 KP=1.0e-4 LAMBDA=0.02)

.OP
.PRINT OP V(1) V(2) V(4) V(VDD) I(V1)
.END","In the given SPICE netlist, what is the DC voltage at node 2?
A. 1.25 V
B. 2.5 V
C. 0 V
D. 5 V",B,"*SPICE Netlist for circuit 545
C1 2 1 1nF
C2 0 2 1nF
V1 1 0 5V
R1 0 4 1k
M1 4 2 0 0 NMOS W=1u L=1u
M2 1 0 4 4 NMOS W=1u L=1u
R2 1 VDD 1k
.MODEL NMOS NMOS (LEVEL=1 VTO=1 KP=1.0e-4 LAMBDA=0.02)

.OP
.PRINT OP V(1) V(2) V(4) V(VDD) I(V1)
.END"
548,"*SPICE Netlist for circuit 548
I1 2 0 DC 1mA
M2 1 4 0 0 NMOS W=1u L=1u
M1 VDD 1 2 2 NMOS W=1u L=1u
R1 1 VDD 1k
.MODEL NMOS NMOS (LEVEL=1 VTO=1 KP=1.0e-4 LAMBDA=0.02)

.OP
.PRINT OP V(1) V(2) V(4) V(VDD)
.END","In the given SPICE netlist, what is the DC voltage at node 2?
A. 0 V
B. -655.1 mV
C. -1.655 V
D. -5.947 V",D,"*SPICE Netlist for circuit 548
I1 2 0 DC 1mA
M2 1 4 0 0 NMOS W=1u L=1u
M1 VDD 1 2 2 NMOS W=1u L=1u
R1 1 VDD 1k
.MODEL NMOS NMOS (LEVEL=1 VTO=1 KP=1.0e-4 LAMBDA=0.02)

.OP
.PRINT OP V(1) V(2) V(4) V(VDD)
.END"
548,"*SPICE Netlist for circuit 548
I1 2 0 DC 1mA
M2 1 4 0 0 NMOS W=1u L=1u
M1 VDD 1 2 2 NMOS W=1u L=1u
R1 1 VDD 1k
.MODEL NMOS NMOS (LEVEL=1 VTO=1 KP=1.0e-4 LAMBDA=0.02)

.OP
.PRINT OP V(1) V(2) V(4) V(VDD)
.END","In the given SPICE netlist, what is the DC voltage at node 1?
A. -655.1 mV
B. 0 V
C. -5.947 V
D. -1.655 V",A,"*SPICE Netlist for circuit 548
I1 2 0 DC 1mA
M2 1 4 0 0 NMOS W=1u L=1u
M1 VDD 1 2 2 NMOS W=1u L=1u
R1 1 VDD 1k
.MODEL NMOS NMOS (LEVEL=1 VTO=1 KP=1.0e-4 LAMBDA=0.02)

.OP
.PRINT OP V(1) V(2) V(4) V(VDD)
.END"
398,"M1 NMOS N_B N_A 0 0 NA
RS R N_A N_VIN NA
RD R VDD N_B NA
CF C N_B N_A NA
VIN V N_VIN 0 NA","During the sweep, does the current through the voltage source V1 (I(V1)) ever exceed 1 nA?
A. Yes, it exceeds 1 nA throughout the entire sweep
B. Yes, it exceeds 1 nA only at the beginning of the sweep
C. Yes, it exceeds 1 nA only at the end of the sweep
D. No, it does not exceed 1 nA and remains effectively zero except for a negligible value at 4.5 V",D,"MOSFET amplifier with feedback capacitor

M1 N_B N_A 0 0 NMOS
RS1 N_A N_VIN 1k
RD1 VDD N_B 1k
CF1 N_B N_A 1n
VIN1 N_VIN 0 DC 5

VDD_SUPPLY VDD 0 DC 5

.model NMOS NMOS (LEVEL=1 VTO=1 KP=1.0e-4 LAMBDA=0.02)
.model PMOS PMOS (LEVEL=1 VTO=1 KP=1.0e-4 LAMBDA=0.02)

.op
.end"
555,"*SPICE Netlist for circuit 555
C1 2 1 1nF
C2 0 2 1nF
I1 3 0 DC 1mA
R1 1 VDD 1k
M1 1 2 3 3 NMOS W=1u L=1u
.MODEL NMOS NMOS (LEVEL=1 VTO=1 KP=1.0e-4 LAMBDA=0.02)

.OP
.PRINT OP V(1) V(2) V(3) V(VDD)
.END","In the given SPICE netlist, what is the DC voltage at node 2?
A. -5 V
B. -20 V
C. -10 V
D. 10 V",C,"*SPICE Netlist for circuit 555
C1 2 1 1nF
C2 0 2 1nF
I1 3 0 DC 1mA
R1 1 VDD 1k
M1 1 2 3 3 NMOS W=1u L=1u
.MODEL NMOS NMOS (LEVEL=1 VTO=1 KP=1.0e-4 LAMBDA=0.02)

.OP
.PRINT OP V(1) V(2) V(3) V(VDD)
.END"
555,"*SPICE Netlist for circuit 555
C1 2 1 1nF
C2 0 2 1nF
I1 3 0 DC 1mA
R1 1 VDD 1k
M1 1 2 3 3 NMOS W=1u L=1u
.MODEL NMOS NMOS (LEVEL=1 VTO=1 KP=1.0e-4 LAMBDA=0.02)

.OP
.PRINT OP V(1) V(2) V(3) V(VDD)
.END","In the given SPICE netlist, what is the DC voltage at node 1?
A. -40 V
B. -20 V
C. -10 V
D. 20 V",B,"*SPICE Netlist for circuit 555
C1 2 1 1nF
C2 0 2 1nF
I1 3 0 DC 1mA
R1 1 VDD 1k
M1 1 2 3 3 NMOS W=1u L=1u
.MODEL NMOS NMOS (LEVEL=1 VTO=1 KP=1.0e-4 LAMBDA=0.02)

.OP
.PRINT OP V(1) V(2) V(3) V(VDD)
.END"
558,"*SPICE Netlist for circuit 558
C1 4 2 1nF
C2 0 4 1nF
I1 0 3 DC 1mA
M2 3 4 0 0 NMOS W=1u L=1u
M1 2 1 3 3 NMOS W=1u L=1u
R1 2 VDD 1k
.MODEL NMOS NMOS (LEVEL=1 VTO=1 KP=1.0e-4 LAMBDA=0.02)

.OP
.PRINT OP V(1) V(2) V(3) V(4) V(VDD)
.END","In the given SPICE netlist, what is the DC voltage at node 2?
A. 10.53 V
B. 4.979 V
C. 9.958 V
D. 0 V",C,"*SPICE Netlist for circuit 558
C1 4 2 1nF
C2 0 4 1nF
I1 0 3 DC 1mA
M2 3 4 0 0 NMOS W=1u L=1u
M1 2 1 3 3 NMOS W=1u L=1u
R1 2 VDD 1k
.MODEL NMOS NMOS (LEVEL=1 VTO=1 KP=1.0e-4 LAMBDA=0.02)

.OP
.PRINT OP V(1) V(2) V(3) V(4) V(VDD)
.END"
558,"*SPICE Netlist for circuit 558
C1 4 2 1nF
C2 0 4 1nF
I1 0 3 DC 1mA
M2 3 4 0 0 NMOS W=1u L=1u
M1 2 1 3 3 NMOS W=1u L=1u
R1 2 VDD 1k
.MODEL NMOS NMOS (LEVEL=1 VTO=1 KP=1.0e-4 LAMBDA=0.02)

.OP
.PRINT OP V(1) V(2) V(3) V(4) V(VDD)
.END","In the given SPICE netlist, what is the DC voltage at node 3?
A. 10.53 V
B. 4.979 V
C. 0 V
D. 9.958 V",A,"*SPICE Netlist for circuit 558
C1 4 2 1nF
C2 0 4 1nF
I1 0 3 DC 1mA
M2 3 4 0 0 NMOS W=1u L=1u
M1 2 1 3 3 NMOS W=1u L=1u
R1 2 VDD 1k
.MODEL NMOS NMOS (LEVEL=1 VTO=1 KP=1.0e-4 LAMBDA=0.02)

.OP
.PRINT OP V(1) V(2) V(3) V(4) V(VDD)
.END"
558,"*SPICE Netlist for circuit 558
C1 4 2 1nF
C2 0 4 1nF
I1 0 3 DC 1mA
M2 3 4 0 0 NMOS W=1u L=1u
M1 2 1 3 3 NMOS W=1u L=1u
R1 2 VDD 1k
.MODEL NMOS NMOS (LEVEL=1 VTO=1 KP=1.0e-4 LAMBDA=0.02)

.OP
.PRINT OP V(1) V(2) V(3) V(4) V(VDD)
.END","In the given SPICE netlist, what is the DC voltage at node 4?
A. 10.53 V
B. 9.958 V
C. 4.979 V
D. 0 V",C,"*SPICE Netlist for circuit 558
C1 4 2 1nF
C2 0 4 1nF
I1 0 3 DC 1mA
M2 3 4 0 0 NMOS W=1u L=1u
M1 2 1 3 3 NMOS W=1u L=1u
R1 2 VDD 1k
.MODEL NMOS NMOS (LEVEL=1 VTO=1 KP=1.0e-4 LAMBDA=0.02)

.OP
.PRINT OP V(1) V(2) V(3) V(4) V(VDD)
.END"
559,"*SPICE Netlist for circuit 559
C1 0 3 1nF
C2 3 5 1nF
V1 5 0 5V
M2 6 3 0 0 NMOS W=1u L=1u
M1 2 1 6 6 NMOS W=1u L=1u
R1 2 VDD 1k
.MODEL NMOS NMOS (LEVEL=1 VTO=1 KP=1.0e-4 LAMBDA=0.02)

.OP
.PRINT OP V(1) V(2) V(3) V(5) V(6) V(VDD) I(V1)
.END","In the given SPICE netlist, what is the DC voltage at node 3?
A. 2.5 V
B. 5 V
C. 0 V
D. 1.25 V",A,"*SPICE Netlist for circuit 559
C1 0 3 1nF
C2 3 5 1nF
V1 5 0 5V
M2 6 3 0 0 NMOS W=1u L=1u
M1 2 1 6 6 NMOS W=1u L=1u
R1 2 VDD 1k
.MODEL NMOS NMOS (LEVEL=1 VTO=1 KP=1.0e-4 LAMBDA=0.02)

.OP
.PRINT OP V(1) V(2) V(3) V(5) V(6) V(VDD) I(V1)
.END"
560,"*SPICE Netlist for circuit 560
C1 4 2 1nF
C2 0 4 1nF
V1 3 0 5V
M2 3 4 0 0 NMOS W=1u L=1u
M1 2 1 3 3 NMOS W=1u L=1u
R1 2 VDD 1k
.MODEL NMOS NMOS (LEVEL=1 VTO=1 KP=1.0e-4 LAMBDA=0.02)

.OP
.PRINT OP V(1) V(2) V(3) V(4) V(VDD) I(V1)
.END","In the given SPICE netlist, what is the DC voltage at node 4?
A. 5 V
B. 2.258 V
C. 0 V
D. 4.517 V",B,"*SPICE Netlist for circuit 560
C1 4 2 1nF
C2 0 4 1nF
V1 3 0 5V
M2 3 4 0 0 NMOS W=1u L=1u
M1 2 1 3 3 NMOS W=1u L=1u
R1 2 VDD 1k
.MODEL NMOS NMOS (LEVEL=1 VTO=1 KP=1.0e-4 LAMBDA=0.02)

.OP
.PRINT OP V(1) V(2) V(3) V(4) V(VDD) I(V1)
.END"
560,"*SPICE Netlist for circuit 560
C1 4 2 1nF
C2 0 4 1nF
V1 3 0 5V
M2 3 4 0 0 NMOS W=1u L=1u
M1 2 1 3 3 NMOS W=1u L=1u
R1 2 VDD 1k
.MODEL NMOS NMOS (LEVEL=1 VTO=1 KP=1.0e-4 LAMBDA=0.02)

.OP
.PRINT OP V(1) V(2) V(3) V(4) V(VDD) I(V1)
.END","In the given SPICE netlist, what is the DC voltage at node 2?
A. 0 V
B. 4.517 V
C. 5 V
D. 2.258 V",B,"*SPICE Netlist for circuit 560
C1 4 2 1nF
C2 0 4 1nF
V1 3 0 5V
M2 3 4 0 0 NMOS W=1u L=1u
M1 2 1 3 3 NMOS W=1u L=1u
R1 2 VDD 1k
.MODEL NMOS NMOS (LEVEL=1 VTO=1 KP=1.0e-4 LAMBDA=0.02)

.OP
.PRINT OP V(1) V(2) V(3) V(4) V(VDD) I(V1)
.END"
560,"*SPICE Netlist for circuit 560
C1 4 2 1nF
C2 0 4 1nF
V1 3 0 5V
M2 3 4 0 0 NMOS W=1u L=1u
M1 2 1 3 3 NMOS W=1u L=1u
R1 2 VDD 1k
.MODEL NMOS NMOS (LEVEL=1 VTO=1 KP=1.0e-4 LAMBDA=0.02)

.OP
.PRINT OP V(1) V(2) V(3) V(4) V(VDD) I(V1)
.END","In the given SPICE netlist, what is the DC current through V1?
A. 0 A
B. 4.517 A
C. -88.4 µA
D. 5 A",C,"*SPICE Netlist for circuit 560
C1 4 2 1nF
C2 0 4 1nF
V1 3 0 5V
M2 3 4 0 0 NMOS W=1u L=1u
M1 2 1 3 3 NMOS W=1u L=1u
R1 2 VDD 1k
.MODEL NMOS NMOS (LEVEL=1 VTO=1 KP=1.0e-4 LAMBDA=0.02)

.OP
.PRINT OP V(1) V(2) V(3) V(4) V(VDD) I(V1)
.END"
561,"*SPICE Netlist for circuit 561
C1 4 6 1nF
V1 6 0 5V
C2 0 4 1nF
M2 3 4 0 0 NMOS W=1u L=1u
M1 2 1 3 3 NMOS W=1u L=1u
R1 2 VDD 1k
.MODEL NMOS NMOS (LEVEL=1 VTO=1 KP=1.0e-4 LAMBDA=0.02)

.OP
.PRINT OP V(1) V(2) V(3) V(4) V(6) V(VDD) I(V1)
.END","In the given SPICE netlist, what is the DC voltage at node 4?
A. 2.5 V
B. 5 V
C. 0 V
D. 1.25 V",A,"*SPICE Netlist for circuit 561
C1 4 6 1nF
V1 6 0 5V
C2 0 4 1nF
M2 3 4 0 0 NMOS W=1u L=1u
M1 2 1 3 3 NMOS W=1u L=1u
R1 2 VDD 1k
.MODEL NMOS NMOS (LEVEL=1 VTO=1 KP=1.0e-4 LAMBDA=0.02)

.OP
.PRINT OP V(1) V(2) V(3) V(4) V(6) V(VDD) I(V1)
.END"
562,"*SPICE Netlist for circuit 562
I1 2 0 DC 1mA
M1 1 2 0 0 NMOS W=1u L=1u
R2 2 1 1k
R1 1 VDD 1k
.MODEL NMOS NMOS (LEVEL=1 VTO=1 KP=1.0e-4 LAMBDA=0.02)

.OP
.PRINT OP V(1) V(2) V(VDD)
.END","In the given SPICE netlist, what is the DC voltage at node 1?
A. -655.5 mV
B. -1.311 V
C. -1.655 V
D. -327.7 mV",A,"*SPICE Netlist for circuit 562
I1 2 0 DC 1mA
M1 1 2 0 0 NMOS W=1u L=1u
R2 2 1 1k
R1 1 VDD 1k
.MODEL NMOS NMOS (LEVEL=1 VTO=1 KP=1.0e-4 LAMBDA=0.02)

.OP
.PRINT OP V(1) V(2) V(VDD)
.END"
562,"*SPICE Netlist for circuit 562
I1 2 0 DC 1mA
M1 1 2 0 0 NMOS W=1u L=1u
R2 2 1 1k
R1 1 VDD 1k
.MODEL NMOS NMOS (LEVEL=1 VTO=1 KP=1.0e-4 LAMBDA=0.02)

.OP
.PRINT OP V(1) V(2) V(VDD)
.END","In the given SPICE netlist, what is the DC voltage at node 2?
A. -1.655 V
B. -3.311 V
C. -827.7 mV
D. -655.5 mV",A,"*SPICE Netlist for circuit 562
I1 2 0 DC 1mA
M1 1 2 0 0 NMOS W=1u L=1u
R2 2 1 1k
R1 1 VDD 1k
.MODEL NMOS NMOS (LEVEL=1 VTO=1 KP=1.0e-4 LAMBDA=0.02)

.OP
.PRINT OP V(1) V(2) V(VDD)
.END"
564,"*SPICE Netlist for circuit 564
I1 3 0 DC 1mA
R1 0 4 1k
M3 1 1 VDD VDD PMOS W=1u L=1u
M4 2 1 VDD VDD PMOS W=1u L=1u
R2 4 2 1k
M2 1 8 3 3 NMOS W=1u L=1u
M1 2 4 3 3 NMOS W=1u L=1u
.MODEL NMOS NMOS (LEVEL=1 VTO=1 KP=1.0e-4 LAMBDA=0.02)
.MODEL PMOS PMOS (LEVEL=1 VTO=1 KP=1.0e-4 LAMBDA=0.02)

.OP
.PRINT OP V(1) V(2) V(3) V(4) V(8) V(VDD)
.END","In the given SPICE netlist, what is the DC voltage at node 1?
A. -4.483 V
B. -5.418 V
C. -1 V
D. -2 V",A,"*SPICE Netlist for circuit 564
I1 3 0 DC 1mA
R1 0 4 1k
M3 1 1 VDD VDD PMOS W=1u L=1u
M4 2 1 VDD VDD PMOS W=1u L=1u
R2 4 2 1k
M2 1 8 3 3 NMOS W=1u L=1u
M1 2 4 3 3 NMOS W=1u L=1u
.MODEL NMOS NMOS (LEVEL=1 VTO=1 KP=1.0e-4 LAMBDA=0.02)
.MODEL PMOS PMOS (LEVEL=1 VTO=1 KP=1.0e-4 LAMBDA=0.02)

.OP
.PRINT OP V(1) V(2) V(3) V(4) V(8) V(VDD)
.END"
564,"*SPICE Netlist for circuit 564
I1 3 0 DC 1mA
R1 0 4 1k
M3 1 1 VDD VDD PMOS W=1u L=1u
M4 2 1 VDD VDD PMOS W=1u L=1u
R2 4 2 1k
M2 1 8 3 3 NMOS W=1u L=1u
M1 2 4 3 3 NMOS W=1u L=1u
.MODEL NMOS NMOS (LEVEL=1 VTO=1 KP=1.0e-4 LAMBDA=0.02)
.MODEL PMOS PMOS (LEVEL=1 VTO=1 KP=1.0e-4 LAMBDA=0.02)

.OP
.PRINT OP V(1) V(2) V(3) V(4) V(8) V(VDD)
.END","In the given SPICE netlist, what is the DC voltage at node 3?
A. -5.418 V
B. -4.483 V
C. -1 V
D. -2 V",A,"*SPICE Netlist for circuit 564
I1 3 0 DC 1mA
R1 0 4 1k
M3 1 1 VDD VDD PMOS W=1u L=1u
M4 2 1 VDD VDD PMOS W=1u L=1u
R2 4 2 1k
M2 1 8 3 3 NMOS W=1u L=1u
M1 2 4 3 3 NMOS W=1u L=1u
.MODEL NMOS NMOS (LEVEL=1 VTO=1 KP=1.0e-4 LAMBDA=0.02)
.MODEL PMOS PMOS (LEVEL=1 VTO=1 KP=1.0e-4 LAMBDA=0.02)

.OP
.PRINT OP V(1) V(2) V(3) V(4) V(8) V(VDD)
.END"
564,"*SPICE Netlist for circuit 564
I1 3 0 DC 1mA
R1 0 4 1k
M3 1 1 VDD VDD PMOS W=1u L=1u
M4 2 1 VDD VDD PMOS W=1u L=1u
R2 4 2 1k
M2 1 8 3 3 NMOS W=1u L=1u
M1 2 4 3 3 NMOS W=1u L=1u
.MODEL NMOS NMOS (LEVEL=1 VTO=1 KP=1.0e-4 LAMBDA=0.02)
.MODEL PMOS PMOS (LEVEL=1 VTO=1 KP=1.0e-4 LAMBDA=0.02)

.OP
.PRINT OP V(1) V(2) V(3) V(4) V(8) V(VDD)
.END","In the given SPICE netlist, what is the DC voltage at node 4?
A. -1 V
B. -2 V
C. -5.418 V
D. -4.483 V",A,"*SPICE Netlist for circuit 564
I1 3 0 DC 1mA
R1 0 4 1k
M3 1 1 VDD VDD PMOS W=1u L=1u
M4 2 1 VDD VDD PMOS W=1u L=1u
R2 4 2 1k
M2 1 8 3 3 NMOS W=1u L=1u
M1 2 4 3 3 NMOS W=1u L=1u
.MODEL NMOS NMOS (LEVEL=1 VTO=1 KP=1.0e-4 LAMBDA=0.02)
.MODEL PMOS PMOS (LEVEL=1 VTO=1 KP=1.0e-4 LAMBDA=0.02)

.OP
.PRINT OP V(1) V(2) V(3) V(4) V(8) V(VDD)
.END"
570,"*SPICE Netlist for circuit 570
C1 4 2 1nF
I1 4 0 DC 1mA
I2 0 3 DC 1mA
M2 2 3 0 0 NMOS W=1u L=1u
R2 3 4 1k
M1 VDD 2 4 4 NMOS W=1u L=1u
R1 2 VDD 1k
.MODEL NMOS NMOS (LEVEL=1 VTO=1 KP=1.0e-4 LAMBDA=0.02)

.OP
.PRINT OP V(2) V(3) V(4) V(VDD)
.END","In the given SPICE netlist, what is the DC voltage at node 3?
A. 1 V
B. 0 V
C. 2 V
D. 500 mV",A,"*SPICE Netlist for circuit 570
C1 4 2 1nF
I1 4 0 DC 1mA
I2 0 3 DC 1mA
M2 2 3 0 0 NMOS W=1u L=1u
R2 3 4 1k
M1 VDD 2 4 4 NMOS W=1u L=1u
R1 2 VDD 1k
.MODEL NMOS NMOS (LEVEL=1 VTO=1 KP=1.0e-4 LAMBDA=0.02)

.OP
.PRINT OP V(2) V(3) V(4) V(VDD)
.END"
578,"*SPICE Netlist for circuit 578
I1 0 2 DC 1mA
M1 1 2 0 0 NMOS W=1u L=1u
R2 2 1 1k
R1 1 VDD 1k
.MODEL NMOS NMOS (LEVEL=1 VTO=1 KP=1.0e-4 LAMBDA=0.02)

.OP
.PRINT OP V(1) V(2) V(VDD)
.END","In the given SPICE netlist, what is the DC voltage at node 2?
A. 10.58 V
B. 2.646 V
C. 4.292 V
D. 5.292 V",D,"*SPICE Netlist for circuit 578
I1 0 2 DC 1mA
M1 1 2 0 0 NMOS W=1u L=1u
R2 2 1 1k
R1 1 VDD 1k
.MODEL NMOS NMOS (LEVEL=1 VTO=1 KP=1.0e-4 LAMBDA=0.02)

.OP
.PRINT OP V(1) V(2) V(VDD)
.END"
578,"*SPICE Netlist for circuit 578
I1 0 2 DC 1mA
M1 1 2 0 0 NMOS W=1u L=1u
R2 2 1 1k
R1 1 VDD 1k
.MODEL NMOS NMOS (LEVEL=1 VTO=1 KP=1.0e-4 LAMBDA=0.02)

.OP
.PRINT OP V(1) V(2) V(VDD)
.END","In the given SPICE netlist, what is the DC voltage at node 1?
A. 4.292 V
B. 8.583 V
C. 2.146 V
D. 5.292 V",A,"*SPICE Netlist for circuit 578
I1 0 2 DC 1mA
M1 1 2 0 0 NMOS W=1u L=1u
R2 2 1 1k
R1 1 VDD 1k
.MODEL NMOS NMOS (LEVEL=1 VTO=1 KP=1.0e-4 LAMBDA=0.02)

.OP
.PRINT OP V(1) V(2) V(VDD)
.END"
579,"*SPICE Netlist for circuit 579
I1 0 1 DC 1mA
R2 1 0 1k
R3 0 2 1k
M1 2 1 0 0 NMOS W=1u L=1u
R1 2 VDD 1k
.MODEL NMOS NMOS (LEVEL=1 VTO=1 KP=1.0e-4 LAMBDA=0.02)

.OP
.PRINT OP V(1) V(2) V(VDD)
.END","In the given SPICE netlist, what is the DC voltage at node 1?
A. 2 V
B. 1 V
C. 0 V
D. 500 mV",B,"*SPICE Netlist for circuit 579
I1 0 1 DC 1mA
R2 1 0 1k
R3 0 2 1k
M1 2 1 0 0 NMOS W=1u L=1u
R1 2 VDD 1k
.MODEL NMOS NMOS (LEVEL=1 VTO=1 KP=1.0e-4 LAMBDA=0.02)

.OP
.PRINT OP V(1) V(2) V(VDD)
.END"
580,"*SPICE Netlist for circuit 580
M1 1 2 0 0 NMOS W=1u L=1u
V1 4 0 5V
R3 2 1 1k
R1 1 VDD 1k
R2 4 2 1k
.MODEL NMOS NMOS (LEVEL=1 VTO=1 KP=1.0e-4 LAMBDA=0.02)

.OP
.PRINT OP V(1) V(2) V(4) V(VDD) I(V1)
.END","In the given SPICE netlist, what is the DC voltage at node 1?
A. 5 V
B. -615.8 µV
C. 4.384 V
D. 3.768 V",D,"*SPICE Netlist for circuit 580
M1 1 2 0 0 NMOS W=1u L=1u
V1 4 0 5V
R3 2 1 1k
R1 1 VDD 1k
R2 4 2 1k
.MODEL NMOS NMOS (LEVEL=1 VTO=1 KP=1.0e-4 LAMBDA=0.02)

.OP
.PRINT OP V(1) V(2) V(4) V(VDD) I(V1)
.END"
580,"*SPICE Netlist for circuit 580
M1 1 2 0 0 NMOS W=1u L=1u
V1 4 0 5V
R3 2 1 1k
R1 1 VDD 1k
R2 4 2 1k
.MODEL NMOS NMOS (LEVEL=1 VTO=1 KP=1.0e-4 LAMBDA=0.02)

.OP
.PRINT OP V(1) V(2) V(4) V(VDD) I(V1)
.END","In the given SPICE netlist, what is the DC voltage at node 2?
A. -615.8 µV
B. 4.384 V
C. 3.768 V
D. 5 V",B,"*SPICE Netlist for circuit 580
M1 1 2 0 0 NMOS W=1u L=1u
V1 4 0 5V
R3 2 1 1k
R1 1 VDD 1k
R2 4 2 1k
.MODEL NMOS NMOS (LEVEL=1 VTO=1 KP=1.0e-4 LAMBDA=0.02)

.OP
.PRINT OP V(1) V(2) V(4) V(VDD) I(V1)
.END"
580,"*SPICE Netlist for circuit 580
M1 1 2 0 0 NMOS W=1u L=1u
V1 4 0 5V
R3 2 1 1k
R1 1 VDD 1k
R2 4 2 1k
.MODEL NMOS NMOS (LEVEL=1 VTO=1 KP=1.0e-4 LAMBDA=0.02)

.OP
.PRINT OP V(1) V(2) V(4) V(VDD) I(V1)
.END","In the given SPICE netlist, what is the DC current through V1?
A. 3.768 A
B. 5 A
C. 4.384 A
D. -615.8 µA",D,"*SPICE Netlist for circuit 580
M1 1 2 0 0 NMOS W=1u L=1u
V1 4 0 5V
R3 2 1 1k
R1 1 VDD 1k
R2 4 2 1k
.MODEL NMOS NMOS (LEVEL=1 VTO=1 KP=1.0e-4 LAMBDA=0.02)

.OP
.PRINT OP V(1) V(2) V(4) V(VDD) I(V1)
.END"
581,"*SPICE Netlist for circuit 581
I1 0 3 DC 1mA
M1 1 3 0 0 NMOS W=1u L=1u
R2 0 3 1k
R3 3 1 1k
R1 1 VDD 1k
.MODEL NMOS NMOS (LEVEL=1 VTO=1 KP=1.0e-4 LAMBDA=0.02)

.OP
.PRINT OP V(1) V(3) V(VDD)
.END","In the given SPICE netlist, what is the DC voltage at node 1?
A. 1 V
B. -1 V
C. 2 V
D. 500 mV",A,"*SPICE Netlist for circuit 581
I1 0 3 DC 1mA
M1 1 3 0 0 NMOS W=1u L=1u
R2 0 3 1k
R3 3 1 1k
R1 1 VDD 1k
.MODEL NMOS NMOS (LEVEL=1 VTO=1 KP=1.0e-4 LAMBDA=0.02)

.OP
.PRINT OP V(1) V(3) V(VDD)
.END"
581,"*SPICE Netlist for circuit 581
I1 0 3 DC 1mA
M1 1 3 0 0 NMOS W=1u L=1u
R2 0 3 1k
R3 3 1 1k
R1 1 VDD 1k
.MODEL NMOS NMOS (LEVEL=1 VTO=1 KP=1.0e-4 LAMBDA=0.02)

.OP
.PRINT OP V(1) V(3) V(VDD)
.END","In the given SPICE netlist, what is the DC voltage at node 3?
A. 1 V
B. -1 V
C. 500 mV
D. 2 V",A,"*SPICE Netlist for circuit 581
I1 0 3 DC 1mA
M1 1 3 0 0 NMOS W=1u L=1u
R2 0 3 1k
R3 3 1 1k
R1 1 VDD 1k
.MODEL NMOS NMOS (LEVEL=1 VTO=1 KP=1.0e-4 LAMBDA=0.02)

.OP
.PRINT OP V(1) V(3) V(VDD)
.END"
582,"*SPICE Netlist for circuit 582
I1 0 2 DC 1mA
R4 0 1 1k
M1 1 2 0 0 NMOS W=1u L=1u
R3 0 2 1k
R2 2 0 1k
R1 1 VDD 1k
.MODEL NMOS NMOS (LEVEL=1 VTO=1 KP=1.0e-4 LAMBDA=0.02)

.OP
.PRINT OP V(1) V(2) V(VDD)
.END","In the given SPICE netlist, what is the DC voltage at node 2?
A. 250 mV
B. 500 mV
C. 0 V
D. 1 V",B,"*SPICE Netlist for circuit 582
I1 0 2 DC 1mA
R4 0 1 1k
M1 1 2 0 0 NMOS W=1u L=1u
R3 0 2 1k
R2 2 0 1k
R1 1 VDD 1k
.MODEL NMOS NMOS (LEVEL=1 VTO=1 KP=1.0e-4 LAMBDA=0.02)

.OP
.PRINT OP V(1) V(2) V(VDD)
.END"
583,"*SPICE Netlist for circuit 583
I1 0 1 DC 1mA
M1 VDD 3 2 2 NMOS W=1u L=1u
M2 3 1 0 0 NMOS W=1u L=1u
R2 0 2 1k
R3 1 2 1k
R1 3 VDD 1k
.MODEL NMOS NMOS (LEVEL=1 VTO=1 KP=1.0e-4 LAMBDA=0.02)

.OP
.PRINT OP V(1) V(2) V(3) V(VDD)
.END","In the given SPICE netlist, what is the DC voltage at node 1?
A. 406.2 mV
B. 970.3 mV
C. 1.97 V
D. 376.5 mV",C,"*SPICE Netlist for circuit 583
I1 0 1 DC 1mA
M1 VDD 3 2 2 NMOS W=1u L=1u
M2 3 1 0 0 NMOS W=1u L=1u
R2 0 2 1k
R3 1 2 1k
R1 3 VDD 1k
.MODEL NMOS NMOS (LEVEL=1 VTO=1 KP=1.0e-4 LAMBDA=0.02)

.OP
.PRINT OP V(1) V(2) V(3) V(VDD)
.END"
583,"*SPICE Netlist for circuit 583
I1 0 1 DC 1mA
M1 VDD 3 2 2 NMOS W=1u L=1u
M2 3 1 0 0 NMOS W=1u L=1u
R2 0 2 1k
R3 1 2 1k
R1 3 VDD 1k
.MODEL NMOS NMOS (LEVEL=1 VTO=1 KP=1.0e-4 LAMBDA=0.02)

.OP
.PRINT OP V(1) V(2) V(3) V(VDD)
.END","In the given SPICE netlist, what is the DC voltage at node 3?
A. 1.97 V
B. 406.2 mV
C. 970.3 mV
D. 376.5 mV",D,"*SPICE Netlist for circuit 583
I1 0 1 DC 1mA
M1 VDD 3 2 2 NMOS W=1u L=1u
M2 3 1 0 0 NMOS W=1u L=1u
R2 0 2 1k
R3 1 2 1k
R1 3 VDD 1k
.MODEL NMOS NMOS (LEVEL=1 VTO=1 KP=1.0e-4 LAMBDA=0.02)

.OP
.PRINT OP V(1) V(2) V(3) V(VDD)
.END"
583,"*SPICE Netlist for circuit 583
I1 0 1 DC 1mA
M1 VDD 3 2 2 NMOS W=1u L=1u
M2 3 1 0 0 NMOS W=1u L=1u
R2 0 2 1k
R3 1 2 1k
R1 3 VDD 1k
.MODEL NMOS NMOS (LEVEL=1 VTO=1 KP=1.0e-4 LAMBDA=0.02)

.OP
.PRINT OP V(1) V(2) V(3) V(VDD)
.END","In the given SPICE netlist, what is the DC voltage at node 2?
A. 376.5 mV
B. 406.2 mV
C. 1.97 V
D. 970.3 mV",D,"*SPICE Netlist for circuit 583
I1 0 1 DC 1mA
M1 VDD 3 2 2 NMOS W=1u L=1u
M2 3 1 0 0 NMOS W=1u L=1u
R2 0 2 1k
R3 1 2 1k
R1 3 VDD 1k
.MODEL NMOS NMOS (LEVEL=1 VTO=1 KP=1.0e-4 LAMBDA=0.02)

.OP
.PRINT OP V(1) V(2) V(3) V(VDD)
.END"
584,"*SPICE Netlist for circuit 584
I1 0 3 DC 1mA
M1 VDD 5 4 4 NMOS W=1u L=1u
M2 5 3 0 0 NMOS W=1u L=1u
R2 0 1 1k
R3 0 4 1k
R4 0 4 1k
R5 3 1 1k
R1 5 VDD 1k
.MODEL NMOS NMOS (LEVEL=1 VTO=1 KP=1.0e-4 LAMBDA=0.02)

.OP
.PRINT OP V(1) V(3) V(4) V(5) V(VDD)
.END","In the given SPICE netlist, what is the DC voltage at node 3?
A. 4 V
B. 2 V
C. 0 V
D. 1 V",B,"*SPICE Netlist for circuit 584
I1 0 3 DC 1mA
M1 VDD 5 4 4 NMOS W=1u L=1u
M2 5 3 0 0 NMOS W=1u L=1u
R2 0 1 1k
R3 0 4 1k
R4 0 4 1k
R5 3 1 1k
R1 5 VDD 1k
.MODEL NMOS NMOS (LEVEL=1 VTO=1 KP=1.0e-4 LAMBDA=0.02)

.OP
.PRINT OP V(1) V(3) V(4) V(5) V(VDD)
.END"
584,"*SPICE Netlist for circuit 584
I1 0 3 DC 1mA
M1 VDD 5 4 4 NMOS W=1u L=1u
M2 5 3 0 0 NMOS W=1u L=1u
R2 0 1 1k
R3 0 4 1k
R4 0 4 1k
R5 3 1 1k
R1 5 VDD 1k
.MODEL NMOS NMOS (LEVEL=1 VTO=1 KP=1.0e-4 LAMBDA=0.02)

.OP
.PRINT OP V(1) V(3) V(4) V(5) V(VDD)
.END","In the given SPICE netlist, what is the DC voltage at node 1?
A. 1 V
B. 2 V
C. 500 mV
D. 0 V",A,"*SPICE Netlist for circuit 584
I1 0 3 DC 1mA
M1 VDD 5 4 4 NMOS W=1u L=1u
M2 5 3 0 0 NMOS W=1u L=1u
R2 0 1 1k
R3 0 4 1k
R4 0 4 1k
R5 3 1 1k
R1 5 VDD 1k
.MODEL NMOS NMOS (LEVEL=1 VTO=1 KP=1.0e-4 LAMBDA=0.02)

.OP
.PRINT OP V(1) V(3) V(4) V(5) V(VDD)
.END"
585,"*SPICE Netlist for circuit 585
M1 1 2 0 0 NMOS W=1u L=1u
V1 4 0 5V
R2 2 1 1k
R1 1 VDD 1k
R3 4 2 1k
.MODEL NMOS NMOS (LEVEL=1 VTO=1 KP=1.0e-4 LAMBDA=0.02)

.OP
.PRINT OP V(1) V(2) V(4) V(VDD) I(V1)
.END","In the given SPICE netlist, what is the DC voltage at node 1?
A. 5 V
B. 3.768 V
C. -615.8 µV
D. 4.384 V",B,"*SPICE Netlist for circuit 585
M1 1 2 0 0 NMOS W=1u L=1u
V1 4 0 5V
R2 2 1 1k
R1 1 VDD 1k
R3 4 2 1k
.MODEL NMOS NMOS (LEVEL=1 VTO=1 KP=1.0e-4 LAMBDA=0.02)

.OP
.PRINT OP V(1) V(2) V(4) V(VDD) I(V1)
.END"
585,"*SPICE Netlist for circuit 585
M1 1 2 0 0 NMOS W=1u L=1u
V1 4 0 5V
R2 2 1 1k
R1 1 VDD 1k
R3 4 2 1k
.MODEL NMOS NMOS (LEVEL=1 VTO=1 KP=1.0e-4 LAMBDA=0.02)

.OP
.PRINT OP V(1) V(2) V(4) V(VDD) I(V1)
.END","In the given SPICE netlist, what is the DC voltage at node 2?
A. 4.384 V
B. -615.8 µV
C. 5 V
D. 3.768 V",A,"*SPICE Netlist for circuit 585
M1 1 2 0 0 NMOS W=1u L=1u
V1 4 0 5V
R2 2 1 1k
R1 1 VDD 1k
R3 4 2 1k
.MODEL NMOS NMOS (LEVEL=1 VTO=1 KP=1.0e-4 LAMBDA=0.02)

.OP
.PRINT OP V(1) V(2) V(4) V(VDD) I(V1)
.END"
585,"*SPICE Netlist for circuit 585
M1 1 2 0 0 NMOS W=1u L=1u
V1 4 0 5V
R2 2 1 1k
R1 1 VDD 1k
R3 4 2 1k
.MODEL NMOS NMOS (LEVEL=1 VTO=1 KP=1.0e-4 LAMBDA=0.02)

.OP
.PRINT OP V(1) V(2) V(4) V(VDD) I(V1)
.END","In the given SPICE netlist, what is the DC current through V1?
A. 3.768 A
B. 4.384 A
C. -615.8 µA
D. 5 A",C,"*SPICE Netlist for circuit 585
M1 1 2 0 0 NMOS W=1u L=1u
V1 4 0 5V
R2 2 1 1k
R1 1 VDD 1k
R3 4 2 1k
.MODEL NMOS NMOS (LEVEL=1 VTO=1 KP=1.0e-4 LAMBDA=0.02)

.OP
.PRINT OP V(1) V(2) V(4) V(VDD) I(V1)
.END"
586,"*SPICE Netlist for circuit 586
I1 1 0 DC 1mA
R3 0 2 1k
R2 2 1 1k
R1 1 VDD 1k

.OP
.PRINT OP V(1) V(2) V(VDD)
.END","In the given SPICE netlist, what is the DC voltage at node 1?
A. -4 V
B. -2 V
C. -1 V
D. 2 V",B,"*SPICE Netlist for circuit 586
I1 1 0 DC 1mA
R3 0 2 1k
R2 2 1 1k
R1 1 VDD 1k

.OP
.PRINT OP V(1) V(2) V(VDD)
.END"
586,"*SPICE Netlist for circuit 586
I1 1 0 DC 1mA
R3 0 2 1k
R2 2 1 1k
R1 1 VDD 1k

.OP
.PRINT OP V(1) V(2) V(VDD)
.END","In the given SPICE netlist, what is the DC voltage at node 2?
A. -500 mV
B. 1 V
C. -1 V
D. -2 V",C,"*SPICE Netlist for circuit 586
I1 1 0 DC 1mA
R3 0 2 1k
R2 2 1 1k
R1 1 VDD 1k

.OP
.PRINT OP V(1) V(2) V(VDD)
.END"
589,"*SPICE Netlist for circuit 589
I1 0 2 DC 1mA
M2 3 2 0 0 NMOS W=1u L=1u
R2 0 2 1k
M1 VDD 3 2 2 NMOS W=1u L=1u
R1 3 VDD 1k
.MODEL NMOS NMOS (LEVEL=1 VTO=1 KP=1.0e-4 LAMBDA=0.02)

.OP
.PRINT OP V(2) V(3) V(VDD)
.END","In the given SPICE netlist, what is the DC voltage at node 2?
A. 1 V
B. 886.5 mV
C. 2 V
D. 500 mV",A,"*SPICE Netlist for circuit 589
I1 0 2 DC 1mA
M2 3 2 0 0 NMOS W=1u L=1u
R2 0 2 1k
M1 VDD 3 2 2 NMOS W=1u L=1u
R1 3 VDD 1k
.MODEL NMOS NMOS (LEVEL=1 VTO=1 KP=1.0e-4 LAMBDA=0.02)

.OP
.PRINT OP V(2) V(3) V(VDD)
.END"
589,"*SPICE Netlist for circuit 589
I1 0 2 DC 1mA
M2 3 2 0 0 NMOS W=1u L=1u
R2 0 2 1k
M1 VDD 3 2 2 NMOS W=1u L=1u
R1 3 VDD 1k
.MODEL NMOS NMOS (LEVEL=1 VTO=1 KP=1.0e-4 LAMBDA=0.02)

.OP
.PRINT OP V(2) V(3) V(VDD)
.END","In the given SPICE netlist, what is the DC voltage at node 3?
A. 886.5 mV
B. 1 V
C. 1.773 V
D. 443.2 mV",A,"*SPICE Netlist for circuit 589
I1 0 2 DC 1mA
M2 3 2 0 0 NMOS W=1u L=1u
R2 0 2 1k
M1 VDD 3 2 2 NMOS W=1u L=1u
R1 3 VDD 1k
.MODEL NMOS NMOS (LEVEL=1 VTO=1 KP=1.0e-4 LAMBDA=0.02)

.OP
.PRINT OP V(2) V(3) V(VDD)
.END"
593,"*SPICE Netlist for circuit 593
I1 1 2 DC 1mA
R2 0 2 1k
M1 VDD 1 2 2 NMOS W=1u L=1u
R1 1 VDD 1k
.MODEL NMOS NMOS (LEVEL=1 VTO=1 KP=1.0e-4 LAMBDA=0.02)

.OP
.PRINT OP V(1) V(2) V(VDD)
.END","In the given SPICE netlist, what is the DC voltage at node 1?
A. 0 V
B. -3.311 V
C. -1.655 V
D. -655.5 mV",C,"*SPICE Netlist for circuit 593
I1 1 2 DC 1mA
R2 0 2 1k
M1 VDD 1 2 2 NMOS W=1u L=1u
R1 1 VDD 1k
.MODEL NMOS NMOS (LEVEL=1 VTO=1 KP=1.0e-4 LAMBDA=0.02)

.OP
.PRINT OP V(1) V(2) V(VDD)
.END"
594,"*SPICE Netlist for circuit 594
I1 VDD 1 DC 1mA
M1 2 0 1 1 NMOS W=1u L=1u
R2 0 1 1k
R1 2 VDD 1k
.MODEL NMOS NMOS (LEVEL=1 VTO=1 KP=1.0e-4 LAMBDA=0.02)

.OP
.PRINT OP V(1) V(2) V(VDD)
.END","In the given SPICE netlist, what is the DC voltage at node 2?
A. 0 V
B. -655.1 mV
C. -1.31 V
D. -1.655 V",B,"*SPICE Netlist for circuit 594
I1 VDD 1 DC 1mA
M1 2 0 1 1 NMOS W=1u L=1u
R2 0 1 1k
R1 2 VDD 1k
.MODEL NMOS NMOS (LEVEL=1 VTO=1 KP=1.0e-4 LAMBDA=0.02)

.OP
.PRINT OP V(1) V(2) V(VDD)
.END"
596,"*SPICE Netlist for circuit 596
M1 2 1 0 0 NMOS W=1u L=1u
M2 1 0 4 4 NMOS W=1u L=1u
R1 0 4 1k
V1 7 0 5V
R3 1 VDD 1k
R2 2 VDD 1k
R4 4 7 1k
.MODEL NMOS NMOS (LEVEL=1 VTO=1 KP=1.0e-4 LAMBDA=0.02)

.OP
.PRINT OP V(1) V(2) V(4) V(7) V(VDD) I(V1)
.END","In the given SPICE netlist, what is the DC voltage at node 4?
A. 2.479 V
B. 5 V
C. -2.521 mV
D. 1.905 V",A,"*SPICE Netlist for circuit 596
M1 2 1 0 0 NMOS W=1u L=1u
M2 1 0 4 4 NMOS W=1u L=1u
R1 0 4 1k
V1 7 0 5V
R3 1 VDD 1k
R2 2 VDD 1k
R4 4 7 1k
.MODEL NMOS NMOS (LEVEL=1 VTO=1 KP=1.0e-4 LAMBDA=0.02)

.OP
.PRINT OP V(1) V(2) V(4) V(7) V(VDD) I(V1)
.END"
596,"*SPICE Netlist for circuit 596
M1 2 1 0 0 NMOS W=1u L=1u
M2 1 0 4 4 NMOS W=1u L=1u
R1 0 4 1k
V1 7 0 5V
R3 1 VDD 1k
R2 2 VDD 1k
R4 4 7 1k
.MODEL NMOS NMOS (LEVEL=1 VTO=1 KP=1.0e-4 LAMBDA=0.02)

.OP
.PRINT OP V(1) V(2) V(4) V(7) V(VDD) I(V1)
.END","In the given SPICE netlist, what is the DC voltage at node 1?
A. 5 V
B. -2.521 mV
C. 1.905 V
D. 2.479 V",C,"*SPICE Netlist for circuit 596
M1 2 1 0 0 NMOS W=1u L=1u
M2 1 0 4 4 NMOS W=1u L=1u
R1 0 4 1k
V1 7 0 5V
R3 1 VDD 1k
R2 2 VDD 1k
R4 4 7 1k
.MODEL NMOS NMOS (LEVEL=1 VTO=1 KP=1.0e-4 LAMBDA=0.02)

.OP
.PRINT OP V(1) V(2) V(4) V(7) V(VDD) I(V1)
.END"
596,"*SPICE Netlist for circuit 596
M1 2 1 0 0 NMOS W=1u L=1u
M2 1 0 4 4 NMOS W=1u L=1u
R1 0 4 1k
V1 7 0 5V
R3 1 VDD 1k
R2 2 VDD 1k
R4 4 7 1k
.MODEL NMOS NMOS (LEVEL=1 VTO=1 KP=1.0e-4 LAMBDA=0.02)

.OP
.PRINT OP V(1) V(2) V(4) V(7) V(VDD) I(V1)
.END","In the given SPICE netlist, what is the DC voltage at node 2?
A. 2.479 V
B. 1.82 V
C. 5 V
D. -2.521 mV",B,"*SPICE Netlist for circuit 596
M1 2 1 0 0 NMOS W=1u L=1u
M2 1 0 4 4 NMOS W=1u L=1u
R1 0 4 1k
V1 7 0 5V
R3 1 VDD 1k
R2 2 VDD 1k
R4 4 7 1k
.MODEL NMOS NMOS (LEVEL=1 VTO=1 KP=1.0e-4 LAMBDA=0.02)

.OP
.PRINT OP V(1) V(2) V(4) V(7) V(VDD) I(V1)
.END"
600,"*SPICE Netlist for circuit 600
C1 1 4 1nF
I1 4 0 DC 1mA
M1 1 0 5 5 NMOS W=1u L=1u
V1 7 0 5V
R2 0 5 1k
R4 5 4 1k
R1 4 VDD 1k
R3 1 VDD 1k
.MODEL NMOS NMOS (LEVEL=1 VTO=1 KP=1.0e-4 LAMBDA=0.02)

.OP
.PRINT OP V(1) V(4) V(5) V(7) V(VDD) I(V1)
.END","In the given SPICE netlist, what is the DC voltage at node 4?
A. -1 V
B. -1.866 V
C. 5 V
D. -1.599 V",B,"*SPICE Netlist for circuit 600
C1 1 4 1nF
I1 4 0 DC 1mA
M1 1 0 5 5 NMOS W=1u L=1u
V1 7 0 5V
R2 0 5 1k
R4 5 4 1k
R1 4 VDD 1k
R3 1 VDD 1k
.MODEL NMOS NMOS (LEVEL=1 VTO=1 KP=1.0e-4 LAMBDA=0.02)

.OP
.PRINT OP V(1) V(4) V(5) V(7) V(VDD) I(V1)
.END"
600,"*SPICE Netlist for circuit 600
C1 1 4 1nF
I1 4 0 DC 1mA
M1 1 0 5 5 NMOS W=1u L=1u
V1 7 0 5V
R2 0 5 1k
R4 5 4 1k
R1 4 VDD 1k
R3 1 VDD 1k
.MODEL NMOS NMOS (LEVEL=1 VTO=1 KP=1.0e-4 LAMBDA=0.02)

.OP
.PRINT OP V(1) V(4) V(5) V(7) V(VDD) I(V1)
.END","In the given SPICE netlist, what is the DC voltage at node 1?
A. 5 V
B. -1.866 V
C. -1.599 V
D. -1 V",C,"*SPICE Netlist for circuit 600
C1 1 4 1nF
I1 4 0 DC 1mA
M1 1 0 5 5 NMOS W=1u L=1u
V1 7 0 5V
R2 0 5 1k
R4 5 4 1k
R1 4 VDD 1k
R3 1 VDD 1k
.MODEL NMOS NMOS (LEVEL=1 VTO=1 KP=1.0e-4 LAMBDA=0.02)

.OP
.PRINT OP V(1) V(4) V(5) V(7) V(VDD) I(V1)
.END"
600,"*SPICE Netlist for circuit 600
C1 1 4 1nF
I1 4 0 DC 1mA
M1 1 0 5 5 NMOS W=1u L=1u
V1 7 0 5V
R2 0 5 1k
R4 5 4 1k
R1 4 VDD 1k
R3 1 VDD 1k
.MODEL NMOS NMOS (LEVEL=1 VTO=1 KP=1.0e-4 LAMBDA=0.02)

.OP
.PRINT OP V(1) V(4) V(5) V(7) V(VDD) I(V1)
.END","In the given SPICE netlist, what is the DC voltage at node 5?
A. -1 V
B. -1.866 V
C. 5 V
D. -1.599 V",A,"*SPICE Netlist for circuit 600
C1 1 4 1nF
I1 4 0 DC 1mA
M1 1 0 5 5 NMOS W=1u L=1u
V1 7 0 5V
R2 0 5 1k
R4 5 4 1k
R1 4 VDD 1k
R3 1 VDD 1k
.MODEL NMOS NMOS (LEVEL=1 VTO=1 KP=1.0e-4 LAMBDA=0.02)

.OP
.PRINT OP V(1) V(4) V(5) V(7) V(VDD) I(V1)
.END"
601,"*SPICE Netlist for circuit 601
I1 3 1 DC 1mA
M1 2 3 0 0 NMOS W=1u L=1u
R1 0 1 1k
R4 1 2 1k
R2 2 VDD 1k
R3 3 VDD 1k
.MODEL NMOS NMOS (LEVEL=1 VTO=1 KP=1.0e-4 LAMBDA=0.02)

.OP
.PRINT OP V(1) V(2) V(3) V(VDD)
.END","In the given SPICE netlist, what is the DC voltage at node 2?
A. -1.613 V
B. -2.613 V
C. 193.6 mV
D. -612.7 mV",D,"*SPICE Netlist for circuit 601
I1 3 1 DC 1mA
M1 2 3 0 0 NMOS W=1u L=1u
R1 0 1 1k
R4 1 2 1k
R2 2 VDD 1k
R3 3 VDD 1k
.MODEL NMOS NMOS (LEVEL=1 VTO=1 KP=1.0e-4 LAMBDA=0.02)

.OP
.PRINT OP V(1) V(2) V(3) V(VDD)
.END"
464,"V1 V N1 0 NA
RD R N1 N2 NA
I1 I N2 0 NA
CL C N2 0 NA","At t = 100 ns, what is the current through the voltage source V1 in the given SPICE circuit?
A. I(V1) = 0 mA
B. I(V1) = 1.00 mA
C. I(V1) = -1.00 mA
D. I(V1) = -5.00 mA",C,"Simple MOSFET Noise Equivalent Circuit
V1 V N1 0 DC 5
RD R N1 N2 1k
I1 I N2 0 DC 1m
CL C N2 0 1n

VDD VDD 0 DC 5

.model NMOS NMOS (LEVEL=1 VTO=1 KP=1.0e-4 LAMBDA=0.02)
.model PMOS PMOS (LEVEL=1 VTO=1 KP=1.0e-4 LAMBDA=0.02)

.op
.end"
601,"*SPICE Netlist for circuit 601
I1 3 1 DC 1mA
M1 2 3 0 0 NMOS W=1u L=1u
R1 0 1 1k
R4 1 2 1k
R2 2 VDD 1k
R3 3 VDD 1k
.MODEL NMOS NMOS (LEVEL=1 VTO=1 KP=1.0e-4 LAMBDA=0.02)

.OP
.PRINT OP V(1) V(2) V(3) V(VDD)
.END","In the given SPICE netlist, what is the DC voltage at node 3?
A. -612.7 mV
B. -2.613 V
C. -1.613 V
D. 193.6 mV",B,"*SPICE Netlist for circuit 601
I1 3 1 DC 1mA
M1 2 3 0 0 NMOS W=1u L=1u
R1 0 1 1k
R4 1 2 1k
R2 2 VDD 1k
R3 3 VDD 1k
.MODEL NMOS NMOS (LEVEL=1 VTO=1 KP=1.0e-4 LAMBDA=0.02)

.OP
.PRINT OP V(1) V(2) V(3) V(VDD)
.END"
8,I2 I VDD N1 NA,"At t = 100 ns, what are the voltages at nodes `VDD` and `1` in the given SPICE circuit?
A. V(VDD) = -0.001 V, V(1) = 0.001 V
B. V(VDD) = 0.001 V, V(1) = -0.001 V
C. V(VDD) = 0 V, V(1) = 0.001 V
D. V(VDD) = 0.001 V, V(1) = 0 V",A,"MOSFET circuit with current source I2

I2 VDD N1 DC 1mA

VDD VDD 0 DC 5

.op
.end"
604,"*SPICE Netlist for circuit 604
M2 3 2 0 0 NMOS W=1u L=1u
V1 5 0 5V
R2 0 1 1k
R4 2 1 1k
M1 VDD 3 1 1 NMOS W=1u L=1u
R3 5 2 1k
R1 3 VDD 1k
.MODEL NMOS NMOS (LEVEL=1 VTO=1 KP=1.0e-4 LAMBDA=0.02)

.OP
.PRINT OP V(1) V(2) V(3) V(5) V(VDD) I(V1)
.END","In the given SPICE netlist, what is the DC voltage at node 3?
A. 3.282 V
B. 5 V
C. 804 mV
D. 1.564 V",C,"*SPICE Netlist for circuit 604
M2 3 2 0 0 NMOS W=1u L=1u
V1 5 0 5V
R2 0 1 1k
R4 2 1 1k
M1 VDD 3 1 1 NMOS W=1u L=1u
R3 5 2 1k
R1 3 VDD 1k
.MODEL NMOS NMOS (LEVEL=1 VTO=1 KP=1.0e-4 LAMBDA=0.02)

.OP
.PRINT OP V(1) V(2) V(3) V(5) V(VDD) I(V1)
.END"
604,"*SPICE Netlist for circuit 604
M2 3 2 0 0 NMOS W=1u L=1u
V1 5 0 5V
R2 0 1 1k
R4 2 1 1k
M1 VDD 3 1 1 NMOS W=1u L=1u
R3 5 2 1k
R1 3 VDD 1k
.MODEL NMOS NMOS (LEVEL=1 VTO=1 KP=1.0e-4 LAMBDA=0.02)

.OP
.PRINT OP V(1) V(2) V(3) V(5) V(VDD) I(V1)
.END","In the given SPICE netlist, what is the DC voltage at node 2?
A. 1.564 V
B. 804 mV
C. 3.282 V
D. 5 V",C,"*SPICE Netlist for circuit 604
M2 3 2 0 0 NMOS W=1u L=1u
V1 5 0 5V
R2 0 1 1k
R4 2 1 1k
M1 VDD 3 1 1 NMOS W=1u L=1u
R3 5 2 1k
R1 3 VDD 1k
.MODEL NMOS NMOS (LEVEL=1 VTO=1 KP=1.0e-4 LAMBDA=0.02)

.OP
.PRINT OP V(1) V(2) V(3) V(5) V(VDD) I(V1)
.END"
605,"*SPICE Netlist for circuit 605
V1 4 0 5V
R1 4 1 1k
R2 1 1 1k

.OP
.PRINT OP V(1) V(4) I(V1)
.END","In the given SPICE netlist, what is the DC voltage at node 1?
A. 2.5 V
B. 10 V
C. 5 V
D. 0 V",C,"*SPICE Netlist for circuit 605
V1 4 0 5V
R1 4 1 1k
R2 1 1 1k

.OP
.PRINT OP V(1) V(4) I(V1)
.END"
606,"*SPICE Netlist for circuit 606
V1 4 0 5V
R1 4 1 1k
R2 1 1 1k

.OP
.PRINT OP V(1) V(4) I(V1)
.END","In the given SPICE netlist, what is the DC voltage at node 1?
A. 5 V
B. 0 V
C. 2.5 V
D. 10 V",A,"*SPICE Netlist for circuit 606
V1 4 0 5V
R1 4 1 1k
R2 1 1 1k

.OP
.PRINT OP V(1) V(4) I(V1)
.END"
609,"*SPICE Netlist for circuit 609
I1 VDD 1 DC 1mA
I2 3 0 DC 1mA
M1 1 3 0 0 NMOS W=1u L=1u
M2 3 2 1 1 PMOS W=1u L=1u
R1 5 3 1k
.MODEL NMOS NMOS (LEVEL=1 VTO=1 KP=1.0e-4 LAMBDA=0.02)
.MODEL PMOS PMOS (LEVEL=1 VTO=1 KP=1.0e-4 LAMBDA=0.02)

.OP
.PRINT OP V(1) V(2) V(3) V(5) V(VDD)
.END","In the given SPICE netlist, what is the DC voltage at node 3?
A. 0 V
B. -3.215 V
C. -1 mV
D. 3.21 V",B,"*SPICE Netlist for circuit 609
I1 VDD 1 DC 1mA
I2 3 0 DC 1mA
M1 1 3 0 0 NMOS W=1u L=1u
M2 3 2 1 1 PMOS W=1u L=1u
R1 5 3 1k
.MODEL NMOS NMOS (LEVEL=1 VTO=1 KP=1.0e-4 LAMBDA=0.02)
.MODEL PMOS PMOS (LEVEL=1 VTO=1 KP=1.0e-4 LAMBDA=0.02)

.OP
.PRINT OP V(1) V(2) V(3) V(5) V(VDD)
.END"
609,"*SPICE Netlist for circuit 609
I1 VDD 1 DC 1mA
I2 3 0 DC 1mA
M1 1 3 0 0 NMOS W=1u L=1u
M2 3 2 1 1 PMOS W=1u L=1u
R1 5 3 1k
.MODEL NMOS NMOS (LEVEL=1 VTO=1 KP=1.0e-4 LAMBDA=0.02)
.MODEL PMOS PMOS (LEVEL=1 VTO=1 KP=1.0e-4 LAMBDA=0.02)

.OP
.PRINT OP V(1) V(2) V(3) V(5) V(VDD)
.END","In the given SPICE netlist, what is the DC voltage at node 1?
A. 0 V
B. 3.21 V
C. -1 mV
D. -3.215 V",B,"*SPICE Netlist for circuit 609
I1 VDD 1 DC 1mA
I2 3 0 DC 1mA
M1 1 3 0 0 NMOS W=1u L=1u
M2 3 2 1 1 PMOS W=1u L=1u
R1 5 3 1k
.MODEL NMOS NMOS (LEVEL=1 VTO=1 KP=1.0e-4 LAMBDA=0.02)
.MODEL PMOS PMOS (LEVEL=1 VTO=1 KP=1.0e-4 LAMBDA=0.02)

.OP
.PRINT OP V(1) V(2) V(3) V(5) V(VDD)
.END"
609,"*SPICE Netlist for circuit 609
I1 VDD 1 DC 1mA
I2 3 0 DC 1mA
M1 1 3 0 0 NMOS W=1u L=1u
M2 3 2 1 1 PMOS W=1u L=1u
R1 5 3 1k
.MODEL NMOS NMOS (LEVEL=1 VTO=1 KP=1.0e-4 LAMBDA=0.02)
.MODEL PMOS PMOS (LEVEL=1 VTO=1 KP=1.0e-4 LAMBDA=0.02)

.OP
.PRINT OP V(1) V(2) V(3) V(5) V(VDD)
.END","In the given SPICE netlist, what is the DC voltage at node 5?
A. -1 mV
B. 0 V
C. -3.215 V
D. 3.21 V",C,"*SPICE Netlist for circuit 609
I1 VDD 1 DC 1mA
I2 3 0 DC 1mA
M1 1 3 0 0 NMOS W=1u L=1u
M2 3 2 1 1 PMOS W=1u L=1u
R1 5 3 1k
.MODEL NMOS NMOS (LEVEL=1 VTO=1 KP=1.0e-4 LAMBDA=0.02)
.MODEL PMOS PMOS (LEVEL=1 VTO=1 KP=1.0e-4 LAMBDA=0.02)

.OP
.PRINT OP V(1) V(2) V(3) V(5) V(VDD)
.END"
612,"*SPICE Netlist for circuit 612
C1 4 1 1nF
C2 1 2 1nF
I1 VDD 2 DC 1mA
M1 2 1 0 0 NMOS W=1u L=1u
.MODEL NMOS NMOS (LEVEL=1 VTO=1 KP=1.0e-4 LAMBDA=0.02)

.OP
.PRINT OP V(1) V(2) V(4) V(VDD)
.END","In the given SPICE netlist, what is the DC voltage at node 4?
A. 5.254 V
B. -111 mV
C. 2.627 V
D. 10.51 V",A,"*SPICE Netlist for circuit 612
C1 4 1 1nF
C2 1 2 1nF
I1 VDD 2 DC 1mA
M1 2 1 0 0 NMOS W=1u L=1u
.MODEL NMOS NMOS (LEVEL=1 VTO=1 KP=1.0e-4 LAMBDA=0.02)

.OP
.PRINT OP V(1) V(2) V(4) V(VDD)
.END"
612,"*SPICE Netlist for circuit 612
C1 4 1 1nF
C2 1 2 1nF
I1 VDD 2 DC 1mA
M1 2 1 0 0 NMOS W=1u L=1u
.MODEL NMOS NMOS (LEVEL=1 VTO=1 KP=1.0e-4 LAMBDA=0.02)

.OP
.PRINT OP V(1) V(2) V(4) V(VDD)
.END","In the given SPICE netlist, what is the DC voltage at node 1?
A. 10.51 V
B. 5.254 V
C. -111 mV
D. 2.627 V",B,"*SPICE Netlist for circuit 612
C1 4 1 1nF
C2 1 2 1nF
I1 VDD 2 DC 1mA
M1 2 1 0 0 NMOS W=1u L=1u
.MODEL NMOS NMOS (LEVEL=1 VTO=1 KP=1.0e-4 LAMBDA=0.02)

.OP
.PRINT OP V(1) V(2) V(4) V(VDD)
.END"
263,"M0 NMOS X Vb A A NA
M1 NMOS A X 0 0 NA
IREF I VDD X NA","In the given SPICE simulation, why does the voltage at node `2` remain constant at an unrealistically high value (e.g., 5.0e+08 V) during the sweep?
A. Because the NMOS transistors are operating in the ideal saturation region with infinite output resistance
B. Because the DC current source forces node `2` to a fixed high voltage regardless of circuit conditions
C. Because of convergence issues in the simulation, likely due to a singular matrix problem indicated by warnings
D. Because the supply voltage VDD is set to an extremely high value, directly causing node `2` to rise to 5.0e+08 V",C,"MOSFET current mirror with bias

M0 X Vb A A NMOS
M1 A X 0 0 NMOS
IREF VDD X DC 1mA

VDD VDD 0 DC 5

.model NMOS NMOS (LEVEL=1 VTO=1 KP=1.0e-4 LAMBDA=0.02)
.model PMOS PMOS (LEVEL=1 VTO=1 KP=1.0e-4 LAMBDA=0.02)

.op
.end"
614,"*SPICE Netlist for circuit 614
C1 2 1 1nF
C2 0 2 1nF
I1 VDD 1 DC 1mA
M1 1 2 5 5 NMOS W=1u L=1u
.MODEL NMOS NMOS (LEVEL=1 VTO=1 KP=1.0e-4 LAMBDA=0.02)

.OP
.PRINT OP V(1) V(2) V(5) V(VDD)
.END","In the given SPICE netlist, what is the DC voltage at node 2?
A. 5 V
B. 20 V
C. -1 mV
D. 10 V",D,"*SPICE Netlist for circuit 614
C1 2 1 1nF
C2 0 2 1nF
I1 VDD 1 DC 1mA
M1 1 2 5 5 NMOS W=1u L=1u
.MODEL NMOS NMOS (LEVEL=1 VTO=1 KP=1.0e-4 LAMBDA=0.02)

.OP
.PRINT OP V(1) V(2) V(5) V(VDD)
.END"
614,"*SPICE Netlist for circuit 614
C1 2 1 1nF
C2 0 2 1nF
I1 VDD 1 DC 1mA
M1 1 2 5 5 NMOS W=1u L=1u
.MODEL NMOS NMOS (LEVEL=1 VTO=1 KP=1.0e-4 LAMBDA=0.02)

.OP
.PRINT OP V(1) V(2) V(5) V(VDD)
.END","In the given SPICE netlist, what is the DC voltage at node 1?
A. 40 V
B. 10 V
C. 20 V
D. -1 mV",C,"*SPICE Netlist for circuit 614
C1 2 1 1nF
C2 0 2 1nF
I1 VDD 1 DC 1mA
M1 1 2 5 5 NMOS W=1u L=1u
.MODEL NMOS NMOS (LEVEL=1 VTO=1 KP=1.0e-4 LAMBDA=0.02)

.OP
.PRINT OP V(1) V(2) V(5) V(VDD)
.END"
614,"*SPICE Netlist for circuit 614
C1 2 1 1nF
C2 0 2 1nF
I1 VDD 1 DC 1mA
M1 1 2 5 5 NMOS W=1u L=1u
.MODEL NMOS NMOS (LEVEL=1 VTO=1 KP=1.0e-4 LAMBDA=0.02)

.OP
.PRINT OP V(1) V(2) V(5) V(VDD)
.END","In the given SPICE netlist, what is the DC voltage at node 5?
A. -1 mV
B. 10.01 V
C. 5.003 V
D. 20 V",B,"*SPICE Netlist for circuit 614
C1 2 1 1nF
C2 0 2 1nF
I1 VDD 1 DC 1mA
M1 1 2 5 5 NMOS W=1u L=1u
.MODEL NMOS NMOS (LEVEL=1 VTO=1 KP=1.0e-4 LAMBDA=0.02)

.OP
.PRINT OP V(1) V(2) V(5) V(VDD)
.END"
616,"*SPICE Netlist for circuit 616
I1 5 0 DC 1mA
R1 0 3 1k
M3 6 1 VDD VDD PMOS W=1u L=1u
R2 2 4 1k
R3 4 3 1k
M4 3 6 VDD VDD PMOS W=1u L=1u
M1 VDD 4 5 5 NMOS W=1u L=1u
M2 6 8 5 5 NMOS W=1u L=1u
.MODEL NMOS NMOS (LEVEL=1 VTO=1 KP=1.0e-4 LAMBDA=0.02)
.MODEL PMOS PMOS (LEVEL=1 VTO=1 KP=1.0e-4 LAMBDA=0.02)

.OP
.PRINT OP V(1) V(2) V(3) V(4) V(5) V(6) V(8) V(VDD)
.END","In the given SPICE netlist, what is the DC voltage at node 4?
A. -1.642 V
B. 0 V
C. -6.278 V
D. -1 V",D,"*SPICE Netlist for circuit 616
I1 5 0 DC 1mA
R1 0 3 1k
M3 6 1 VDD VDD PMOS W=1u L=1u
R2 2 4 1k
R3 4 3 1k
M4 3 6 VDD VDD PMOS W=1u L=1u
M1 VDD 4 5 5 NMOS W=1u L=1u
M2 6 8 5 5 NMOS W=1u L=1u
.MODEL NMOS NMOS (LEVEL=1 VTO=1 KP=1.0e-4 LAMBDA=0.02)
.MODEL PMOS PMOS (LEVEL=1 VTO=1 KP=1.0e-4 LAMBDA=0.02)

.OP
.PRINT OP V(1) V(2) V(3) V(4) V(5) V(6) V(8) V(VDD)
.END"
616,"*SPICE Netlist for circuit 616
I1 5 0 DC 1mA
R1 0 3 1k
M3 6 1 VDD VDD PMOS W=1u L=1u
R2 2 4 1k
R3 4 3 1k
M4 3 6 VDD VDD PMOS W=1u L=1u
M1 VDD 4 5 5 NMOS W=1u L=1u
M2 6 8 5 5 NMOS W=1u L=1u
.MODEL NMOS NMOS (LEVEL=1 VTO=1 KP=1.0e-4 LAMBDA=0.02)
.MODEL PMOS PMOS (LEVEL=1 VTO=1 KP=1.0e-4 LAMBDA=0.02)

.OP
.PRINT OP V(1) V(2) V(3) V(4) V(5) V(6) V(8) V(VDD)
.END","In the given SPICE netlist, what is the DC voltage at node 2?
A. 0 V
B. -6.278 V
C. -1.642 V
D. -1 V",D,"*SPICE Netlist for circuit 616
I1 5 0 DC 1mA
R1 0 3 1k
M3 6 1 VDD VDD PMOS W=1u L=1u
R2 2 4 1k
R3 4 3 1k
M4 3 6 VDD VDD PMOS W=1u L=1u
M1 VDD 4 5 5 NMOS W=1u L=1u
M2 6 8 5 5 NMOS W=1u L=1u
.MODEL NMOS NMOS (LEVEL=1 VTO=1 KP=1.0e-4 LAMBDA=0.02)
.MODEL PMOS PMOS (LEVEL=1 VTO=1 KP=1.0e-4 LAMBDA=0.02)

.OP
.PRINT OP V(1) V(2) V(3) V(4) V(5) V(6) V(8) V(VDD)
.END"
616,"*SPICE Netlist for circuit 616
I1 5 0 DC 1mA
R1 0 3 1k
M3 6 1 VDD VDD PMOS W=1u L=1u
R2 2 4 1k
R3 4 3 1k
M4 3 6 VDD VDD PMOS W=1u L=1u
M1 VDD 4 5 5 NMOS W=1u L=1u
M2 6 8 5 5 NMOS W=1u L=1u
.MODEL NMOS NMOS (LEVEL=1 VTO=1 KP=1.0e-4 LAMBDA=0.02)
.MODEL PMOS PMOS (LEVEL=1 VTO=1 KP=1.0e-4 LAMBDA=0.02)

.OP
.PRINT OP V(1) V(2) V(3) V(4) V(5) V(6) V(8) V(VDD)
.END","In the given SPICE netlist, what is the DC voltage at node 3?
A. -6.278 V
B. -1 V
C. 0 V
D. -1.642 V",B,"*SPICE Netlist for circuit 616
I1 5 0 DC 1mA
R1 0 3 1k
M3 6 1 VDD VDD PMOS W=1u L=1u
R2 2 4 1k
R3 4 3 1k
M4 3 6 VDD VDD PMOS W=1u L=1u
M1 VDD 4 5 5 NMOS W=1u L=1u
M2 6 8 5 5 NMOS W=1u L=1u
.MODEL NMOS NMOS (LEVEL=1 VTO=1 KP=1.0e-4 LAMBDA=0.02)
.MODEL PMOS PMOS (LEVEL=1 VTO=1 KP=1.0e-4 LAMBDA=0.02)

.OP
.PRINT OP V(1) V(2) V(3) V(4) V(5) V(6) V(8) V(VDD)
.END"
433,"M1 NMOS N1 N1 0 0 NA
I1 I N1 0 NA","For the given SPICE netlist of circuit 433, what are the voltages at nodes 1 and 2 at the DC operating point?
A. V(1) = 0.3276 V, V(2) = -0.3276 V
B. V(1) = -0.3276 V, V(2) = 0.3276 V
C. V(1) = 1 V, V(2) = 0 V
D. V(1) = 0 V, V(2) = 1 V",B,"MOSFET with noise current source

M1 N1 N1 0 0 NMOS
I1 I N1 DC 1mA

VDD VDD 0 DC 5

.model NMOS NMOS (LEVEL=1 VTO=1 KP=1.0e-4 LAMBDA=0.02)

.op
.end"
625,"*SPICE Netlist for circuit 625
C1 0 4 1nF
I1 3 0 DC 1mA
M3 1 1 VDD VDD PMOS W=1u L=1u
M4 4 1 VDD VDD PMOS W=1u L=1u
M1 4 8 3 3 NMOS W=1u L=1u
M2 1 7 3 3 NMOS W=1u L=1u
.MODEL NMOS NMOS (LEVEL=1 VTO=1 KP=1.0e-4 LAMBDA=0.02)
.MODEL PMOS PMOS (LEVEL=1 VTO=1 KP=1.0e-4 LAMBDA=0.02)

.OP
.PRINT OP V(1) V(3) V(4) V(7) V(8) V(VDD)
.END","In the given SPICE netlist, what is the DC voltage at node 3?
A. 0 V
B. -21.93 V
C. -10 V
D. -10.97 V",D,"*SPICE Netlist for circuit 625
C1 0 4 1nF
I1 3 0 DC 1mA
M3 1 1 VDD VDD PMOS W=1u L=1u
M4 4 1 VDD VDD PMOS W=1u L=1u
M1 4 8 3 3 NMOS W=1u L=1u
M2 1 7 3 3 NMOS W=1u L=1u
.MODEL NMOS NMOS (LEVEL=1 VTO=1 KP=1.0e-4 LAMBDA=0.02)
.MODEL PMOS PMOS (LEVEL=1 VTO=1 KP=1.0e-4 LAMBDA=0.02)

.OP
.PRINT OP V(1) V(3) V(4) V(7) V(8) V(VDD)
.END"
616,"M1 NMOS N_TOP VIN N_ISRC N_ISRC NA
M2 PMOS N_TOP VB1 N_TOP N_TOP NA
M3 PMOS VOUT N_TOP VOUT VOUT NA
M4 NMOS N_MID N_TOP N_ISRC N_ISRC NA
RS1 R N_MID VB2 NA
RF R N_MID VOUT NA
RD2 R VOUT 0 NA
I1 I N_ISRC 0 NA","In the given SPICE netlist for circuit 616, what are the DC voltages at nodes 5 and 3?
A. V(5) = -6.2782 V, V(3) = -1.0000 V
B. V(5) = -1.0000 V, V(3) = -6.2782 V
C. V(5) = 0 V, V(3) = -1.0000 V
D. V(5) = -6.2782 V, V(3) = 0 V",A,"MOSFET feedback amplifier

M1 N_TOP VIN N_ISRC N_ISRC NMOS
M2 N_TOP VB1 N_TOP N_TOP PMOS
M3 VOUT N_TOP VOUT VOUT PMOS
M4 N_MID N_TOP N_ISRC N_ISRC NMOS

RS1 N_MID VB2 1k
RF N_MID VOUT 1k
RD2 VOUT 0 1k

I1 N_ISRC 0 DC 1mA

VDD VDD 0 DC 5

.model NMOS NMOS (LEVEL=1 VTO=1 KP=1.0e-4 LAMBDA=0.02)
.model PMOS PMOS (LEVEL=1 VTO=1 KP=1.0e-4 LAMBDA=0.02)

.op
.end"
631,"*SPICE Netlist for circuit 631
I1 VDD 1 DC 1mA
I2 2 0 DC 1mA
M1 4 1 8 8 NMOS W=1u L=1u
M3 5 1 9 9 NMOS W=1u L=1u
M5 8 6 2 2 NMOS W=1u L=1u
M2 9 7 2 2 NMOS W=1u L=1u
M4 1 1 2 2 NMOS W=1u L=1u
.MODEL NMOS NMOS (LEVEL=1 VTO=1 KP=1.0e-4 LAMBDA=0.02)

.OP
.PRINT OP V(1) V(2) V(4) V(5) V(6) V(7) V(8) V(9) V(VDD)
.END","In the given SPICE netlist, what is the DC voltage at node 4?
A. 0 V
B. 4.252 V
C. -812.6 mV
D. -1.002 V",C,"*SPICE Netlist for circuit 631
I1 VDD 1 DC 1mA
I2 2 0 DC 1mA
M1 4 1 8 8 NMOS W=1u L=1u
M3 5 1 9 9 NMOS W=1u L=1u
M5 8 6 2 2 NMOS W=1u L=1u
M2 9 7 2 2 NMOS W=1u L=1u
M4 1 1 2 2 NMOS W=1u L=1u
.MODEL NMOS NMOS (LEVEL=1 VTO=1 KP=1.0e-4 LAMBDA=0.02)

.OP
.PRINT OP V(1) V(2) V(4) V(5) V(6) V(7) V(8) V(9) V(VDD)
.END"
631,"*SPICE Netlist for circuit 631
I1 VDD 1 DC 1mA
I2 2 0 DC 1mA
M1 4 1 8 8 NMOS W=1u L=1u
M3 5 1 9 9 NMOS W=1u L=1u
M5 8 6 2 2 NMOS W=1u L=1u
M2 9 7 2 2 NMOS W=1u L=1u
M4 1 1 2 2 NMOS W=1u L=1u
.MODEL NMOS NMOS (LEVEL=1 VTO=1 KP=1.0e-4 LAMBDA=0.02)

.OP
.PRINT OP V(1) V(2) V(4) V(5) V(6) V(7) V(8) V(9) V(VDD)
.END","In the given SPICE netlist, what is the DC voltage at node 2?
A. 0 V
B. -1.002 V
C. -812.6 mV
D. 4.252 V",B,"*SPICE Netlist for circuit 631
I1 VDD 1 DC 1mA
I2 2 0 DC 1mA
M1 4 1 8 8 NMOS W=1u L=1u
M3 5 1 9 9 NMOS W=1u L=1u
M5 8 6 2 2 NMOS W=1u L=1u
M2 9 7 2 2 NMOS W=1u L=1u
M4 1 1 2 2 NMOS W=1u L=1u
.MODEL NMOS NMOS (LEVEL=1 VTO=1 KP=1.0e-4 LAMBDA=0.02)

.OP
.PRINT OP V(1) V(2) V(4) V(5) V(6) V(7) V(8) V(9) V(VDD)
.END"
631,"*SPICE Netlist for circuit 631
I1 VDD 1 DC 1mA
I2 2 0 DC 1mA
M1 4 1 8 8 NMOS W=1u L=1u
M3 5 1 9 9 NMOS W=1u L=1u
M5 8 6 2 2 NMOS W=1u L=1u
M2 9 7 2 2 NMOS W=1u L=1u
M4 1 1 2 2 NMOS W=1u L=1u
.MODEL NMOS NMOS (LEVEL=1 VTO=1 KP=1.0e-4 LAMBDA=0.02)

.OP
.PRINT OP V(1) V(2) V(4) V(5) V(6) V(7) V(8) V(9) V(VDD)
.END","In the given SPICE netlist, what is the DC voltage at node 9?
A. 4.252 V
B. 0 V
C. -1.002 V
D. -812.6 mV",D,"*SPICE Netlist for circuit 631
I1 VDD 1 DC 1mA
I2 2 0 DC 1mA
M1 4 1 8 8 NMOS W=1u L=1u
M3 5 1 9 9 NMOS W=1u L=1u
M5 8 6 2 2 NMOS W=1u L=1u
M2 9 7 2 2 NMOS W=1u L=1u
M4 1 1 2 2 NMOS W=1u L=1u
.MODEL NMOS NMOS (LEVEL=1 VTO=1 KP=1.0e-4 LAMBDA=0.02)

.OP
.PRINT OP V(1) V(2) V(4) V(5) V(6) V(7) V(8) V(9) V(VDD)
.END"
635,"*SPICE Netlist for circuit 635
I1 VDD 2 DC 1mA
I2 3 0 DC 1mA
M1 2 5 0 0 NMOS W=1u L=1u
M2 3 1 2 2 PMOS W=1u L=1u
.MODEL NMOS NMOS (LEVEL=1 VTO=1 KP=1.0e-4 LAMBDA=0.02)
.MODEL PMOS PMOS (LEVEL=1 VTO=1 KP=1.0e-4 LAMBDA=0.02)

.OP
.PRINT OP V(1) V(2) V(3) V(5) V(VDD)
.END","In the given SPICE netlist, what is the DC voltage at node 3?
A. -6.221 V
B. -1 mV
C. 0 V
D. 3.106 V",A,"*SPICE Netlist for circuit 635
I1 VDD 2 DC 1mA
I2 3 0 DC 1mA
M1 2 5 0 0 NMOS W=1u L=1u
M2 3 1 2 2 PMOS W=1u L=1u
.MODEL NMOS NMOS (LEVEL=1 VTO=1 KP=1.0e-4 LAMBDA=0.02)
.MODEL PMOS PMOS (LEVEL=1 VTO=1 KP=1.0e-4 LAMBDA=0.02)

.OP
.PRINT OP V(1) V(2) V(3) V(5) V(VDD)
.END"
635,"*SPICE Netlist for circuit 635
I1 VDD 2 DC 1mA
I2 3 0 DC 1mA
M1 2 5 0 0 NMOS W=1u L=1u
M2 3 1 2 2 PMOS W=1u L=1u
.MODEL NMOS NMOS (LEVEL=1 VTO=1 KP=1.0e-4 LAMBDA=0.02)
.MODEL PMOS PMOS (LEVEL=1 VTO=1 KP=1.0e-4 LAMBDA=0.02)

.OP
.PRINT OP V(1) V(2) V(3) V(5) V(VDD)
.END","In the given SPICE netlist, what is the DC voltage at node 2?
A. -6.221 V
B. -1 mV
C. 3.106 V
D. 0 V",C,"*SPICE Netlist for circuit 635
I1 VDD 2 DC 1mA
I2 3 0 DC 1mA
M1 2 5 0 0 NMOS W=1u L=1u
M2 3 1 2 2 PMOS W=1u L=1u
.MODEL NMOS NMOS (LEVEL=1 VTO=1 KP=1.0e-4 LAMBDA=0.02)
.MODEL PMOS PMOS (LEVEL=1 VTO=1 KP=1.0e-4 LAMBDA=0.02)

.OP
.PRINT OP V(1) V(2) V(3) V(5) V(VDD)
.END"
819,"M1 NMOS N1 N3 0 0 NA
M2 NMOS N2 N4 0 0 NA
R1 R N1 VDD NA
R2 R N2 VDD NA
C1 C N3 0 NA
C2 C N4 0 NA
V1 V N5 N3 NA","Why are the node voltages nearly zero in this circuit?
A. Because the capacitors are very large and dominate the circuit behavior
B. Because the NMOS transistors are operating in saturation and pulling the nodes to ground
C. Because the circuit lacks a proper DC biasing source to establish meaningful operating conditions
D. Because the resistors are too large and completely isolate the nodes from VDD",C,"MOSFET two-stage amplifier

M1 N1 N3 0 0 NMOS
M2 N2 N4 0 0 NMOS

R1 N1 VDD 1k
R2 N2 VDD 1k

C1 N3 0 1n
C2 N4 0 1n

V1 N5 N3 DC 5
VDD VDD 0 DC 5

.model NMOS NMOS (LEVEL=1 VTO=1 KP=1.0e-4 LAMBDA=0.02)
.model PMOS PMOS (LEVEL=1 VTO=1 KP=1.0e-4 LAMBDA=0.02)

.op
.end"
647,"*SPICE Netlist for circuit 647
I1 4 0 DC 1mA
M2 6 6 0 0 NMOS W=1u L=1u
M4 5 6 0 0 NMOS W=1u L=1u
M6 6 2 VDD VDD NMOS W=1u L=1u
M5 2 1 VDD VDD NMOS W=1u L=1u
M3 2 10 4 4 NMOS W=1u L=1u
M7 7 1 VDD VDD PMOS W=1u L=1u
M1 7 11 4 4 NMOS W=1u L=1u
M8 5 7 VDD VDD PMOS W=1u L=1u
.MODEL NMOS NMOS (LEVEL=1 VTO=1 KP=1.0e-4 LAMBDA=0.02)
.MODEL PMOS PMOS (LEVEL=1 VTO=1 KP=1.0e-4 LAMBDA=0.02)

.OP
.PRINT OP V(1) V(10) V(11) V(2) V(4) V(5) V(6) V(7) V(VDD)
.END","In the given SPICE netlist, what is the DC voltage at node 7?
A. 0 V
B. -5.428 V
C. -655.1 mV
D. -1.953 V",B,"*SPICE Netlist for circuit 647
I1 4 0 DC 1mA
M2 6 6 0 0 NMOS W=1u L=1u
M4 5 6 0 0 NMOS W=1u L=1u
M6 6 2 VDD VDD NMOS W=1u L=1u
M5 2 1 VDD VDD NMOS W=1u L=1u
M3 2 10 4 4 NMOS W=1u L=1u
M7 7 1 VDD VDD PMOS W=1u L=1u
M1 7 11 4 4 NMOS W=1u L=1u
M8 5 7 VDD VDD PMOS W=1u L=1u
.MODEL NMOS NMOS (LEVEL=1 VTO=1 KP=1.0e-4 LAMBDA=0.02)
.MODEL PMOS PMOS (LEVEL=1 VTO=1 KP=1.0e-4 LAMBDA=0.02)

.OP
.PRINT OP V(1) V(10) V(11) V(2) V(4) V(5) V(6) V(7) V(VDD)
.END"
647,"*SPICE Netlist for circuit 647
I1 4 0 DC 1mA
M2 6 6 0 0 NMOS W=1u L=1u
M4 5 6 0 0 NMOS W=1u L=1u
M6 6 2 VDD VDD NMOS W=1u L=1u
M5 2 1 VDD VDD NMOS W=1u L=1u
M3 2 10 4 4 NMOS W=1u L=1u
M7 7 1 VDD VDD PMOS W=1u L=1u
M1 7 11 4 4 NMOS W=1u L=1u
M8 5 7 VDD VDD PMOS W=1u L=1u
.MODEL NMOS NMOS (LEVEL=1 VTO=1 KP=1.0e-4 LAMBDA=0.02)
.MODEL PMOS PMOS (LEVEL=1 VTO=1 KP=1.0e-4 LAMBDA=0.02)

.OP
.PRINT OP V(1) V(10) V(11) V(2) V(4) V(5) V(6) V(7) V(VDD)
.END","In the given SPICE netlist, what is the DC voltage at node 5?
A. 0 V
B. -1.953 V
C. -655.1 mV
D. -5.428 V",C,"*SPICE Netlist for circuit 647
I1 4 0 DC 1mA
M2 6 6 0 0 NMOS W=1u L=1u
M4 5 6 0 0 NMOS W=1u L=1u
M6 6 2 VDD VDD NMOS W=1u L=1u
M5 2 1 VDD VDD NMOS W=1u L=1u
M3 2 10 4 4 NMOS W=1u L=1u
M7 7 1 VDD VDD PMOS W=1u L=1u
M1 7 11 4 4 NMOS W=1u L=1u
M8 5 7 VDD VDD PMOS W=1u L=1u
.MODEL NMOS NMOS (LEVEL=1 VTO=1 KP=1.0e-4 LAMBDA=0.02)
.MODEL PMOS PMOS (LEVEL=1 VTO=1 KP=1.0e-4 LAMBDA=0.02)

.OP
.PRINT OP V(1) V(10) V(11) V(2) V(4) V(5) V(6) V(7) V(VDD)
.END"
649,"*SPICE Netlist for circuit 649
V1 1 0 5V
R2 0 2 1k
R1 2 1 1k

.OP
.PRINT OP V(1) V(2) I(V1)
.END","In the given SPICE netlist, what is the DC voltage at node 2?
A. -2.5 mV
B. 5 V
C. 1.25 V
D. 2.5 V",D,"*SPICE Netlist for circuit 649
V1 1 0 5V
R2 0 2 1k
R1 2 1 1k

.OP
.PRINT OP V(1) V(2) I(V1)
.END"
649,"*SPICE Netlist for circuit 649
V1 1 0 5V
R2 0 2 1k
R1 2 1 1k

.OP
.PRINT OP V(1) V(2) I(V1)
.END","In the given SPICE netlist, what is the DC current through V1?
A. -5 mA
B. 2.5 A
C. -2.5 mA
D. 5 A",C,"*SPICE Netlist for circuit 649
V1 1 0 5V
R2 0 2 1k
R1 2 1 1k

.OP
.PRINT OP V(1) V(2) I(V1)
.END"
650,"*SPICE Netlist for circuit 650
V1 1 0 5V
R2 0 2 1k
R1 2 1 1k

.OP
.PRINT OP V(1) V(2) I(V1)
.END","In the given SPICE netlist, what is the DC voltage at node 2?
A. 2.5 V
B. 5 V
C. -2.5 mV
D. 1.25 V",A,"*SPICE Netlist for circuit 650
V1 1 0 5V
R2 0 2 1k
R1 2 1 1k

.OP
.PRINT OP V(1) V(2) I(V1)
.END"
546,"M1 NMOS N1 Vin 0 0 NA
RD R VDD N1 NA","In the given SPICE netlist for circuit 546, what are the DC voltages at nodes 1 and 3?
A. V(1) = 0.00 V, V(3) = 5.00 V
B. V(1) = 5.00 V, V(3) = 0.00 V
C. V(1) = 2.50 V, V(3) = 2.50 V
D. V(1) = 1.00 V, V(3) = 0.00 V",B,"Common-source NMOS amplifier with resistive load
M1 N1 Vin 0 0 NMOS
RD VDD N1 1k
VDD VDD 0 DC 5
.model NMOS NMOS (LEVEL=1 VTO=1 KP=1.0e-4 LAMBDA=0.02)
.op
.end"
659,"*SPICE Netlist for circuit 659
I1 VDD 2 DC 1mA
I2 2 0 DC 1mA
R2 0 2 1k
R1 2 VDD 1k

.OP
.PRINT OP V(2) V(VDD)
.END","In the given SPICE netlist, what is the DC voltage at node 2?
A. -2 V
B. -500 mV
C. 1 V
D. -1 V",D,"*SPICE Netlist for circuit 659
I1 VDD 2 DC 1mA
I2 2 0 DC 1mA
R2 0 2 1k
R1 2 VDD 1k

.OP
.PRINT OP V(2) V(VDD)
.END"
670,"*SPICE Netlist for circuit 670
I1 3 0 DC 1mA
R2 0 3 1k
R3 0 1 1k
R1 2 0 1k
M1 2 0 6 6 NMOS W=1u L=1u
M3 1 0 2 2 PMOS W=1u L=1u
M2 6 5 3 3 NMOS W=1u L=1u
.MODEL NMOS NMOS (LEVEL=1 VTO=1 KP=1.0e-4 LAMBDA=0.02)
.MODEL PMOS PMOS (LEVEL=1 VTO=1 KP=1.0e-4 LAMBDA=0.02)

.OP
.PRINT OP V(1) V(2) V(3) V(5) V(6)
.END","In the given SPICE netlist, what is the DC voltage at node 3?
A. -1 V
B. -2 V
C. -333.3 mV
D. 0 V",A,"*SPICE Netlist for circuit 670
I1 3 0 DC 1mA
R2 0 3 1k
R3 0 1 1k
R1 2 0 1k
M1 2 0 6 6 NMOS W=1u L=1u
M3 1 0 2 2 PMOS W=1u L=1u
M2 6 5 3 3 NMOS W=1u L=1u
.MODEL NMOS NMOS (LEVEL=1 VTO=1 KP=1.0e-4 LAMBDA=0.02)
.MODEL PMOS PMOS (LEVEL=1 VTO=1 KP=1.0e-4 LAMBDA=0.02)

.OP
.PRINT OP V(1) V(2) V(3) V(5) V(6)
.END"
596,"M1 NMOS N1 0 0 0 NA
M2 NMOS N2 N1 0 0 NA
RD1 R VDD N1 NA
RD2 R VDD N2 NA
R1 R N3 N4 NA
R2 R N3 0 NA
Vt V N4 0 NA","For the given SPICE netlist, at a frequency of 1 MHz, what are the magnitude and phase of the node voltage V(1)?
A. |V(1)| = 0.4525843 V, ∠V(1) = 0°
B. |V(1)| = 1.0000000 V, ∠V(1) = 90°
C. |V(1)| = 0.1000000 V, ∠V(1) = -90°
D. |V(1)| = 5.0000000 V, ∠V(1) = 180°",A,"MOSFET circuit netlist
M1 N1 0 0 0 NMOS
M2 N2 N1 0 0 NMOS
RRD1 VDD N1 1k
RRD2 VDD N2 1k
RR1 N3 N4 1k
RR2 N3 0 1k
VVt N4 0 DC 5
VDD VDD 0 DC 5

.model NMOS NMOS (LEVEL=1 VTO=1 KP=1.0e-4 LAMBDA=0.02)
.model PMOS PMOS (LEVEL=1 VTO=1 KP=1.0e-4 LAMBDA=0.02)

.op
.end"
678,"*SPICE Netlist for circuit 678
I1 2 0 DC 1mA
R2 0 2 1k
R1 1 0 1k
M1 1 3 2 2 NMOS W=1u L=1u
.MODEL NMOS NMOS (LEVEL=1 VTO=1 KP=1.0e-4 LAMBDA=0.02)

.OP
.PRINT OP V(1) V(2) V(3)
.END","In the given SPICE netlist, what is the DC voltage at node 2?
A. 0 V
B. -500 mV
C. -2 V
D. -1 V",D,"*SPICE Netlist for circuit 678
I1 2 0 DC 1mA
R2 0 2 1k
R1 1 0 1k
M1 1 3 2 2 NMOS W=1u L=1u
.MODEL NMOS NMOS (LEVEL=1 VTO=1 KP=1.0e-4 LAMBDA=0.02)

.OP
.PRINT OP V(1) V(2) V(3)
.END"
680,"*SPICE Netlist for circuit 680
I1 13 0 DC 1mA
M1 5 3 13 13 NMOS W=1u L=1u
M2 6 2 0 0 NMOS W=1u L=1u
M3 5 1 VDD VDD PMOS W=1u L=1u
M4 6 5 VDD VDD PMOS W=1u L=1u
R1 9 6 1k
.MODEL NMOS NMOS (LEVEL=1 VTO=1 KP=1.0e-4 LAMBDA=0.02)
.MODEL PMOS PMOS (LEVEL=1 VTO=1 KP=1.0e-4 LAMBDA=0.02)

.OP
.PRINT OP V(1) V(13) V(2) V(3) V(5) V(6) V(9) V(VDD)
.END","In the given SPICE netlist, what is the DC voltage at node 9?
A. 0 V
B. -1.31 V
C. -327.6 mV
D. -655.1 mV",D,"*SPICE Netlist for circuit 680
I1 13 0 DC 1mA
M1 5 3 13 13 NMOS W=1u L=1u
M2 6 2 0 0 NMOS W=1u L=1u
M3 5 1 VDD VDD PMOS W=1u L=1u
M4 6 5 VDD VDD PMOS W=1u L=1u
R1 9 6 1k
.MODEL NMOS NMOS (LEVEL=1 VTO=1 KP=1.0e-4 LAMBDA=0.02)
.MODEL PMOS PMOS (LEVEL=1 VTO=1 KP=1.0e-4 LAMBDA=0.02)

.OP
.PRINT OP V(1) V(13) V(2) V(3) V(5) V(6) V(9) V(VDD)
.END"
680,"*SPICE Netlist for circuit 680
I1 13 0 DC 1mA
M1 5 3 13 13 NMOS W=1u L=1u
M2 6 2 0 0 NMOS W=1u L=1u
M3 5 1 VDD VDD PMOS W=1u L=1u
M4 6 5 VDD VDD PMOS W=1u L=1u
R1 9 6 1k
.MODEL NMOS NMOS (LEVEL=1 VTO=1 KP=1.0e-4 LAMBDA=0.02)
.MODEL PMOS PMOS (LEVEL=1 VTO=1 KP=1.0e-4 LAMBDA=0.02)

.OP
.PRINT OP V(1) V(13) V(2) V(3) V(5) V(6) V(9) V(VDD)
.END","In the given SPICE netlist, what is the DC voltage at node 6?
A. -327.6 mV
B. -1.31 V
C. 0 V
D. -655.1 mV",D,"*SPICE Netlist for circuit 680
I1 13 0 DC 1mA
M1 5 3 13 13 NMOS W=1u L=1u
M2 6 2 0 0 NMOS W=1u L=1u
M3 5 1 VDD VDD PMOS W=1u L=1u
M4 6 5 VDD VDD PMOS W=1u L=1u
R1 9 6 1k
.MODEL NMOS NMOS (LEVEL=1 VTO=1 KP=1.0e-4 LAMBDA=0.02)
.MODEL PMOS PMOS (LEVEL=1 VTO=1 KP=1.0e-4 LAMBDA=0.02)

.OP
.PRINT OP V(1) V(13) V(2) V(3) V(5) V(6) V(9) V(VDD)
.END"
681,"*SPICE Netlist for circuit 681
I1 3 0 DC 1mA
M2 8 5 0 0 NMOS W=1u L=1u
M4 9 5 0 0 NMOS W=1u L=1u
M6 8 1 VDD VDD PMOS W=1u L=1u
R4 1 2 1k
M5 1 2 VDD VDD PMOS W=1u L=1u
M3 1 13 3 3 NMOS W=1u L=1u
M7 7 2 VDD VDD PMOS W=1u L=1u
M1 7 14 3 3 NMOS W=1u L=1u
R1 2 7 1k
R2 8 5 1k
R3 5 9 1k
M8 9 7 VDD VDD PMOS W=1u L=1u
.MODEL NMOS NMOS (LEVEL=1 VTO=1 KP=1.0e-4 LAMBDA=0.02)
.MODEL PMOS PMOS (LEVEL=1 VTO=1 KP=1.0e-4 LAMBDA=0.02)

.OP
.PRINT OP V(1) V(13) V(14) V(2) V(3) V(5) V(7) V(8) V(9) V(VDD)
.END","In the given SPICE netlist, what is the DC voltage at node 9?
A. -5.001 V
B. -3.51 V
C. -637.2 mV
D. 0 V",C,"*SPICE Netlist for circuit 681
I1 3 0 DC 1mA
M2 8 5 0 0 NMOS W=1u L=1u
M4 9 5 0 0 NMOS W=1u L=1u
M6 8 1 VDD VDD PMOS W=1u L=1u
R4 1 2 1k
M5 1 2 VDD VDD PMOS W=1u L=1u
M3 1 13 3 3 NMOS W=1u L=1u
M7 7 2 VDD VDD PMOS W=1u L=1u
M1 7 14 3 3 NMOS W=1u L=1u
R1 2 7 1k
R2 8 5 1k
R3 5 9 1k
M8 9 7 VDD VDD PMOS W=1u L=1u
.MODEL NMOS NMOS (LEVEL=1 VTO=1 KP=1.0e-4 LAMBDA=0.02)
.MODEL PMOS PMOS (LEVEL=1 VTO=1 KP=1.0e-4 LAMBDA=0.02)

.OP
.PRINT OP V(1) V(13) V(14) V(2) V(3) V(5) V(7) V(8) V(9) V(VDD)
.END"
681,"*SPICE Netlist for circuit 681
I1 3 0 DC 1mA
M2 8 5 0 0 NMOS W=1u L=1u
M4 9 5 0 0 NMOS W=1u L=1u
M6 8 1 VDD VDD PMOS W=1u L=1u
R4 1 2 1k
M5 1 2 VDD VDD PMOS W=1u L=1u
M3 1 13 3 3 NMOS W=1u L=1u
M7 7 2 VDD VDD PMOS W=1u L=1u
M1 7 14 3 3 NMOS W=1u L=1u
R1 2 7 1k
R2 8 5 1k
R3 5 9 1k
M8 9 7 VDD VDD PMOS W=1u L=1u
.MODEL NMOS NMOS (LEVEL=1 VTO=1 KP=1.0e-4 LAMBDA=0.02)
.MODEL PMOS PMOS (LEVEL=1 VTO=1 KP=1.0e-4 LAMBDA=0.02)

.OP
.PRINT OP V(1) V(13) V(14) V(2) V(3) V(5) V(7) V(8) V(9) V(VDD)
.END","In the given SPICE netlist, what is the DC voltage at node 7?
A. -637.2 mV
B. -3.51 V
C. 0 V
D. -5.001 V",B,"*SPICE Netlist for circuit 681
I1 3 0 DC 1mA
M2 8 5 0 0 NMOS W=1u L=1u
M4 9 5 0 0 NMOS W=1u L=1u
M6 8 1 VDD VDD PMOS W=1u L=1u
R4 1 2 1k
M5 1 2 VDD VDD PMOS W=1u L=1u
M3 1 13 3 3 NMOS W=1u L=1u
M7 7 2 VDD VDD PMOS W=1u L=1u
M1 7 14 3 3 NMOS W=1u L=1u
R1 2 7 1k
R2 8 5 1k
R3 5 9 1k
M8 9 7 VDD VDD PMOS W=1u L=1u
.MODEL NMOS NMOS (LEVEL=1 VTO=1 KP=1.0e-4 LAMBDA=0.02)
.MODEL PMOS PMOS (LEVEL=1 VTO=1 KP=1.0e-4 LAMBDA=0.02)

.OP
.PRINT OP V(1) V(13) V(14) V(2) V(3) V(5) V(7) V(8) V(9) V(VDD)
.END"
681,"*SPICE Netlist for circuit 681
I1 3 0 DC 1mA
M2 8 5 0 0 NMOS W=1u L=1u
M4 9 5 0 0 NMOS W=1u L=1u
M6 8 1 VDD VDD PMOS W=1u L=1u
R4 1 2 1k
M5 1 2 VDD VDD PMOS W=1u L=1u
M3 1 13 3 3 NMOS W=1u L=1u
M7 7 2 VDD VDD PMOS W=1u L=1u
M1 7 14 3 3 NMOS W=1u L=1u
R1 2 7 1k
R2 8 5 1k
R3 5 9 1k
M8 9 7 VDD VDD PMOS W=1u L=1u
.MODEL NMOS NMOS (LEVEL=1 VTO=1 KP=1.0e-4 LAMBDA=0.02)
.MODEL PMOS PMOS (LEVEL=1 VTO=1 KP=1.0e-4 LAMBDA=0.02)

.OP
.PRINT OP V(1) V(13) V(14) V(2) V(3) V(5) V(7) V(8) V(9) V(VDD)
.END","In the given SPICE netlist, what is the DC voltage at node 3?
A. -3.51 V
B. -637.2 mV
C. -5.001 V
D. 0 V",C,"*SPICE Netlist for circuit 681
I1 3 0 DC 1mA
M2 8 5 0 0 NMOS W=1u L=1u
M4 9 5 0 0 NMOS W=1u L=1u
M6 8 1 VDD VDD PMOS W=1u L=1u
R4 1 2 1k
M5 1 2 VDD VDD PMOS W=1u L=1u
M3 1 13 3 3 NMOS W=1u L=1u
M7 7 2 VDD VDD PMOS W=1u L=1u
M1 7 14 3 3 NMOS W=1u L=1u
R1 2 7 1k
R2 8 5 1k
R3 5 9 1k
M8 9 7 VDD VDD PMOS W=1u L=1u
.MODEL NMOS NMOS (LEVEL=1 VTO=1 KP=1.0e-4 LAMBDA=0.02)
.MODEL PMOS PMOS (LEVEL=1 VTO=1 KP=1.0e-4 LAMBDA=0.02)

.OP
.PRINT OP V(1) V(13) V(14) V(2) V(3) V(5) V(7) V(8) V(9) V(VDD)
.END"
689,"*SPICE Netlist for circuit 689
C1 5 3 1nF
C2 0 5 1nF
I1 4 0 DC 1mA
M3 1 1 VDD VDD PMOS W=1u L=1u
M4 3 1 VDD VDD PMOS W=1u L=1u
M1 3 5 4 4 NMOS W=1u L=1u
M2 1 8 4 4 NMOS W=1u L=1u
.MODEL NMOS NMOS (LEVEL=1 VTO=1 KP=1.0e-4 LAMBDA=0.02)
.MODEL PMOS PMOS (LEVEL=1 VTO=1 KP=1.0e-4 LAMBDA=0.02)

.OP
.PRINT OP V(1) V(3) V(4) V(5) V(8) V(VDD)
.END","In the given SPICE netlist, what is the DC voltage at node 1?
A. -10 V
B. 0 V
C. -20.93 V
D. -41.86 V",C,"*SPICE Netlist for circuit 689
C1 5 3 1nF
C2 0 5 1nF
I1 4 0 DC 1mA
M3 1 1 VDD VDD PMOS W=1u L=1u
M4 3 1 VDD VDD PMOS W=1u L=1u
M1 3 5 4 4 NMOS W=1u L=1u
M2 1 8 4 4 NMOS W=1u L=1u
.MODEL NMOS NMOS (LEVEL=1 VTO=1 KP=1.0e-4 LAMBDA=0.02)
.MODEL PMOS PMOS (LEVEL=1 VTO=1 KP=1.0e-4 LAMBDA=0.02)

.OP
.PRINT OP V(1) V(3) V(4) V(5) V(8) V(VDD)
.END"
689,"*SPICE Netlist for circuit 689
C1 5 3 1nF
C2 0 5 1nF
I1 4 0 DC 1mA
M3 1 1 VDD VDD PMOS W=1u L=1u
M4 3 1 VDD VDD PMOS W=1u L=1u
M1 3 5 4 4 NMOS W=1u L=1u
M2 1 8 4 4 NMOS W=1u L=1u
.MODEL NMOS NMOS (LEVEL=1 VTO=1 KP=1.0e-4 LAMBDA=0.02)
.MODEL PMOS PMOS (LEVEL=1 VTO=1 KP=1.0e-4 LAMBDA=0.02)

.OP
.PRINT OP V(1) V(3) V(4) V(5) V(8) V(VDD)
.END","In the given SPICE netlist, what is the DC voltage at node 4?
A. 0 V
B. -41.93 V
C. -20.96 V
D. -10 V",C,"*SPICE Netlist for circuit 689
C1 5 3 1nF
C2 0 5 1nF
I1 4 0 DC 1mA
M3 1 1 VDD VDD PMOS W=1u L=1u
M4 3 1 VDD VDD PMOS W=1u L=1u
M1 3 5 4 4 NMOS W=1u L=1u
M2 1 8 4 4 NMOS W=1u L=1u
.MODEL NMOS NMOS (LEVEL=1 VTO=1 KP=1.0e-4 LAMBDA=0.02)
.MODEL PMOS PMOS (LEVEL=1 VTO=1 KP=1.0e-4 LAMBDA=0.02)

.OP
.PRINT OP V(1) V(3) V(4) V(5) V(8) V(VDD)
.END"
689,"*SPICE Netlist for circuit 689
C1 5 3 1nF
C2 0 5 1nF
I1 4 0 DC 1mA
M3 1 1 VDD VDD PMOS W=1u L=1u
M4 3 1 VDD VDD PMOS W=1u L=1u
M1 3 5 4 4 NMOS W=1u L=1u
M2 1 8 4 4 NMOS W=1u L=1u
.MODEL NMOS NMOS (LEVEL=1 VTO=1 KP=1.0e-4 LAMBDA=0.02)
.MODEL PMOS PMOS (LEVEL=1 VTO=1 KP=1.0e-4 LAMBDA=0.02)

.OP
.PRINT OP V(1) V(3) V(4) V(5) V(8) V(VDD)
.END","In the given SPICE netlist, what is the DC voltage at node 5?
A. 0 V
B. -20.93 V
C. -5 V
D. -10 V",D,"*SPICE Netlist for circuit 689
C1 5 3 1nF
C2 0 5 1nF
I1 4 0 DC 1mA
M3 1 1 VDD VDD PMOS W=1u L=1u
M4 3 1 VDD VDD PMOS W=1u L=1u
M1 3 5 4 4 NMOS W=1u L=1u
M2 1 8 4 4 NMOS W=1u L=1u
.MODEL NMOS NMOS (LEVEL=1 VTO=1 KP=1.0e-4 LAMBDA=0.02)
.MODEL PMOS PMOS (LEVEL=1 VTO=1 KP=1.0e-4 LAMBDA=0.02)

.OP
.PRINT OP V(1) V(3) V(4) V(5) V(8) V(VDD)
.END"
690,"*SPICE Netlist for circuit 690
C1 5 3 1nF
C2 0 5 1nF
I1 4 0 DC 1mA
M2 1 1 VDD VDD PMOS W=1u L=1u
M3 3 1 VDD VDD PMOS W=1u L=1u
M1 1 8 4 4 NMOS W=1u L=1u
.MODEL NMOS NMOS (LEVEL=1 VTO=1 KP=1.0e-4 LAMBDA=0.02)
.MODEL PMOS PMOS (LEVEL=1 VTO=1 KP=1.0e-4 LAMBDA=0.02)

.OP
.PRINT OP V(1) V(3) V(4) V(5) V(8) V(VDD)
.END","In the given SPICE netlist, what is the DC voltage at node 3?
A. -5.628 V
B. -7.88 V
C. -5.006 V
D. 0 V",C,"*SPICE Netlist for circuit 690
C1 5 3 1nF
C2 0 5 1nF
I1 4 0 DC 1mA
M2 1 1 VDD VDD PMOS W=1u L=1u
M3 3 1 VDD VDD PMOS W=1u L=1u
M1 1 8 4 4 NMOS W=1u L=1u
.MODEL NMOS NMOS (LEVEL=1 VTO=1 KP=1.0e-4 LAMBDA=0.02)
.MODEL PMOS PMOS (LEVEL=1 VTO=1 KP=1.0e-4 LAMBDA=0.02)

.OP
.PRINT OP V(1) V(3) V(4) V(5) V(8) V(VDD)
.END"
76,"I1 I N1 0 Vx
V1 V N1 0 V1
I2 I N2 N1 gmV1
I3 I N2 N1 gmbVbs
R1 R N2 0 ZL","At t = 100 ns, what is the current through the voltage source V1 in the given SPICE circuit?
A. 0 mA
B. 1 mA
C. 2 mA
D. 5 mA",C,"MOSFET small-signal equivalent circuit

* Independent sources
VIx I 0 DC 1
VV1 V N1 DC 1

* Controlled current sources implemented with dependent sources
Ggm I N2 V N1 1
Ggmb I N2 V N1 1

* Load impedance
RZL R N2 1000

* MOSFET models (not used directly but defined per rules)
.model NMOS NMOS (LEVEL=1 VTO=1 KP=1.0e-4 LAMBDA=0.02)
.model PMOS PMOS (LEVEL=1 VTO=1 KP=1.0e-4 LAMBDA=0.02)

* DC operating point
.op

.end"
707,"*SPICE Netlist for circuit 707
C1 5 4 1nF
C2 0 5 1nF
I1 3 0 DC 1mA
M3 1 1 VDD VDD PMOS W=1u L=1u
M4 4 1 VDD VDD PMOS W=1u L=1u
M1 4 5 3 3 NMOS W=1u L=1u
M2 1 8 3 3 NMOS W=1u L=1u
.MODEL NMOS NMOS (LEVEL=1 VTO=1 KP=1.0e-4 LAMBDA=0.02)
.MODEL PMOS PMOS (LEVEL=1 VTO=1 KP=1.0e-4 LAMBDA=0.02)

.OP
.PRINT OP V(1) V(3) V(4) V(5) V(8) V(VDD)
.END","In the given SPICE netlist, what is the DC voltage at node 5?
A. -10 V
B. 0 V
C. -5 V
D. -20.93 V",A,"*SPICE Netlist for circuit 707
C1 5 4 1nF
C2 0 5 1nF
I1 3 0 DC 1mA
M3 1 1 VDD VDD PMOS W=1u L=1u
M4 4 1 VDD VDD PMOS W=1u L=1u
M1 4 5 3 3 NMOS W=1u L=1u
M2 1 8 3 3 NMOS W=1u L=1u
.MODEL NMOS NMOS (LEVEL=1 VTO=1 KP=1.0e-4 LAMBDA=0.02)
.MODEL PMOS PMOS (LEVEL=1 VTO=1 KP=1.0e-4 LAMBDA=0.02)

.OP
.PRINT OP V(1) V(3) V(4) V(5) V(8) V(VDD)
.END"
707,"*SPICE Netlist for circuit 707
C1 5 4 1nF
C2 0 5 1nF
I1 3 0 DC 1mA
M3 1 1 VDD VDD PMOS W=1u L=1u
M4 4 1 VDD VDD PMOS W=1u L=1u
M1 4 5 3 3 NMOS W=1u L=1u
M2 1 8 3 3 NMOS W=1u L=1u
.MODEL NMOS NMOS (LEVEL=1 VTO=1 KP=1.0e-4 LAMBDA=0.02)
.MODEL PMOS PMOS (LEVEL=1 VTO=1 KP=1.0e-4 LAMBDA=0.02)

.OP
.PRINT OP V(1) V(3) V(4) V(5) V(8) V(VDD)
.END","In the given SPICE netlist, what is the DC voltage at node 3?
A. 0 V
B. -20.96 V
C. -10 V
D. -41.93 V",B,"*SPICE Netlist for circuit 707
C1 5 4 1nF
C2 0 5 1nF
I1 3 0 DC 1mA
M3 1 1 VDD VDD PMOS W=1u L=1u
M4 4 1 VDD VDD PMOS W=1u L=1u
M1 4 5 3 3 NMOS W=1u L=1u
M2 1 8 3 3 NMOS W=1u L=1u
.MODEL NMOS NMOS (LEVEL=1 VTO=1 KP=1.0e-4 LAMBDA=0.02)
.MODEL PMOS PMOS (LEVEL=1 VTO=1 KP=1.0e-4 LAMBDA=0.02)

.OP
.PRINT OP V(1) V(3) V(4) V(5) V(8) V(VDD)
.END"
53,"M1 NMOS VDD VX VX VX NA
C1 C VDD 0 NA
V1 V VDD 0 3","When the swept voltage source V1 is set to 4.5 V in the given SPICE circuit, what is the current through V1, I(V1)?
A. 2.255 × 10⁻¹² A
B. -2.255 × 10⁻¹² A
C. 2.255 × 10⁻⁶ A
D. -2.255 × 10⁻⁶ A",B,"MOSFET circuit

M1 VDD VX VX VX NMOS
C1 C VDD 0 1n
V1 V VDD 0 DC 3

.model NMOS NMOS (LEVEL=1 VTO=1 KP=1.0e-4 LAMBDA=0.02)

.op
.end"
718,"*SPICE Netlist for circuit 718
C1 0 3 1nF
C2 0 5 1nF
I1 4 0 DC 1mA
I2 3 0 DC 1mA
M1 5 3 4 4 NMOS W=1u L=1u
M2 VDD 5 3 3 NMOS W=1u L=1u
M4 2 2 VDD VDD PMOS W=1u L=1u
M5 5 2 VDD VDD PMOS W=1u L=1u
M3 2 8 4 4 NMOS W=1u L=1u
.MODEL NMOS NMOS (LEVEL=1 VTO=1 KP=1.0e-4 LAMBDA=0.02)
.MODEL PMOS PMOS (LEVEL=1 VTO=1 KP=1.0e-4 LAMBDA=0.02)

.OP
.PRINT OP V(2) V(3) V(4) V(5) V(8) V(VDD)
.END","In the given SPICE netlist, what is the DC voltage at node 3?
A. -20.14 V
B. -10.07 V
C. -13.17 V
D. 0 V",B,"*SPICE Netlist for circuit 718
C1 0 3 1nF
C2 0 5 1nF
I1 4 0 DC 1mA
I2 3 0 DC 1mA
M1 5 3 4 4 NMOS W=1u L=1u
M2 VDD 5 3 3 NMOS W=1u L=1u
M4 2 2 VDD VDD PMOS W=1u L=1u
M5 5 2 VDD VDD PMOS W=1u L=1u
M3 2 8 4 4 NMOS W=1u L=1u
.MODEL NMOS NMOS (LEVEL=1 VTO=1 KP=1.0e-4 LAMBDA=0.02)
.MODEL PMOS PMOS (LEVEL=1 VTO=1 KP=1.0e-4 LAMBDA=0.02)

.OP
.PRINT OP V(2) V(3) V(4) V(5) V(8) V(VDD)
.END"
718,"*SPICE Netlist for circuit 718
C1 0 3 1nF
C2 0 5 1nF
I1 4 0 DC 1mA
I2 3 0 DC 1mA
M1 5 3 4 4 NMOS W=1u L=1u
M2 VDD 5 3 3 NMOS W=1u L=1u
M4 2 2 VDD VDD PMOS W=1u L=1u
M5 5 2 VDD VDD PMOS W=1u L=1u
M3 2 8 4 4 NMOS W=1u L=1u
.MODEL NMOS NMOS (LEVEL=1 VTO=1 KP=1.0e-4 LAMBDA=0.02)
.MODEL PMOS PMOS (LEVEL=1 VTO=1 KP=1.0e-4 LAMBDA=0.02)

.OP
.PRINT OP V(2) V(3) V(4) V(5) V(8) V(VDD)
.END","In the given SPICE netlist, what is the DC voltage at node 5?
A. -10.56 V
B. -9.928 V
C. -13.17 V
D. 0 V",B,"*SPICE Netlist for circuit 718
C1 0 3 1nF
C2 0 5 1nF
I1 4 0 DC 1mA
I2 3 0 DC 1mA
M1 5 3 4 4 NMOS W=1u L=1u
M2 VDD 5 3 3 NMOS W=1u L=1u
M4 2 2 VDD VDD PMOS W=1u L=1u
M5 5 2 VDD VDD PMOS W=1u L=1u
M3 2 8 4 4 NMOS W=1u L=1u
.MODEL NMOS NMOS (LEVEL=1 VTO=1 KP=1.0e-4 LAMBDA=0.02)
.MODEL PMOS PMOS (LEVEL=1 VTO=1 KP=1.0e-4 LAMBDA=0.02)

.OP
.PRINT OP V(2) V(3) V(4) V(5) V(8) V(VDD)
.END"
718,"*SPICE Netlist for circuit 718
C1 0 3 1nF
C2 0 5 1nF
I1 4 0 DC 1mA
I2 3 0 DC 1mA
M1 5 3 4 4 NMOS W=1u L=1u
M2 VDD 5 3 3 NMOS W=1u L=1u
M4 2 2 VDD VDD PMOS W=1u L=1u
M5 5 2 VDD VDD PMOS W=1u L=1u
M3 2 8 4 4 NMOS W=1u L=1u
.MODEL NMOS NMOS (LEVEL=1 VTO=1 KP=1.0e-4 LAMBDA=0.02)
.MODEL PMOS PMOS (LEVEL=1 VTO=1 KP=1.0e-4 LAMBDA=0.02)

.OP
.PRINT OP V(2) V(3) V(4) V(5) V(8) V(VDD)
.END","In the given SPICE netlist, what is the DC voltage at node 4?
A. -27.36 V
B. 0 V
C. -10.07 V
D. -13.68 V",D,"*SPICE Netlist for circuit 718
C1 0 3 1nF
C2 0 5 1nF
I1 4 0 DC 1mA
I2 3 0 DC 1mA
M1 5 3 4 4 NMOS W=1u L=1u
M2 VDD 5 3 3 NMOS W=1u L=1u
M4 2 2 VDD VDD PMOS W=1u L=1u
M5 5 2 VDD VDD PMOS W=1u L=1u
M3 2 8 4 4 NMOS W=1u L=1u
.MODEL NMOS NMOS (LEVEL=1 VTO=1 KP=1.0e-4 LAMBDA=0.02)
.MODEL PMOS PMOS (LEVEL=1 VTO=1 KP=1.0e-4 LAMBDA=0.02)

.OP
.PRINT OP V(2) V(3) V(4) V(5) V(8) V(VDD)
.END"
722,"*SPICE Netlist for circuit 722
C1 1 VDD 1nF
C2 2 1 1nF
C3 0 2 1nF
V1 5 0 5V
R1 0 2 1k
R2 5 1 1k
M1 2 1 VDD VDD PMOS W=1u L=1u
.MODEL PMOS PMOS (LEVEL=1 VTO=1 KP=1.0e-4 LAMBDA=0.02)

.OP
.PRINT OP V(1) V(2) V(5) V(VDD) I(V1)
.END","In the given SPICE netlist, what is the DC voltage at node 1?
A. -10 mV
B. 10 V
C. 5 V
D. 0 V",C,"*SPICE Netlist for circuit 722
C1 1 VDD 1nF
C2 2 1 1nF
C3 0 2 1nF
V1 5 0 5V
R1 0 2 1k
R2 5 1 1k
M1 2 1 VDD VDD PMOS W=1u L=1u
.MODEL PMOS PMOS (LEVEL=1 VTO=1 KP=1.0e-4 LAMBDA=0.02)

.OP
.PRINT OP V(1) V(2) V(5) V(VDD) I(V1)
.END"
724,"*SPICE Netlist for circuit 724
C1 0 3 1nF
C2 1 VDD 1nF
C3 5 3 1nF
R3 1 5 1k
V1 6 0 5V
R1 0 3 1k
R2 6 1 1k
M1 3 1 VDD VDD PMOS W=1u L=1u
.MODEL PMOS PMOS (LEVEL=1 VTO=1 KP=1.0e-4 LAMBDA=0.02)

.OP
.PRINT OP V(1) V(3) V(5) V(6) V(VDD) I(V1)
.END","In the given SPICE netlist, what is the DC voltage at node 5?
A. 10 V
B. -10 mV
C. 5 V
D. 0 V",C,"*SPICE Netlist for circuit 724
C1 0 3 1nF
C2 1 VDD 1nF
C3 5 3 1nF
R3 1 5 1k
V1 6 0 5V
R1 0 3 1k
R2 6 1 1k
M1 3 1 VDD VDD PMOS W=1u L=1u
.MODEL PMOS PMOS (LEVEL=1 VTO=1 KP=1.0e-4 LAMBDA=0.02)

.OP
.PRINT OP V(1) V(3) V(5) V(6) V(VDD) I(V1)
.END"
724,"*SPICE Netlist for circuit 724
C1 0 3 1nF
C2 1 VDD 1nF
C3 5 3 1nF
R3 1 5 1k
V1 6 0 5V
R1 0 3 1k
R2 6 1 1k
M1 3 1 VDD VDD PMOS W=1u L=1u
.MODEL PMOS PMOS (LEVEL=1 VTO=1 KP=1.0e-4 LAMBDA=0.02)

.OP
.PRINT OP V(1) V(3) V(5) V(6) V(VDD) I(V1)
.END","In the given SPICE netlist, what is the DC voltage at node 1?
A. -10 mV
B. 5 V
C. 0 V
D. 10 V",B,"*SPICE Netlist for circuit 724
C1 0 3 1nF
C2 1 VDD 1nF
C3 5 3 1nF
R3 1 5 1k
V1 6 0 5V
R1 0 3 1k
R2 6 1 1k
M1 3 1 VDD VDD PMOS W=1u L=1u
.MODEL PMOS PMOS (LEVEL=1 VTO=1 KP=1.0e-4 LAMBDA=0.02)

.OP
.PRINT OP V(1) V(3) V(5) V(6) V(VDD) I(V1)
.END"
126,"M1 NMOS N_X N_VIN 0 0 NA
M2 NMOS N_VOUT N_VB N_X N_X NA
RD R VDD N_VOUT NA","For the given SPICE netlist of circuit 126, what are the DC voltages at nodes 2 and 5?
A. V(2) = 0.00 V, V(5) = 1.67 V
B. V(2) = 5.00 V, V(5) = 0.00 V
C. V(2) = 5.00 V, V(5) = 1.67 V
D. V(2) = 1.67 V, V(5) = 5.00 V",C,"MOSFET cascode amplifier

M1 N_X N_VIN 0 0 NMOS
M2 N_VOUT N_VB N_X N_X NMOS
RD VDD N_VOUT 1k

VDD VDD 0 DC 5
V_VIN N_VIN 0 DC 0
V_VB N_VB 0 DC 2.5

.model NMOS NMOS (LEVEL=1 VTO=1 KP=1.0e-4 LAMBDA=0.02)
.model PMOS PMOS (LEVEL=1 VTO=1 KP=1.0e-4 LAMBDA=0.02)

.op
.end"
726,"*SPICE Netlist for circuit 726
C1 0 4 1nF
C2 2 VDD 1nF
C3 10 4 1nF
M5 10 7 2 2 PMOS W=1u L=1u
I1 7 0 DC 1mA
M1 4 1 0 0 NMOS W=1u L=1u
M4 4 2 VDD VDD PMOS W=1u L=1u
M3 7 7 6 6 PMOS W=1u L=1u
M2 6 6 VDD VDD PMOS W=1u L=1u
.MODEL NMOS NMOS (LEVEL=1 VTO=1 KP=1.0e-4 LAMBDA=0.02)
.MODEL PMOS PMOS (LEVEL=1 VTO=1 KP=1.0e-4 LAMBDA=0.02)

.OP
.PRINT OP V(1) V(10) V(2) V(4) V(6) V(7) V(VDD)
.END","In the given SPICE netlist, what is the DC voltage at node 6?
A. -4.748 V
B. -655.1 mV
C. -981.8 mV
D. 0 V",A,"*SPICE Netlist for circuit 726
C1 0 4 1nF
C2 2 VDD 1nF
C3 10 4 1nF
M5 10 7 2 2 PMOS W=1u L=1u
I1 7 0 DC 1mA
M1 4 1 0 0 NMOS W=1u L=1u
M4 4 2 VDD VDD PMOS W=1u L=1u
M3 7 7 6 6 PMOS W=1u L=1u
M2 6 6 VDD VDD PMOS W=1u L=1u
.MODEL NMOS NMOS (LEVEL=1 VTO=1 KP=1.0e-4 LAMBDA=0.02)
.MODEL PMOS PMOS (LEVEL=1 VTO=1 KP=1.0e-4 LAMBDA=0.02)

.OP
.PRINT OP V(1) V(10) V(2) V(4) V(6) V(7) V(VDD)
.END"
726,"*SPICE Netlist for circuit 726
C1 0 4 1nF
C2 2 VDD 1nF
C3 10 4 1nF
M5 10 7 2 2 PMOS W=1u L=1u
I1 7 0 DC 1mA
M1 4 1 0 0 NMOS W=1u L=1u
M4 4 2 VDD VDD PMOS W=1u L=1u
M3 7 7 6 6 PMOS W=1u L=1u
M2 6 6 VDD VDD PMOS W=1u L=1u
.MODEL NMOS NMOS (LEVEL=1 VTO=1 KP=1.0e-4 LAMBDA=0.02)
.MODEL PMOS PMOS (LEVEL=1 VTO=1 KP=1.0e-4 LAMBDA=0.02)

.OP
.PRINT OP V(1) V(10) V(2) V(4) V(6) V(7) V(VDD)
.END","In the given SPICE netlist, what is the DC voltage at node 7?
A. -981.8 mV
B. -8.188 V
C. 0 V
D. -655.1 mV",B,"*SPICE Netlist for circuit 726
C1 0 4 1nF
C2 2 VDD 1nF
C3 10 4 1nF
M5 10 7 2 2 PMOS W=1u L=1u
I1 7 0 DC 1mA
M1 4 1 0 0 NMOS W=1u L=1u
M4 4 2 VDD VDD PMOS W=1u L=1u
M3 7 7 6 6 PMOS W=1u L=1u
M2 6 6 VDD VDD PMOS W=1u L=1u
.MODEL NMOS NMOS (LEVEL=1 VTO=1 KP=1.0e-4 LAMBDA=0.02)
.MODEL PMOS PMOS (LEVEL=1 VTO=1 KP=1.0e-4 LAMBDA=0.02)

.OP
.PRINT OP V(1) V(10) V(2) V(4) V(6) V(7) V(VDD)
.END"
729,"*SPICE Netlist for circuit 729
C1 2 1 1nF
I1 6 0 DC 1mA
M1 1 4 6 6 NMOS W=1u L=1u
I2 5 0 DC 1mA
M2 2 1 VDD VDD PMOS W=1u L=1u
.MODEL NMOS NMOS (LEVEL=1 VTO=1 KP=1.0e-4 LAMBDA=0.02)
.MODEL PMOS PMOS (LEVEL=1 VTO=1 KP=1.0e-4 LAMBDA=0.02)

.OP
.PRINT OP V(1) V(2) V(4) V(5) V(6) V(VDD)
.END","In the given SPICE netlist, what is the DC voltage at node 5?
A. -1 mV
B. 0 V
C. -2 mV
D. -500 µV",A,"*SPICE Netlist for circuit 729
C1 2 1 1nF
I1 6 0 DC 1mA
M1 1 4 6 6 NMOS W=1u L=1u
I2 5 0 DC 1mA
M2 2 1 VDD VDD PMOS W=1u L=1u
.MODEL NMOS NMOS (LEVEL=1 VTO=1 KP=1.0e-4 LAMBDA=0.02)
.MODEL PMOS PMOS (LEVEL=1 VTO=1 KP=1.0e-4 LAMBDA=0.02)

.OP
.PRINT OP V(1) V(2) V(4) V(5) V(6) V(VDD)
.END"
208,"M1 NMOS X N1 N2 N2 NA
M2 NMOS Y N3 N4 N4 NA
RD1 R VDD X NA
RD2 R VDD Y NA
RS1 R N2 N5 NA
RS2 R N4 N5 NA
V1 V N1 0 NA
V2 V N3 0 NA
I1 I N5 0 NA","In the given SPICE netlist, the DC operating-point analysis reports unrealistic node voltages (e.g., V(1) extremely high) and zero current through source V1. What is the most likely reason for this behavior?
A. The NMOS model parameters (VTO, KP, LAMBDA) are physically impossible, causing the simulator to fail
B. The circuit suffers from convergence issues or invalid biasing, such as floating nodes or improper connections
C. The DC sources V1 and V2 must be replaced with AC sources for the operating-point analysis to work correctly
D. The resistor values are too small, causing numerical overflow in the simulator",B,"Differential Pair with Source Degeneration and Loads
M1 X N1 N2 N2 NMOS
M2 Y N3 N4 N4 NMOS
RD1 VDD X 1k
RD2 VDD Y 1k
RS1 N2 N5 1k
RS2 N4 N5 1k
V1 N1 0 DC 5
V2 N3 0 DC 5
I1 N5 0 DC 1mA
VDD VDD 0 DC 5
.model NMOS NMOS (LEVEL=1 VTO=1 KP=1.0e-4 LAMBDA=0.02)
.model PMOS PMOS (LEVEL=1 VTO=1 KP=1.0e-4 LAMBDA=0.02)
.op
.end"
732,"*SPICE Netlist for circuit 732
C1 0 2 1nF
C2 3 2 1nF
I1 VDD 3 DC 1mA
I2 VDD 2 DC 1mA
M1 2 3 0 0 NMOS W=1u L=1u
.MODEL NMOS NMOS (LEVEL=1 VTO=1 KP=1.0e-4 LAMBDA=0.02)

.OP
.PRINT OP V(2) V(3) V(VDD)
.END","In the given SPICE netlist, what is the DC voltage at node 2?
A. 2.115 V
B. 4.23 V
C. 12.11 V
D. -300 mV",A,"*SPICE Netlist for circuit 732
C1 0 2 1nF
C2 3 2 1nF
I1 VDD 3 DC 1mA
I2 VDD 2 DC 1mA
M1 2 3 0 0 NMOS W=1u L=1u
.MODEL NMOS NMOS (LEVEL=1 VTO=1 KP=1.0e-4 LAMBDA=0.02)

.OP
.PRINT OP V(2) V(3) V(VDD)
.END"
733,"*SPICE Netlist for circuit 733
C1 0 2 1nF
C2 3 2 1nF
I1 VDD 2 DC 1mA
I2 3 0 DC 1mA
M1 2 3 0 0 NMOS W=1u L=1u
.MODEL NMOS NMOS (LEVEL=1 VTO=1 KP=1.0e-4 LAMBDA=0.02)

.OP
.PRINT OP V(2) V(3) V(VDD)
.END","In the given SPICE netlist, what is the DC voltage at node 3?
A. -20 V
B. -132 mV
C. -10 V
D. 0 V",C,"*SPICE Netlist for circuit 733
C1 0 2 1nF
C2 3 2 1nF
I1 VDD 2 DC 1mA
I2 3 0 DC 1mA
M1 2 3 0 0 NMOS W=1u L=1u
.MODEL NMOS NMOS (LEVEL=1 VTO=1 KP=1.0e-4 LAMBDA=0.02)

.OP
.PRINT OP V(2) V(3) V(VDD)
.END"
734,"*SPICE Netlist for circuit 734
C1 0 1 1nF
C2 4 1 1nF
I2 4 0 DC 1mA
I1 VDD 1 DC 1mA

.OP
.PRINT OP V(1) V(4) V(VDD)
.END","In the given SPICE netlist, what is the DC voltage at node 4?
A. -10 V
B. -20 V
C. 0 V
D. -132 mV",A,"*SPICE Netlist for circuit 734
C1 0 1 1nF
C2 4 1 1nF
I2 4 0 DC 1mA
I1 VDD 1 DC 1mA

.OP
.PRINT OP V(1) V(4) V(VDD)
.END"
735,"*SPICE Netlist for circuit 735
C1 0 3 1nF
C2 5 3 1nF
I1 4 0 DC 1mA
I2 5 0 DC 1mA
M3 3 4 VDD VDD PMOS W=1u L=1u
M1 3 5 0 0 NMOS W=1u L=1u
M2 4 4 VDD VDD PMOS W=1u L=1u
.MODEL NMOS NMOS (LEVEL=1 VTO=1 KP=1.0e-4 LAMBDA=0.02)
.MODEL PMOS PMOS (LEVEL=1 VTO=1 KP=1.0e-4 LAMBDA=0.02)

.OP
.PRINT OP V(3) V(4) V(5) V(VDD)
.END","In the given SPICE netlist, what is the DC voltage at node 3?
A. -10.67 V
B. -4.758 V
C. -1.319 V
D. -673 mV",D,"*SPICE Netlist for circuit 735
C1 0 3 1nF
C2 5 3 1nF
I1 4 0 DC 1mA
I2 5 0 DC 1mA
M3 3 4 VDD VDD PMOS W=1u L=1u
M1 3 5 0 0 NMOS W=1u L=1u
M2 4 4 VDD VDD PMOS W=1u L=1u
.MODEL NMOS NMOS (LEVEL=1 VTO=1 KP=1.0e-4 LAMBDA=0.02)
.MODEL PMOS PMOS (LEVEL=1 VTO=1 KP=1.0e-4 LAMBDA=0.02)

.OP
.PRINT OP V(3) V(4) V(5) V(VDD)
.END"
735,"*SPICE Netlist for circuit 735
C1 0 3 1nF
C2 5 3 1nF
I1 4 0 DC 1mA
I2 5 0 DC 1mA
M3 3 4 VDD VDD PMOS W=1u L=1u
M1 3 5 0 0 NMOS W=1u L=1u
M2 4 4 VDD VDD PMOS W=1u L=1u
.MODEL NMOS NMOS (LEVEL=1 VTO=1 KP=1.0e-4 LAMBDA=0.02)
.MODEL PMOS PMOS (LEVEL=1 VTO=1 KP=1.0e-4 LAMBDA=0.02)

.OP
.PRINT OP V(3) V(4) V(5) V(VDD)
.END","In the given SPICE netlist, what is the DC voltage at node 4?
A. -10.67 V
B. -673 mV
C. -4.758 V
D. -1.319 V",C,"*SPICE Netlist for circuit 735
C1 0 3 1nF
C2 5 3 1nF
I1 4 0 DC 1mA
I2 5 0 DC 1mA
M3 3 4 VDD VDD PMOS W=1u L=1u
M1 3 5 0 0 NMOS W=1u L=1u
M2 4 4 VDD VDD PMOS W=1u L=1u
.MODEL NMOS NMOS (LEVEL=1 VTO=1 KP=1.0e-4 LAMBDA=0.02)
.MODEL PMOS PMOS (LEVEL=1 VTO=1 KP=1.0e-4 LAMBDA=0.02)

.OP
.PRINT OP V(3) V(4) V(5) V(VDD)
.END"
735,"*SPICE Netlist for circuit 735
C1 0 3 1nF
C2 5 3 1nF
I1 4 0 DC 1mA
I2 5 0 DC 1mA
M3 3 4 VDD VDD PMOS W=1u L=1u
M1 3 5 0 0 NMOS W=1u L=1u
M2 4 4 VDD VDD PMOS W=1u L=1u
.MODEL NMOS NMOS (LEVEL=1 VTO=1 KP=1.0e-4 LAMBDA=0.02)
.MODEL PMOS PMOS (LEVEL=1 VTO=1 KP=1.0e-4 LAMBDA=0.02)

.OP
.PRINT OP V(3) V(4) V(5) V(VDD)
.END","In the given SPICE netlist, what is the DC voltage at node 5?
A. -1.319 V
B. -10.67 V
C. -4.758 V
D. -673 mV",B,"*SPICE Netlist for circuit 735
C1 0 3 1nF
C2 5 3 1nF
I1 4 0 DC 1mA
I2 5 0 DC 1mA
M3 3 4 VDD VDD PMOS W=1u L=1u
M1 3 5 0 0 NMOS W=1u L=1u
M2 4 4 VDD VDD PMOS W=1u L=1u
.MODEL NMOS NMOS (LEVEL=1 VTO=1 KP=1.0e-4 LAMBDA=0.02)
.MODEL PMOS PMOS (LEVEL=1 VTO=1 KP=1.0e-4 LAMBDA=0.02)

.OP
.PRINT OP V(3) V(4) V(5) V(VDD)
.END"
737,"*SPICE Netlist for circuit 737
C1 2 1nF
I1 VDD 4 DC 1mA
I2 VDD 2 DC 1mA
I3 3 0 DC 1mA
M1 6 3 0 0 NMOS W=1u L=1u
M3 3 1 4 4 PMOS W=1u L=1u
M2 3 7 VDD VDD PMOS W=1u L=1u
.MODEL NMOS NMOS (LEVEL=1 VTO=1 KP=1.0e-4 LAMBDA=0.02)
.MODEL PMOS PMOS (LEVEL=1 VTO=1 KP=1.0e-4 LAMBDA=0.02)

.OP
.PRINT OP V(1) V(1nF) V(2) V(3) V(4) V(6) V(7) V(VDD)
.END","In the given SPICE netlist, what is the DC voltage at node 2?
A. 1 mV
B. 0 V
C. 2 mV
D. 500 µV",A,"*SPICE Netlist for circuit 737
C1 2 1nF
I1 VDD 4 DC 1mA
I2 VDD 2 DC 1mA
I3 3 0 DC 1mA
M1 6 3 0 0 NMOS W=1u L=1u
M3 3 1 4 4 PMOS W=1u L=1u
M2 3 7 VDD VDD PMOS W=1u L=1u
.MODEL NMOS NMOS (LEVEL=1 VTO=1 KP=1.0e-4 LAMBDA=0.02)
.MODEL PMOS PMOS (LEVEL=1 VTO=1 KP=1.0e-4 LAMBDA=0.02)

.OP
.PRINT OP V(1) V(1nF) V(2) V(3) V(4) V(6) V(7) V(VDD)
.END"
739,"*SPICE Netlist for circuit 739
C1 0 1 1nF
C2 4 1 1nF
I1 0 4 DC 1mA
R2 0 1 1k
R1 3 0 1k
M2 1 3 0 0 PMOS W=1u L=1u
M1 3 0 4 4 NMOS W=1u L=1u
.MODEL NMOS NMOS (LEVEL=1 VTO=1 KP=1.0e-4 LAMBDA=0.02)
.MODEL PMOS PMOS (LEVEL=1 VTO=1 KP=1.0e-4 LAMBDA=0.02)

.OP
.PRINT OP V(1) V(3) V(4)
.END","In the given SPICE netlist, what is the DC voltage at node 3?
A. 1 V
B. 1.655 V
C. 0 V
D. 2 V",A,"*SPICE Netlist for circuit 739
C1 0 1 1nF
C2 4 1 1nF
I1 0 4 DC 1mA
R2 0 1 1k
R1 3 0 1k
M2 1 3 0 0 PMOS W=1u L=1u
M1 3 0 4 4 NMOS W=1u L=1u
.MODEL NMOS NMOS (LEVEL=1 VTO=1 KP=1.0e-4 LAMBDA=0.02)
.MODEL PMOS PMOS (LEVEL=1 VTO=1 KP=1.0e-4 LAMBDA=0.02)

.OP
.PRINT OP V(1) V(3) V(4)
.END"
739,"*SPICE Netlist for circuit 739
C1 0 1 1nF
C2 4 1 1nF
I1 0 4 DC 1mA
R2 0 1 1k
R1 3 0 1k
M2 1 3 0 0 PMOS W=1u L=1u
M1 3 0 4 4 NMOS W=1u L=1u
.MODEL NMOS NMOS (LEVEL=1 VTO=1 KP=1.0e-4 LAMBDA=0.02)
.MODEL PMOS PMOS (LEVEL=1 VTO=1 KP=1.0e-4 LAMBDA=0.02)

.OP
.PRINT OP V(1) V(3) V(4)
.END","In the given SPICE netlist, what is the DC voltage at node 4?
A. 1 V
B. 1.655 V
C. 0 V
D. 3.311 V",B,"*SPICE Netlist for circuit 739
C1 0 1 1nF
C2 4 1 1nF
I1 0 4 DC 1mA
R2 0 1 1k
R1 3 0 1k
M2 1 3 0 0 PMOS W=1u L=1u
M1 3 0 4 4 NMOS W=1u L=1u
.MODEL NMOS NMOS (LEVEL=1 VTO=1 KP=1.0e-4 LAMBDA=0.02)
.MODEL PMOS PMOS (LEVEL=1 VTO=1 KP=1.0e-4 LAMBDA=0.02)

.OP
.PRINT OP V(1) V(3) V(4)
.END"
800,"M0 NMOS N1 Vin 0 0 NA
RD R VDD N1 NA
I1 I N1 0 NA","In the given SPICE netlist for circuit 800, what are the DC operating point voltages at nodes 1 and 3?
A. V(1) = 0.00 V, V(3) = 5.00 V
B. V(1) = 2.50 V, V(3) = 2.50 V
C. V(1) = 5.00 V, V(3) = 0.00 V
D. V(1) = 1.00 V, V(3) = 1.00 V",C,"MOSFET circuit

* Devices from schema
M0 N1 Vin 0 0 NMOS
RD R VDD N1 1k
I1 I N1 0 DC 1mA

* Default supply (rule 5)
VDD_S VDD 0 DC 5

* Models
.model NMOS NMOS (LEVEL=1 VTO=1 KP=1.0e-4 LAMBDA=0.02)
.model PMOS PMOS (LEVEL=1 VTO=1 KP=1.0e-4 LAMBDA=0.02)

.op
.end"
741,"*SPICE Netlist for circuit 741
C1 0 2 1nF
C2 0 4 1nF
I1 3 0 DC 1mA
I2 4 0 DC 1mA
M4 2 1 VDD VDD PMOS W=1u L=1u
M2 VDD 2 4 4 NMOS W=1u L=1u
M3 VDD 8 3 3 NMOS W=1u L=1u
M1 2 9 3 3 NMOS W=1u L=1u
.MODEL NMOS NMOS (LEVEL=1 VTO=1 KP=1.0e-4 LAMBDA=0.02)
.MODEL PMOS PMOS (LEVEL=1 VTO=1 KP=1.0e-4 LAMBDA=0.02)

.OP
.PRINT OP V(1) V(2) V(3) V(4) V(8) V(9) V(VDD)
.END","In the given SPICE netlist, what is the DC voltage at node 4?
A. 0 V
B. -10.07 V
C. -20.15 V
D. -10.76 V",B,"*SPICE Netlist for circuit 741
C1 0 2 1nF
C2 0 4 1nF
I1 3 0 DC 1mA
I2 4 0 DC 1mA
M4 2 1 VDD VDD PMOS W=1u L=1u
M2 VDD 2 4 4 NMOS W=1u L=1u
M3 VDD 8 3 3 NMOS W=1u L=1u
M1 2 9 3 3 NMOS W=1u L=1u
.MODEL NMOS NMOS (LEVEL=1 VTO=1 KP=1.0e-4 LAMBDA=0.02)
.MODEL PMOS PMOS (LEVEL=1 VTO=1 KP=1.0e-4 LAMBDA=0.02)

.OP
.PRINT OP V(1) V(2) V(3) V(4) V(8) V(9) V(VDD)
.END"
741,"*SPICE Netlist for circuit 741
C1 0 2 1nF
C2 0 4 1nF
I1 3 0 DC 1mA
I2 4 0 DC 1mA
M4 2 1 VDD VDD PMOS W=1u L=1u
M2 VDD 2 4 4 NMOS W=1u L=1u
M3 VDD 8 3 3 NMOS W=1u L=1u
M1 2 9 3 3 NMOS W=1u L=1u
.MODEL NMOS NMOS (LEVEL=1 VTO=1 KP=1.0e-4 LAMBDA=0.02)
.MODEL PMOS PMOS (LEVEL=1 VTO=1 KP=1.0e-4 LAMBDA=0.02)

.OP
.PRINT OP V(1) V(2) V(3) V(4) V(8) V(9) V(VDD)
.END","In the given SPICE netlist, what is the DC voltage at node 3?
A. -21.52 V
B. -9.927 V
C. -10.76 V
D. 0 V",C,"*SPICE Netlist for circuit 741
C1 0 2 1nF
C2 0 4 1nF
I1 3 0 DC 1mA
I2 4 0 DC 1mA
M4 2 1 VDD VDD PMOS W=1u L=1u
M2 VDD 2 4 4 NMOS W=1u L=1u
M3 VDD 8 3 3 NMOS W=1u L=1u
M1 2 9 3 3 NMOS W=1u L=1u
.MODEL NMOS NMOS (LEVEL=1 VTO=1 KP=1.0e-4 LAMBDA=0.02)
.MODEL PMOS PMOS (LEVEL=1 VTO=1 KP=1.0e-4 LAMBDA=0.02)

.OP
.PRINT OP V(1) V(2) V(3) V(4) V(8) V(9) V(VDD)
.END"
741,"*SPICE Netlist for circuit 741
C1 0 2 1nF
C2 0 4 1nF
I1 3 0 DC 1mA
I2 4 0 DC 1mA
M4 2 1 VDD VDD PMOS W=1u L=1u
M2 VDD 2 4 4 NMOS W=1u L=1u
M3 VDD 8 3 3 NMOS W=1u L=1u
M1 2 9 3 3 NMOS W=1u L=1u
.MODEL NMOS NMOS (LEVEL=1 VTO=1 KP=1.0e-4 LAMBDA=0.02)
.MODEL PMOS PMOS (LEVEL=1 VTO=1 KP=1.0e-4 LAMBDA=0.02)

.OP
.PRINT OP V(1) V(2) V(3) V(4) V(8) V(9) V(VDD)
.END","In the given SPICE netlist, what is the DC voltage at node 2?
A. -10.76 V
B. -9.927 V
C. -19.85 V
D. 0 V",B,"*SPICE Netlist for circuit 741
C1 0 2 1nF
C2 0 4 1nF
I1 3 0 DC 1mA
I2 4 0 DC 1mA
M4 2 1 VDD VDD PMOS W=1u L=1u
M2 VDD 2 4 4 NMOS W=1u L=1u
M3 VDD 8 3 3 NMOS W=1u L=1u
M1 2 9 3 3 NMOS W=1u L=1u
.MODEL NMOS NMOS (LEVEL=1 VTO=1 KP=1.0e-4 LAMBDA=0.02)
.MODEL PMOS PMOS (LEVEL=1 VTO=1 KP=1.0e-4 LAMBDA=0.02)

.OP
.PRINT OP V(1) V(2) V(3) V(4) V(8) V(9) V(VDD)
.END"
752,"*SPICE Netlist for circuit 752
I1 VDD 5 DC 1mA
M2 5 2 1 1 NMOS W=1u L=1u
I2 VDD 6 DC 1mA
M1 6 3 1 1 NMOS W=1u L=1u
I3 1 0 DC 1mA
.MODEL NMOS NMOS (LEVEL=1 VTO=1 KP=1.0e-4 LAMBDA=0.02)

.OP
.PRINT OP V(1) V(2) V(3) V(5) V(6) V(VDD)
.END","In the given SPICE netlist, what is the DC voltage at node 1?
A. -2 mV
B. 10 mV
C. 5 mV
D. 0 V",C,"*SPICE Netlist for circuit 752
I1 VDD 5 DC 1mA
M2 5 2 1 1 NMOS W=1u L=1u
I2 VDD 6 DC 1mA
M1 6 3 1 1 NMOS W=1u L=1u
I3 1 0 DC 1mA
.MODEL NMOS NMOS (LEVEL=1 VTO=1 KP=1.0e-4 LAMBDA=0.02)

.OP
.PRINT OP V(1) V(2) V(3) V(5) V(6) V(VDD)
.END"
764,"*SPICE Netlist for circuit 764
V1 VDD 0 5V
R4 0 3 1k
R5 0 6 1k
M2 3 1 2 2 NMOS W=1u L=1u
R1 1 VDD 1k
R2 2 3 1k
R3 6 1 1k
M1 1 3 6 6 NMOS W=1u L=1u
.MODEL NMOS NMOS (LEVEL=1 VTO=1 KP=1.0e-4 LAMBDA=0.02)

.OP
.PRINT OP V(1) V(2) V(3) V(6) V(VDD) I(V1)
.END","In the given SPICE netlist, what is the DC voltage at node 6?
A. 5 V
B. 0 V
C. 3.333 V
D. 1.667 V",D,"*SPICE Netlist for circuit 764
V1 VDD 0 5V
R4 0 3 1k
R5 0 6 1k
M2 3 1 2 2 NMOS W=1u L=1u
R1 1 VDD 1k
R2 2 3 1k
R3 6 1 1k
M1 1 3 6 6 NMOS W=1u L=1u
.MODEL NMOS NMOS (LEVEL=1 VTO=1 KP=1.0e-4 LAMBDA=0.02)

.OP
.PRINT OP V(1) V(2) V(3) V(6) V(VDD) I(V1)
.END"
764,"*SPICE Netlist for circuit 764
V1 VDD 0 5V
R4 0 3 1k
R5 0 6 1k
M2 3 1 2 2 NMOS W=1u L=1u
R1 1 VDD 1k
R2 2 3 1k
R3 6 1 1k
M1 1 3 6 6 NMOS W=1u L=1u
.MODEL NMOS NMOS (LEVEL=1 VTO=1 KP=1.0e-4 LAMBDA=0.02)

.OP
.PRINT OP V(1) V(2) V(3) V(6) V(VDD) I(V1)
.END","In the given SPICE netlist, what is the DC voltage at node 1?
A. 5 V
B. 1.667 V
C. 0 V
D. 3.333 V",D,"*SPICE Netlist for circuit 764
V1 VDD 0 5V
R4 0 3 1k
R5 0 6 1k
M2 3 1 2 2 NMOS W=1u L=1u
R1 1 VDD 1k
R2 2 3 1k
R3 6 1 1k
M1 1 3 6 6 NMOS W=1u L=1u
.MODEL NMOS NMOS (LEVEL=1 VTO=1 KP=1.0e-4 LAMBDA=0.02)

.OP
.PRINT OP V(1) V(2) V(3) V(6) V(VDD) I(V1)
.END"
764,"*SPICE Netlist for circuit 764
V1 VDD 0 5V
R4 0 3 1k
R5 0 6 1k
M2 3 1 2 2 NMOS W=1u L=1u
R1 1 VDD 1k
R2 2 3 1k
R3 6 1 1k
M1 1 3 6 6 NMOS W=1u L=1u
.MODEL NMOS NMOS (LEVEL=1 VTO=1 KP=1.0e-4 LAMBDA=0.02)

.OP
.PRINT OP V(1) V(2) V(3) V(6) V(VDD) I(V1)
.END","In the given SPICE netlist, what is the DC current through V1?
A. 3.333 A
B. 1.667 A
C. -1.667 mA
D. 0 A",C,"*SPICE Netlist for circuit 764
V1 VDD 0 5V
R4 0 3 1k
R5 0 6 1k
M2 3 1 2 2 NMOS W=1u L=1u
R1 1 VDD 1k
R2 2 3 1k
R3 6 1 1k
M1 1 3 6 6 NMOS W=1u L=1u
.MODEL NMOS NMOS (LEVEL=1 VTO=1 KP=1.0e-4 LAMBDA=0.02)

.OP
.PRINT OP V(1) V(2) V(3) V(6) V(VDD) I(V1)
.END"
788,"*SPICE Netlist for circuit 788
I1 1 0 DC 1mA
V1 4 0 5V
R2 4 1 1k
R1 0 1 1k

.OP
.PRINT OP V(1) V(4) I(V1)
.END","In the given SPICE netlist, what is the DC voltage at node 1?
A. 4 V
B. -3 mV
C. 5 V
D. 2 V",D,"*SPICE Netlist for circuit 788
I1 1 0 DC 1mA
V1 4 0 5V
R2 4 1 1k
R1 0 1 1k

.OP
.PRINT OP V(1) V(4) I(V1)
.END"
788,"*SPICE Netlist for circuit 788
I1 1 0 DC 1mA
V1 4 0 5V
R2 4 1 1k
R1 0 1 1k

.OP
.PRINT OP V(1) V(4) I(V1)
.END","In the given SPICE netlist, what is the DC current through V1?
A. 5 A
B. -6 mA
C. 2 A
D. -3 mA",D,"*SPICE Netlist for circuit 788
I1 1 0 DC 1mA
V1 4 0 5V
R2 4 1 1k
R1 0 1 1k

.OP
.PRINT OP V(1) V(4) I(V1)
.END"
790,"*SPICE Netlist for circuit 790
C1 0 3 1nF
C2 0 2 1nF
C3 3 4 1nF
C4 3 1nF
I1 4 0 DC 1mA
V1 6 0 5V
R1 0 2 1k

.OP
.PRINT OP V(1nF) V(2) V(3) V(4) V(6) I(V1)
.END","In the given SPICE netlist, what is the DC voltage at node 3?
A. 5 V
B. -20 V
C. -10 V
D. 0 V",C,"*SPICE Netlist for circuit 790
C1 0 3 1nF
C2 0 2 1nF
C3 3 4 1nF
C4 3 1nF
I1 4 0 DC 1mA
V1 6 0 5V
R1 0 2 1k

.OP
.PRINT OP V(1nF) V(2) V(3) V(4) V(6) I(V1)
.END"
790,"*SPICE Netlist for circuit 790
C1 0 3 1nF
C2 0 2 1nF
C3 3 4 1nF
C4 3 1nF
I1 4 0 DC 1mA
V1 6 0 5V
R1 0 2 1k

.OP
.PRINT OP V(1nF) V(2) V(3) V(4) V(6) I(V1)
.END","In the given SPICE netlist, what is the DC voltage at node 4?
A. 0 V
B. 5 V
C. -20 V
D. -10 V",C,"*SPICE Netlist for circuit 790
C1 0 3 1nF
C2 0 2 1nF
C3 3 4 1nF
C4 3 1nF
I1 4 0 DC 1mA
V1 6 0 5V
R1 0 2 1k

.OP
.PRINT OP V(1nF) V(2) V(3) V(4) V(6) I(V1)
.END"
367,"*SPICE Netlist for circuit 367
C1 0 2 1nF
C2 3 2 1nF
M1 2 3 0 0 NMOS W=1u L=1u
V1 3 0 5V
R1 2 VDD 1k
.MODEL NMOS NMOS (LEVEL=1 VTO=1 KP=1.0e-4 LAMBDA=0.02)

.OP
.PRINT OP V(2) V(3) V(VDD) I(V1)
.END","In the given SPICE netlist, what is the DC voltage at node 2?
A. 5 V
B. 2.5 V
C. -5 V
D. 0 V",D,"*SPICE Netlist for circuit 367
C1 0 2 1nF
C2 3 2 1nF
M1 2 3 0 0 NMOS W=1u L=1u
V1 3 0 5V
R1 2 VDD 1k
.MODEL NMOS NMOS (LEVEL=1 VTO=1 KP=1.0e-4 LAMBDA=0.02)

.OP
.PRINT OP V(2) V(3) V(VDD) I(V1)
.END"
263,"*SPICE Netlist for circuit 263
I1 VDD 2 DC 1mA
M2 3 2 0 0 NMOS W=1u L=1u
M1 2 1 3 3 NMOS W=1u L=1u
.MODEL NMOS NMOS (LEVEL=1 VTO=1 KP=1.0e-4 LAMBDA=0.02)

.OP
.PRINT OP V(1) V(2) V(3) V(VDD)
.END","In the given SPICE netlist, what is the DC voltage at node 1?
A. 0 V
B. -5 V
C. 2.5 V
D. 5 V",A,"*SPICE Netlist for circuit 263
I1 VDD 2 DC 1mA
M2 3 2 0 0 NMOS W=1u L=1u
M1 2 1 3 3 NMOS W=1u L=1u
.MODEL NMOS NMOS (LEVEL=1 VTO=1 KP=1.0e-4 LAMBDA=0.02)

.OP
.PRINT OP V(1) V(2) V(3) V(VDD)
.END"
169,"*SPICE Netlist for circuit 169
R1 1 3 1k
M1 1 2 3 3 NMOS W=1u L=1u
R2 1 VDD 1k
.MODEL NMOS NMOS (LEVEL=1 VTO=1 KP=1.0e-4 LAMBDA=0.02)

.OP
.PRINT OP V(1) V(2) V(3) V(VDD)
.END","In the given SPICE netlist, what is the DC voltage at node 3?
A. -5 V
B. 2.5 V
C. 5 V
D. 0 V",D,"*SPICE Netlist for circuit 169
R1 1 3 1k
M1 1 2 3 3 NMOS W=1u L=1u
R2 1 VDD 1k
.MODEL NMOS NMOS (LEVEL=1 VTO=1 KP=1.0e-4 LAMBDA=0.02)

.OP
.PRINT OP V(1) V(2) V(3) V(VDD)
.END"
16,"*SPICE Netlist for circuit 16
M1 1 2 0 0 NMOS W=1u L=1u
V1 2 0 5V
.MODEL NMOS NMOS (LEVEL=1 VTO=1 KP=1.0e-4 LAMBDA=0.02)

.OP
.PRINT OP V(1) V(2) I(V1)
.END","In the given SPICE netlist, what is the DC voltage at node 1?
A. 0 V
B. 2.5 V
C. -5 V
D. 5 V",A,"*SPICE Netlist for circuit 16
M1 1 2 0 0 NMOS W=1u L=1u
V1 2 0 5V
.MODEL NMOS NMOS (LEVEL=1 VTO=1 KP=1.0e-4 LAMBDA=0.02)

.OP
.PRINT OP V(1) V(2) I(V1)
.END"
520,"*SPICE Netlist for circuit 520
M1 1 2 0 0 NMOS W=1u L=1u
R1 0 2 1k
M2 2 1 VDD VDD PMOS W=1u L=1u
R2 1 VDD 1k
.MODEL NMOS NMOS (LEVEL=1 VTO=1 KP=1.0e-4 LAMBDA=0.02)
.MODEL PMOS PMOS (LEVEL=1 VTO=1 KP=1.0e-4 LAMBDA=0.02)

.OP
.PRINT OP V(1) V(2) V(VDD)
.END","In the given SPICE netlist, what is the DC voltage at node 2?
A. 0 V
B. -5 V
C. 2.5 V
D. 5 V",A,"*SPICE Netlist for circuit 520
M1 1 2 0 0 NMOS W=1u L=1u
R1 0 2 1k
M2 2 1 VDD VDD PMOS W=1u L=1u
R2 1 VDD 1k
.MODEL NMOS NMOS (LEVEL=1 VTO=1 KP=1.0e-4 LAMBDA=0.02)
.MODEL PMOS PMOS (LEVEL=1 VTO=1 KP=1.0e-4 LAMBDA=0.02)

.OP
.PRINT OP V(1) V(2) V(VDD)
.END"
613,"*SPICE Netlist for circuit 613
C1 4 2 1nF
C2 2 1 1nF
M1 1 2 0 0 NMOS W=1u L=1u
M2 1 2 VDD VDD PMOS W=1u L=1u
.MODEL NMOS NMOS (LEVEL=1 VTO=1 KP=1.0e-4 LAMBDA=0.02)
.MODEL PMOS PMOS (LEVEL=1 VTO=1 KP=1.0e-4 LAMBDA=0.02)

.OP
.PRINT OP V(1) V(2) V(4) V(VDD)
.END","In the given SPICE netlist, what is the DC voltage at node 1?
A. 0 V
B. 2.5 V
C. 5 V
D. -5 V",A,"*SPICE Netlist for circuit 613
C1 4 2 1nF
C2 2 1 1nF
M1 1 2 0 0 NMOS W=1u L=1u
M2 1 2 VDD VDD PMOS W=1u L=1u
.MODEL NMOS NMOS (LEVEL=1 VTO=1 KP=1.0e-4 LAMBDA=0.02)
.MODEL PMOS PMOS (LEVEL=1 VTO=1 KP=1.0e-4 LAMBDA=0.02)

.OP
.PRINT OP V(1) V(2) V(4) V(VDD)
.END"
201,"*SPICE Netlist for circuit 201
I1 1 0 DC 1mA
M2 2 7 1 1 NMOS W=1u L=1u
M1 3 5 1 1 NMOS W=1u L=1u
R1 2 VDD 1k
R2 3 VDD 1k
.MODEL NMOS NMOS (LEVEL=1 VTO=1 KP=1.0e-4 LAMBDA=0.02)

.OP
.PRINT OP V(1) V(2) V(3) V(5) V(7) V(VDD)
.END","In the given SPICE netlist, what is the DC voltage at node 5?
A. -5 V
B. 0 V
C. 2.5 V
D. 5 V",B,"*SPICE Netlist for circuit 201
I1 1 0 DC 1mA
M2 2 7 1 1 NMOS W=1u L=1u
M1 3 5 1 1 NMOS W=1u L=1u
R1 2 VDD 1k
R2 3 VDD 1k
.MODEL NMOS NMOS (LEVEL=1 VTO=1 KP=1.0e-4 LAMBDA=0.02)

.OP
.PRINT OP V(1) V(2) V(3) V(5) V(7) V(VDD)
.END"
597,"*SPICE Netlist for circuit 597
M1 1 5 0 0 NMOS W=1u L=1u
M2 2 0 3 3 NMOS W=1u L=1u
V1 5 0 5V
R1 0 3 1k
R4 3 1 1k
R2 1 VDD 1k
R3 2 VDD 1k
.MODEL NMOS NMOS (LEVEL=1 VTO=1 KP=1.0e-4 LAMBDA=0.02)

.OP
.PRINT OP V(1) V(2) V(3) V(5) V(VDD) I(V1)
.END","In the given SPICE netlist, what is the DC voltage at node 3?
A. 5 V
B. 2.5 V
C. 0 V
D. -5 V",C,"*SPICE Netlist for circuit 597
M1 1 5 0 0 NMOS W=1u L=1u
M2 2 0 3 3 NMOS W=1u L=1u
V1 5 0 5V
R1 0 3 1k
R4 3 1 1k
R2 1 VDD 1k
R3 2 VDD 1k
.MODEL NMOS NMOS (LEVEL=1 VTO=1 KP=1.0e-4 LAMBDA=0.02)

.OP
.PRINT OP V(1) V(2) V(3) V(5) V(VDD) I(V1)
.END"
426,"*SPICE Netlist for circuit 426
C1 5 VDD 1nF
C2 4 VDD 1nF
I1 1 0 DC 1mA
M2 2 8 1 1 NMOS W=1u L=1u
M1 3 9 1 1 NMOS W=1u L=1u
R2 5 2 1k
M4 2 5 VDD VDD PMOS W=1u L=1u
R1 3 4 1k
M3 3 4 VDD VDD NMOS W=1u L=1u
.MODEL NMOS NMOS (LEVEL=1 VTO=1 KP=1.0e-4 LAMBDA=0.02)
.MODEL PMOS PMOS (LEVEL=1 VTO=1 KP=1.0e-4 LAMBDA=0.02)

.OP
.PRINT OP V(1) V(2) V(3) V(4) V(5) V(8) V(9) V(VDD)
.END","In the given SPICE netlist, what is the DC voltage at node 9?
A. 0 V
B. 2.5 V
C. 5 V
D. -5 V",A,"*SPICE Netlist for circuit 426
C1 5 VDD 1nF
C2 4 VDD 1nF
I1 1 0 DC 1mA
M2 2 8 1 1 NMOS W=1u L=1u
M1 3 9 1 1 NMOS W=1u L=1u
R2 5 2 1k
M4 2 5 VDD VDD PMOS W=1u L=1u
R1 3 4 1k
M3 3 4 VDD VDD NMOS W=1u L=1u
.MODEL NMOS NMOS (LEVEL=1 VTO=1 KP=1.0e-4 LAMBDA=0.02)
.MODEL PMOS PMOS (LEVEL=1 VTO=1 KP=1.0e-4 LAMBDA=0.02)

.OP
.PRINT OP V(1) V(2) V(3) V(4) V(5) V(8) V(9) V(VDD)
.END"
404,"V1 V1 0 NA
RG R N1 N2 NA
CGS C N2 N3 NA
CGD C N2 N4 NA
RS R N3 0 NA
I1 I N4 N3 NA
CL C N4 0 NA
RD R N5 0 NA","For the given SPICE netlist, what is the DC current through the voltage source V1?
A. 0.00 A
B. 0.50 mA
C. 1.00 mA
D. 5.00 mA",A,"MOSFET small-signal amplifier equivalent

V1 V1 0 DC 5
RG R N1 N2 1k
CGS C N2 N3 1n
CGD C N2 N4 1n
RS R N3 0 1k
I1 I N4 N3 DC 1m
CL C N4 0 1n
RD R N5 0 1k

VDD VDD 0 DC 5

.op
.end"
800,"*SPICE Netlist for circuit 800
M1 1 3 0 0 NMOS W=1u L=1u
R1 1 VDD 1k
.MODEL NMOS NMOS (LEVEL=1 VTO=1 KP=1.0e-4 LAMBDA=0.02)

.OP
.PRINT OP V(1) V(3) V(VDD)
.END","In the given SPICE netlist, what is the DC voltage at node 3?
A. 2.5 V
B. -5 V
C. 5 V
D. 0 V",D,"*SPICE Netlist for circuit 800
M1 1 3 0 0 NMOS W=1u L=1u
R1 1 VDD 1k
.MODEL NMOS NMOS (LEVEL=1 VTO=1 KP=1.0e-4 LAMBDA=0.02)

.OP
.PRINT OP V(1) V(3) V(VDD)
.END"
768,"*SPICE Netlist for circuit 768
M2 2 4 0 0 NMOS W=1u L=1u
M1 4 3 0 0 NMOS W=1u L=1u
M3 3 2 VDD VDD PMOS W=1u L=1u
M4 2 2 VDD VDD PMOS W=1u L=1u
R1 4 3 1k
.MODEL NMOS NMOS (LEVEL=1 VTO=1 KP=1.0e-4 LAMBDA=0.02)
.MODEL PMOS PMOS (LEVEL=1 VTO=1 KP=1.0e-4 LAMBDA=0.02)

.OP
.PRINT OP V(2) V(3) V(4) V(VDD)
.END","In the given SPICE netlist, what is the DC voltage at node 4?
A. -5 V
B. 0 V
C. 2.5 V
D. 5 V",B,"*SPICE Netlist for circuit 768
M2 2 4 0 0 NMOS W=1u L=1u
M1 4 3 0 0 NMOS W=1u L=1u
M3 3 2 VDD VDD PMOS W=1u L=1u
M4 2 2 VDD VDD PMOS W=1u L=1u
R1 4 3 1k
.MODEL NMOS NMOS (LEVEL=1 VTO=1 KP=1.0e-4 LAMBDA=0.02)
.MODEL PMOS PMOS (LEVEL=1 VTO=1 KP=1.0e-4 LAMBDA=0.02)

.OP
.PRINT OP V(2) V(3) V(4) V(VDD)
.END"
70,"*SPICE Netlist for circuit 70
M1 2 1 0 0 NMOS W=1u L=1u
R1 2 VDD 1k
.MODEL NMOS NMOS (LEVEL=1 VTO=1 KP=1.0e-4 LAMBDA=0.02)

.OP
.PRINT OP V(1) V(2) V(VDD)
.END","In the given SPICE netlist, what is the DC voltage at node 2?
A. 5 V
B. 2.5 V
C. -5 V
D. 0 V",D,"*SPICE Netlist for circuit 70
M1 2 1 0 0 NMOS W=1u L=1u
R1 2 VDD 1k
.MODEL NMOS NMOS (LEVEL=1 VTO=1 KP=1.0e-4 LAMBDA=0.02)

.OP
.PRINT OP V(1) V(2) V(VDD)
.END"
269,"*SPICE Netlist for circuit 269
I1 3 0 DC 1mA
I2 2 0 DC 1mA
M3 3 3 VDD VDD NMOS W=1u L=1u
M4 4 3 VDD VDD PMOS W=1u L=1u
M2 VDD 6 2 2 NMOS W=1u L=1u
M1 4 7 2 2 NMOS W=1u L=1u
.MODEL NMOS NMOS (LEVEL=1 VTO=1 KP=1.0e-4 LAMBDA=0.02)
.MODEL PMOS PMOS (LEVEL=1 VTO=1 KP=1.0e-4 LAMBDA=0.02)

.OP
.PRINT OP V(2) V(3) V(4) V(6) V(7) V(VDD)
.END","In the given SPICE netlist, what is the DC voltage at node 6?
A. -5 V
B. 2.5 V
C. 0 V
D. 5 V",C,"*SPICE Netlist for circuit 269
I1 3 0 DC 1mA
I2 2 0 DC 1mA
M3 3 3 VDD VDD NMOS W=1u L=1u
M4 4 3 VDD VDD PMOS W=1u L=1u
M2 VDD 6 2 2 NMOS W=1u L=1u
M1 4 7 2 2 NMOS W=1u L=1u
.MODEL NMOS NMOS (LEVEL=1 VTO=1 KP=1.0e-4 LAMBDA=0.02)
.MODEL PMOS PMOS (LEVEL=1 VTO=1 KP=1.0e-4 LAMBDA=0.02)

.OP
.PRINT OP V(2) V(3) V(4) V(6) V(7) V(VDD)
.END"
220,"*SPICE Netlist for circuit 220
I1 1 0 DC 1mA
M2 2 8 1 1 NMOS W=1u L=1u
M1 3 9 1 1 NMOS W=1u L=1u
M4 2 2 VDD VDD PMOS W=1u L=1u
M3 3 3 VDD VDD PMOS W=1u L=1u
.MODEL NMOS NMOS (LEVEL=1 VTO=1 KP=1.0e-4 LAMBDA=0.02)
.MODEL PMOS PMOS (LEVEL=1 VTO=1 KP=1.0e-4 LAMBDA=0.02)

.OP
.PRINT OP V(1) V(2) V(3) V(8) V(9) V(VDD)
.END","In the given SPICE netlist, what is the DC voltage at node 9?
A. 5 V
B. -5 V
C. 0 V
D. 2.5 V",C,"*SPICE Netlist for circuit 220
I1 1 0 DC 1mA
M2 2 8 1 1 NMOS W=1u L=1u
M1 3 9 1 1 NMOS W=1u L=1u
M4 2 2 VDD VDD PMOS W=1u L=1u
M3 3 3 VDD VDD PMOS W=1u L=1u
.MODEL NMOS NMOS (LEVEL=1 VTO=1 KP=1.0e-4 LAMBDA=0.02)
.MODEL PMOS PMOS (LEVEL=1 VTO=1 KP=1.0e-4 LAMBDA=0.02)

.OP
.PRINT OP V(1) V(2) V(3) V(8) V(9) V(VDD)
.END"
213,"*SPICE Netlist for circuit 213
R3 0 1 1k
M2 2 7 1 1 NMOS W=1u L=1u
M1 3 5 1 1 NMOS W=1u L=1u
R1 2 VDD 1k
R2 3 VDD 1k
.MODEL NMOS NMOS (LEVEL=1 VTO=1 KP=1.0e-4 LAMBDA=0.02)

.OP
.PRINT OP V(1) V(2) V(3) V(5) V(7) V(VDD)
.END","In the given SPICE netlist, what is the DC voltage at node 2?
A. 5 V
B. 2.5 V
C. 0 V
D. -5 V",C,"*SPICE Netlist for circuit 213
R3 0 1 1k
M2 2 7 1 1 NMOS W=1u L=1u
M1 3 5 1 1 NMOS W=1u L=1u
R1 2 VDD 1k
R2 3 VDD 1k
.MODEL NMOS NMOS (LEVEL=1 VTO=1 KP=1.0e-4 LAMBDA=0.02)

.OP
.PRINT OP V(1) V(2) V(3) V(5) V(7) V(VDD)
.END"
3,"*SPICE Netlist for circuit 3
M1 2 1 0 0 NMOS W=1u L=1u
V1 2 0 5V
.MODEL NMOS NMOS (LEVEL=1 VTO=1 KP=1.0e-4 LAMBDA=0.02)

.OP
.PRINT OP V(1) V(2) I(V1)
.END","In the given SPICE netlist, what is the DC voltage at node 1?
A. 5 V
B. 2.5 V
C. 0 V
D. -5 V",C,"*SPICE Netlist for circuit 3
M1 2 1 0 0 NMOS W=1u L=1u
V1 2 0 5V
.MODEL NMOS NMOS (LEVEL=1 VTO=1 KP=1.0e-4 LAMBDA=0.02)

.OP
.PRINT OP V(1) V(2) I(V1)
.END"
325,"*SPICE Netlist for circuit 325
M1 1 1 0 0 NMOS W=1u L=1u
R1 0 3 1k
M2 4 1 3 3 NMOS W=1u L=1u
R2 1 VDD 1k
R3 4 VDD 1k
.MODEL NMOS NMOS (LEVEL=1 VTO=1 KP=1.0e-4 LAMBDA=0.02)

.OP
.PRINT OP V(1) V(3) V(4) V(VDD)
.END","In the given SPICE netlist, what is the DC voltage at node 3?
A. 5 V
B. 2.5 V
C. 0 V
D. -5 V",C,"*SPICE Netlist for circuit 325
M1 1 1 0 0 NMOS W=1u L=1u
R1 0 3 1k
M2 4 1 3 3 NMOS W=1u L=1u
R2 1 VDD 1k
R3 4 VDD 1k
.MODEL NMOS NMOS (LEVEL=1 VTO=1 KP=1.0e-4 LAMBDA=0.02)

.OP
.PRINT OP V(1) V(3) V(4) V(VDD)
.END"
476,"*SPICE Netlist for circuit 476
M2 5 4 0 0 NMOS W=1u L=1u
M1 2 1 5 5 NMOS W=1u L=1u
R1 2 VDD 1k
.MODEL NMOS NMOS (LEVEL=1 VTO=1 KP=1.0e-4 LAMBDA=0.02)

.OP
.PRINT OP V(1) V(2) V(4) V(5) V(VDD)
.END","In the given SPICE netlist, what is the DC voltage at node 4?
A. 0 V
B. -5 V
C. 2.5 V
D. 5 V",A,"*SPICE Netlist for circuit 476
M2 5 4 0 0 NMOS W=1u L=1u
M1 2 1 5 5 NMOS W=1u L=1u
R1 2 VDD 1k
.MODEL NMOS NMOS (LEVEL=1 VTO=1 KP=1.0e-4 LAMBDA=0.02)

.OP
.PRINT OP V(1) V(2) V(4) V(5) V(VDD)
.END"
157,"*SPICE Netlist for circuit 157
M2 6 2 0 0 NMOS W=1u L=1u
M1 3 1 6 6 NMOS W=1u L=1u
M3 3 5 VDD VDD PMOS W=1u L=1u
.MODEL NMOS NMOS (LEVEL=1 VTO=1 KP=1.0e-4 LAMBDA=0.02)
.MODEL PMOS PMOS (LEVEL=1 VTO=1 KP=1.0e-4 LAMBDA=0.02)

.OP
.PRINT OP V(1) V(2) V(3) V(5) V(6) V(VDD)
.END","In the given SPICE netlist, what is the DC voltage at node 3?
A. 2.5 V
B. -5 V
C. 5 V
D. 0 V",D,"*SPICE Netlist for circuit 157
M2 6 2 0 0 NMOS W=1u L=1u
M1 3 1 6 6 NMOS W=1u L=1u
M3 3 5 VDD VDD PMOS W=1u L=1u
.MODEL NMOS NMOS (LEVEL=1 VTO=1 KP=1.0e-4 LAMBDA=0.02)
.MODEL PMOS PMOS (LEVEL=1 VTO=1 KP=1.0e-4 LAMBDA=0.02)

.OP
.PRINT OP V(1) V(2) V(3) V(5) V(6) V(VDD)
.END"
388,"*SPICE Netlist for circuit 388
C1 0 3 1nF
C2 4 1 1nF
M1 1 4 0 0 NMOS W=1u L=1u
R1 0 3 1k
.MODEL NMOS NMOS (LEVEL=1 VTO=1 KP=1.0e-4 LAMBDA=0.02)

.OP
.PRINT OP V(1) V(3) V(4)
.END","In the given SPICE netlist, what is the DC voltage at node 1?
A. 2.5 V
B. 5 V
C. 0 V
D. -5 V",C,"*SPICE Netlist for circuit 388
C1 0 3 1nF
C2 4 1 1nF
M1 1 4 0 0 NMOS W=1u L=1u
R1 0 3 1k
.MODEL NMOS NMOS (LEVEL=1 VTO=1 KP=1.0e-4 LAMBDA=0.02)

.OP
.PRINT OP V(1) V(3) V(4)
.END"
324,"*SPICE Netlist for circuit 324
M2 3 1 0 0 NMOS W=1u L=1u
R1 0 4 1k
M1 1 1 4 4 NMOS W=1u L=1u
R2 1 VDD 1k
R3 3 VDD 1k
.MODEL NMOS NMOS (LEVEL=1 VTO=1 KP=1.0e-4 LAMBDA=0.02)

.OP
.PRINT OP V(1) V(3) V(4) V(VDD)
.END","In the given SPICE netlist, what is the DC voltage at node 4?
A. 0 V
B. 2.5 V
C. -5 V
D. 5 V",A,"*SPICE Netlist for circuit 324
M2 3 1 0 0 NMOS W=1u L=1u
R1 0 4 1k
M1 1 1 4 4 NMOS W=1u L=1u
R2 1 VDD 1k
R3 3 VDD 1k
.MODEL NMOS NMOS (LEVEL=1 VTO=1 KP=1.0e-4 LAMBDA=0.02)

.OP
.PRINT OP V(1) V(3) V(4) V(VDD)
.END"
756,"*SPICE Netlist for circuit 756
C1 0 1 1nF
C2 0 2 1nF
C3 0 2 1nF
C4 2 1 1nF
R1 0 1 1k

.OP
.PRINT OP V(1) V(2)
.END","In the given SPICE netlist, what is the DC voltage at node 2?
A. 5 V
B. 0 V
C. -5 V
D. 2.5 V",B,"*SPICE Netlist for circuit 756
C1 0 1 1nF
C2 0 2 1nF
C3 0 2 1nF
C4 2 1 1nF
R1 0 1 1k

.OP
.PRINT OP V(1) V(2)
.END"
439,"*SPICE Netlist for circuit 439
M1 1 3 0 0 NMOS W=1u L=1u
R1 1 VDD 1k
.MODEL NMOS NMOS (LEVEL=1 VTO=1 KP=1.0e-4 LAMBDA=0.02)

.OP
.PRINT OP V(1) V(3) V(VDD)
.END","In the given SPICE netlist, what is the DC voltage at node 3?
A. -5 V
B. 0 V
C. 2.5 V
D. 5 V",B,"*SPICE Netlist for circuit 439
M1 1 3 0 0 NMOS W=1u L=1u
R1 1 VDD 1k
.MODEL NMOS NMOS (LEVEL=1 VTO=1 KP=1.0e-4 LAMBDA=0.02)

.OP
.PRINT OP V(1) V(3) V(VDD)
.END"
599,"M1 NMOS N1 0 N2 N2 NA
M2 NMOS 0 N3 0 0 NA
RD1 R VDD N1 NA
RD2 R VDD N4 NA
R1 R N2 N3 NA
R2 R N2 0 NA
CGS2 C N1 0 NA
Vt V N3 0 NA","For the given SPICE netlist, what is the DC current through the voltage source V1?
A. I(V1) = 0.000000e+00 A
B. I(V1) = 1.000000e-03 A
C. I(V1) = 5.000000e-03 A
D. I(V1) = 1.000000e-06 A",A,"MOSFET circuit netlist
M1 N1 N2 N2 N2 NMOS
M2 0 N3 0 0 NMOS
RD1 VDD N1 1k
RD2 VDD N4 1k
R1 N2 N3 1k
R2 N2 0 1k
CGS2 N1 0 1n
Vt N3 0 DC 5
VDD VDD 0 DC 5
.model NMOS NMOS (LEVEL=1 VTO=1 KP=1.0e-4 LAMBDA=0.02)
.op
.end"
182,"*SPICE Netlist for circuit 182
C1 3 4 1nF
M1 4 1 3 3 NMOS W=1u L=1u
M2 3 2 0 0 NMOS W=1u L=1u
.MODEL NMOS NMOS (LEVEL=1 VTO=1 KP=1.0e-4 LAMBDA=0.02)

.OP
.PRINT OP V(1) V(2) V(3) V(4)
.END","In the given SPICE netlist, what is the DC voltage at node 1?
A. 0 V
B. 5 V
C. -5 V
D. 2.5 V",A,"*SPICE Netlist for circuit 182
C1 3 4 1nF
M1 4 1 3 3 NMOS W=1u L=1u
M2 3 2 0 0 NMOS W=1u L=1u
.MODEL NMOS NMOS (LEVEL=1 VTO=1 KP=1.0e-4 LAMBDA=0.02)

.OP
.PRINT OP V(1) V(2) V(3) V(4)
.END"
701,"*SPICE Netlist for circuit 701
C1 0 1 1nF
M1 1 6 0 0 NMOS W=1u L=1u
M2 3 3 VDD VDD PMOS W=1u L=1u
M3 1 3 VDD VDD PMOS W=1u L=1u
.MODEL NMOS NMOS (LEVEL=1 VTO=1 KP=1.0e-4 LAMBDA=0.02)
.MODEL PMOS PMOS (LEVEL=1 VTO=1 KP=1.0e-4 LAMBDA=0.02)

.OP
.PRINT OP V(1) V(3) V(6) V(VDD)
.END","In the given SPICE netlist, what is the DC voltage at node 3?
A. -5 V
B. 2.5 V
C. 0 V
D. 5 V",C,"*SPICE Netlist for circuit 701
C1 0 1 1nF
M1 1 6 0 0 NMOS W=1u L=1u
M2 3 3 VDD VDD PMOS W=1u L=1u
M3 1 3 VDD VDD PMOS W=1u L=1u
.MODEL NMOS NMOS (LEVEL=1 VTO=1 KP=1.0e-4 LAMBDA=0.02)
.MODEL PMOS PMOS (LEVEL=1 VTO=1 KP=1.0e-4 LAMBDA=0.02)

.OP
.PRINT OP V(1) V(3) V(6) V(VDD)
.END"
75,"*SPICE Netlist for circuit 75
M1 1 3 4 4 NMOS W=1u L=1u
.MODEL NMOS NMOS (LEVEL=1 VTO=1 KP=1.0e-4 LAMBDA=0.02)

.OP
.PRINT OP V(1) V(3) V(4)
.END","In the given SPICE netlist, what is the DC voltage at node 4?
A. -5 V
B. 5 V
C. 0 V
D. 2.5 V",C,"*SPICE Netlist for circuit 75
M1 1 3 4 4 NMOS W=1u L=1u
.MODEL NMOS NMOS (LEVEL=1 VTO=1 KP=1.0e-4 LAMBDA=0.02)

.OP
.PRINT OP V(1) V(3) V(4)
.END"
178,"*SPICE Netlist for circuit 178
M2 2 5 0 0 NMOS W=1u L=1u
M1 3 1 2 2 NMOS W=1u L=1u
M3 3 2 VDD VDD NMOS W=1u L=1u
.MODEL NMOS NMOS (LEVEL=1 VTO=1 KP=1.0e-4 LAMBDA=0.02)

.OP
.PRINT OP V(1) V(2) V(3) V(5) V(VDD)
.END","In the given SPICE netlist, what is the DC voltage at node 2?
A. 5 V
B. 0 V
C. -5 V
D. 2.5 V",B,"*SPICE Netlist for circuit 178
M2 2 5 0 0 NMOS W=1u L=1u
M1 3 1 2 2 NMOS W=1u L=1u
M3 3 2 VDD VDD NMOS W=1u L=1u
.MODEL NMOS NMOS (LEVEL=1 VTO=1 KP=1.0e-4 LAMBDA=0.02)

.OP
.PRINT OP V(1) V(2) V(3) V(5) V(VDD)
.END"
184,"*SPICE Netlist for circuit 184
R2 0 2 1k
R1 1 VDD 1k
M1 1 5 2 2 NMOS W=1u L=1u
.MODEL NMOS NMOS (LEVEL=1 VTO=1 KP=1.0e-4 LAMBDA=0.02)

.OP
.PRINT OP V(1) V(2) V(5) V(VDD)
.END","In the given SPICE netlist, what is the DC voltage at node 1?
A. 5 V
B. 2.5 V
C. -5 V
D. 0 V",D,"*SPICE Netlist for circuit 184
R2 0 2 1k
R1 1 VDD 1k
M1 1 5 2 2 NMOS W=1u L=1u
.MODEL NMOS NMOS (LEVEL=1 VTO=1 KP=1.0e-4 LAMBDA=0.02)

.OP
.PRINT OP V(1) V(2) V(5) V(VDD)
.END"
437,"*SPICE Netlist for circuit 437
M1 1 3 0 0 NMOS W=1u L=1u
R1 1 VDD 1k
.MODEL NMOS NMOS (LEVEL=1 VTO=1 KP=1.0e-4 LAMBDA=0.02)

.OP
.PRINT OP V(1) V(3) V(VDD)
.END","In the given SPICE netlist, what is the DC voltage at node 1?
A. 0 V
B. 2.5 V
C. -5 V
D. 5 V",A,"*SPICE Netlist for circuit 437
M1 1 3 0 0 NMOS W=1u L=1u
R1 1 VDD 1k
.MODEL NMOS NMOS (LEVEL=1 VTO=1 KP=1.0e-4 LAMBDA=0.02)

.OP
.PRINT OP V(1) V(3) V(VDD)
.END"
497,"*SPICE Netlist for circuit 497
M1 1 3 0 0 NMOS W=1u L=1u
R1 1 VDD 1k
.MODEL NMOS NMOS (LEVEL=1 VTO=1 KP=1.0e-4 LAMBDA=0.02)

.OP
.PRINT OP V(1) V(3) V(VDD)
.END","In the given SPICE netlist, what is the DC voltage at node 1?
A. 5 V
B. -5 V
C. 2.5 V
D. 0 V",D,"*SPICE Netlist for circuit 497
M1 1 3 0 0 NMOS W=1u L=1u
R1 1 VDD 1k
.MODEL NMOS NMOS (LEVEL=1 VTO=1 KP=1.0e-4 LAMBDA=0.02)

.OP
.PRINT OP V(1) V(3) V(VDD)
.END"
542,"*SPICE Netlist for circuit 542
C1 4 1nF
C2 0 4 1nF
M2 3 4 0 0 NMOS W=1u L=1u
M1 2 1 3 3 NMOS W=1u L=1u
R1 2 VDD 1k
.MODEL NMOS NMOS (LEVEL=1 VTO=1 KP=1.0e-4 LAMBDA=0.02)

.OP
.PRINT OP V(1) V(1nF) V(2) V(3) V(4) V(VDD)
.END","In the given SPICE netlist, what is the DC voltage at node 3?
A. 0 V
B. 5 V
C. -5 V
D. 2.5 V",A,"*SPICE Netlist for circuit 542
C1 4 1nF
C2 0 4 1nF
M2 3 4 0 0 NMOS W=1u L=1u
M1 2 1 3 3 NMOS W=1u L=1u
R1 2 VDD 1k
.MODEL NMOS NMOS (LEVEL=1 VTO=1 KP=1.0e-4 LAMBDA=0.02)

.OP
.PRINT OP V(1) V(1nF) V(2) V(3) V(4) V(VDD)
.END"
59,"*SPICE Netlist for circuit 59
M1 VDD VDD 1 1 NMOS W=1u L=1u
.MODEL NMOS NMOS (LEVEL=1 VTO=1 KP=1.0e-4 LAMBDA=0.02)

.OP
.PRINT OP V(1) V(VDD)
.END","In the given SPICE netlist, what is the DC voltage at node 1?
A. 2.5 V
B. -5 V
C. 5 V
D. 0 V",D,"*SPICE Netlist for circuit 59
M1 VDD VDD 1 1 NMOS W=1u L=1u
.MODEL NMOS NMOS (LEVEL=1 VTO=1 KP=1.0e-4 LAMBDA=0.02)

.OP
.PRINT OP V(1) V(VDD)
.END"
194,"*SPICE Netlist for circuit 194
I1 1 0 DC 1mA
M2 5 2 1 1 NMOS W=1u L=1u
M1 6 3 1 1 NMOS W=1u L=1u
R2 6 VDD 1k
R1 5 VDD 1k
.MODEL NMOS NMOS (LEVEL=1 VTO=1 KP=1.0e-4 LAMBDA=0.02)

.OP
.PRINT OP V(1) V(2) V(3) V(5) V(6) V(VDD)
.END","In the given SPICE netlist, what is the DC voltage at node 2?
A. 5 V
B. 2.5 V
C. -5 V
D. 0 V",D,"*SPICE Netlist for circuit 194
I1 1 0 DC 1mA
M2 5 2 1 1 NMOS W=1u L=1u
M1 6 3 1 1 NMOS W=1u L=1u
R2 6 VDD 1k
R1 5 VDD 1k
.MODEL NMOS NMOS (LEVEL=1 VTO=1 KP=1.0e-4 LAMBDA=0.02)

.OP
.PRINT OP V(1) V(2) V(3) V(5) V(6) V(VDD)
.END"
651,"*SPICE Netlist for circuit 651
I1 VDD 3 DC 1mA
I2 VDD 2 DC 1mA
M1 3 1 0 0 NMOS W=1u L=1u
M3 1 5 0 0 NMOS W=1u L=1u
M2 2 3 1 1 NMOS W=1u L=1u
.MODEL NMOS NMOS (LEVEL=1 VTO=1 KP=1.0e-4 LAMBDA=0.02)

.OP
.PRINT OP V(1) V(2) V(3) V(5) V(VDD)
.END","In the given SPICE netlist, what is the DC voltage at node 5?
A. 2.5 V
B. 0 V
C. -5 V
D. 5 V",B,"*SPICE Netlist for circuit 651
I1 VDD 3 DC 1mA
I2 VDD 2 DC 1mA
M1 3 1 0 0 NMOS W=1u L=1u
M3 1 5 0 0 NMOS W=1u L=1u
M2 2 3 1 1 NMOS W=1u L=1u
.MODEL NMOS NMOS (LEVEL=1 VTO=1 KP=1.0e-4 LAMBDA=0.02)

.OP
.PRINT OP V(1) V(2) V(3) V(5) V(VDD)
.END"
521,"*SPICE Netlist for circuit 521
M1 2 3 0 0 NMOS W=1u L=1u
R1 0 3 1k
M2 3 1 2 2 PMOS W=1u L=1u
R2 2 VDD 1k
.MODEL NMOS NMOS (LEVEL=1 VTO=1 KP=1.0e-4 LAMBDA=0.02)
.MODEL PMOS PMOS (LEVEL=1 VTO=1 KP=1.0e-4 LAMBDA=0.02)

.OP
.PRINT OP V(1) V(2) V(3) V(VDD)
.END","In the given SPICE netlist, what is the DC voltage at node 2?
A. 5 V
B. 2.5 V
C. -5 V
D. 0 V",D,"*SPICE Netlist for circuit 521
M1 2 3 0 0 NMOS W=1u L=1u
R1 0 3 1k
M2 3 1 2 2 PMOS W=1u L=1u
R2 2 VDD 1k
.MODEL NMOS NMOS (LEVEL=1 VTO=1 KP=1.0e-4 LAMBDA=0.02)
.MODEL PMOS PMOS (LEVEL=1 VTO=1 KP=1.0e-4 LAMBDA=0.02)

.OP
.PRINT OP V(1) V(2) V(3) V(VDD)
.END"
146,"*SPICE Netlist for circuit 146
M1 2 1 3 3 NMOS W=1u L=1u
R2 3 2 1k
R1 2 VDD 1k
.MODEL NMOS NMOS (LEVEL=1 VTO=1 KP=1.0e-4 LAMBDA=0.02)

.OP
.PRINT OP V(1) V(2) V(3) V(VDD)
.END","In the given SPICE netlist, what is the DC voltage at node 1?
A. -5 V
B. 5 V
C. 2.5 V
D. 0 V",D,"*SPICE Netlist for circuit 146
M1 2 1 3 3 NMOS W=1u L=1u
R2 3 2 1k
R1 2 VDD 1k
.MODEL NMOS NMOS (LEVEL=1 VTO=1 KP=1.0e-4 LAMBDA=0.02)

.OP
.PRINT OP V(1) V(2) V(3) V(VDD)
.END"
104,"*SPICE Netlist for circuit 104
M2 1 2 0 0 NMOS W=1u L=1u
R1 0 1 1k
M1 VDD 5 1 1 NMOS W=1u L=1u
.MODEL NMOS NMOS (LEVEL=1 VTO=1 KP=1.0e-4 LAMBDA=0.02)

.OP
.PRINT OP V(1) V(2) V(5) V(VDD)
.END","In the given SPICE netlist, what is the DC voltage at node 5?
A. 5 V
B. -5 V
C. 0 V
D. 2.5 V",C,"*SPICE Netlist for circuit 104
M2 1 2 0 0 NMOS W=1u L=1u
R1 0 1 1k
M1 VDD 5 1 1 NMOS W=1u L=1u
.MODEL NMOS NMOS (LEVEL=1 VTO=1 KP=1.0e-4 LAMBDA=0.02)

.OP
.PRINT OP V(1) V(2) V(5) V(VDD)
.END"
595,"*SPICE Netlist for circuit 595
M1 1 3 0 0 NMOS W=1u L=1u
R1 0 4 1k
R4 4 1 1k
R2 1 VDD 1k
M2 3 6 4 4 NMOS W=1u L=1u
R3 3 VDD 1k
.MODEL NMOS NMOS (LEVEL=1 VTO=1 KP=1.0e-4 LAMBDA=0.02)

.OP
.PRINT OP V(1) V(3) V(4) V(6) V(VDD)
.END","In the given SPICE netlist, what is the DC voltage at node 4?
A. 2.5 V
B. 0 V
C. 5 V
D. -5 V",B,"*SPICE Netlist for circuit 595
M1 1 3 0 0 NMOS W=1u L=1u
R1 0 4 1k
R4 4 1 1k
R2 1 VDD 1k
M2 3 6 4 4 NMOS W=1u L=1u
R3 3 VDD 1k
.MODEL NMOS NMOS (LEVEL=1 VTO=1 KP=1.0e-4 LAMBDA=0.02)

.OP
.PRINT OP V(1) V(3) V(4) V(6) V(VDD)
.END"
694,"*SPICE Netlist for circuit 694
C1 0 1 1nF
M5 1 21 0 0 NMOS W=1u L=1u
M4 22 5 0 0 NMOS W=1u L=1u
M2 3 8 2 2 NMOS W=1u L=1u
M1 1 14 3 3 NMOS W=1u L=1u
M3 5 19 22 22 NMOS W=1u L=1u
.MODEL NMOS NMOS (LEVEL=1 VTO=1 KP=1.0e-4 LAMBDA=0.02)

.OP
.PRINT OP V(1) V(14) V(19) V(2) V(21) V(22) V(3) V(5) V(8)
.END","In the given SPICE netlist, what is the DC voltage at node 21?
A. 5 V
B. 2.5 V
C. -5 V
D. 0 V",D,"*SPICE Netlist for circuit 694
C1 0 1 1nF
M5 1 21 0 0 NMOS W=1u L=1u
M4 22 5 0 0 NMOS W=1u L=1u
M2 3 8 2 2 NMOS W=1u L=1u
M1 1 14 3 3 NMOS W=1u L=1u
M3 5 19 22 22 NMOS W=1u L=1u
.MODEL NMOS NMOS (LEVEL=1 VTO=1 KP=1.0e-4 LAMBDA=0.02)

.OP
.PRINT OP V(1) V(14) V(19) V(2) V(21) V(22) V(3) V(5) V(8)
.END"
533,"*SPICE Netlist for circuit 533
C1 0 1 1nF
M1 2 4 0 0 NMOS W=1u L=1u
R2 2 1 1k
R1 2 VDD 1k
.MODEL NMOS NMOS (LEVEL=1 VTO=1 KP=1.0e-4 LAMBDA=0.02)

.OP
.PRINT OP V(1) V(2) V(4) V(VDD)
.END","In the given SPICE netlist, what is the DC voltage at node 2?
A. -5 V
B. 2.5 V
C. 5 V
D. 0 V",D,"*SPICE Netlist for circuit 533
C1 0 1 1nF
M1 2 4 0 0 NMOS W=1u L=1u
R2 2 1 1k
R1 2 VDD 1k
.MODEL NMOS NMOS (LEVEL=1 VTO=1 KP=1.0e-4 LAMBDA=0.02)

.OP
.PRINT OP V(1) V(2) V(4) V(VDD)
.END"
499,"*SPICE Netlist for circuit 499
C1 0 1 1nF
M1 1 4 0 0 NMOS W=1u L=1u
R1 1 VDD 1k
.MODEL NMOS NMOS (LEVEL=1 VTO=1 KP=1.0e-4 LAMBDA=0.02)

.OP
.PRINT OP V(1) V(4) V(VDD)
.END","In the given SPICE netlist, what is the DC voltage at node 1?
A. 2.5 V
B. 5 V
C. 0 V
D. -5 V",C,"*SPICE Netlist for circuit 499
C1 0 1 1nF
M1 1 4 0 0 NMOS W=1u L=1u
R1 1 VDD 1k
.MODEL NMOS NMOS (LEVEL=1 VTO=1 KP=1.0e-4 LAMBDA=0.02)

.OP
.PRINT OP V(1) V(4) V(VDD)
.END"
791,"*SPICE Netlist for circuit 791
C1 0 1 1nF
C2 0 2 1nF
C3 0 2 1nF
C4 2 1 1nF
R1 0 1 1k

.OP
.PRINT OP V(1) V(2)
.END","In the given SPICE netlist, what is the DC voltage at node 1?
A. 0 V
B. 5 V
C. -5 V
D. 2.5 V",A,"*SPICE Netlist for circuit 791
C1 0 1 1nF
C2 0 2 1nF
C3 0 2 1nF
C4 2 1 1nF
R1 0 1 1k

.OP
.PRINT OP V(1) V(2)
.END"
403,"*SPICE Netlist for circuit 403
C1 0 1 1nF
C2 0 2 1nF
R1 4 1 1k
R2 1 2 1k

.OP
.PRINT OP V(1) V(2) V(4)
.END","In the given SPICE netlist, what is the DC voltage at node 1?
A. 2.5 V
B. -5 V
C. 0 V
D. 5 V",C,"*SPICE Netlist for circuit 403
C1 0 1 1nF
C2 0 2 1nF
R1 4 1 1k
R2 1 2 1k

.OP
.PRINT OP V(1) V(2) V(4)
.END"
547,"*SPICE Netlist for circuit 547
M1 2 1 4 4 NMOS W=1u L=1u
R1 2 VDD 1k
.MODEL NMOS NMOS (LEVEL=1 VTO=1 KP=1.0e-4 LAMBDA=0.02)

.OP
.PRINT OP V(1) V(2) V(4) V(VDD)
.END","In the given SPICE netlist, what is the DC voltage at node 2?
A. 0 V
B. 2.5 V
C. 5 V
D. -5 V",A,"*SPICE Netlist for circuit 547
M1 2 1 4 4 NMOS W=1u L=1u
R1 2 VDD 1k
.MODEL NMOS NMOS (LEVEL=1 VTO=1 KP=1.0e-4 LAMBDA=0.02)

.OP
.PRINT OP V(1) V(2) V(4) V(VDD)
.END"
159,"*SPICE Netlist for circuit 159
V1 2 0 5V
M1 2 1 0 0 NMOS W=1u L=1u
R1 2 VDD 1k
.MODEL NMOS NMOS (LEVEL=1 VTO=1 KP=1.0e-4 LAMBDA=0.02)

.OP
.PRINT OP V(1) V(2) V(VDD) I(V1)
.END","In the given SPICE netlist, what is the DC voltage at node 1?
A. 0 V
B. 5 V
C. 2.5 V
D. -5 V",A,"*SPICE Netlist for circuit 159
V1 2 0 5V
M1 2 1 0 0 NMOS W=1u L=1u
R1 2 VDD 1k
.MODEL NMOS NMOS (LEVEL=1 VTO=1 KP=1.0e-4 LAMBDA=0.02)

.OP
.PRINT OP V(1) V(2) V(VDD) I(V1)
.END"
93,"*SPICE Netlist for circuit 93
R2 0 1 1k
M1 3 0 1 1 NMOS W=1u L=1u
R1 2 1 1k
.MODEL NMOS NMOS (LEVEL=1 VTO=1 KP=1.0e-4 LAMBDA=0.02)

.OP
.PRINT OP V(1) V(2) V(3)
.END","In the given SPICE netlist, what is the DC voltage at node 2?
A. -5 V
B. 2.5 V
C. 5 V
D. 0 V",D,"*SPICE Netlist for circuit 93
R2 0 1 1k
M1 3 0 1 1 NMOS W=1u L=1u
R1 2 1 1k
.MODEL NMOS NMOS (LEVEL=1 VTO=1 KP=1.0e-4 LAMBDA=0.02)

.OP
.PRINT OP V(1) V(2) V(3)
.END"
71,"*SPICE Netlist for circuit 71
M1 1 1 3 3 NMOS W=1u L=1u
.MODEL NMOS NMOS (LEVEL=1 VTO=1 KP=1.0e-4 LAMBDA=0.02)

.OP
.PRINT OP V(1) V(3)
.END","In the given SPICE netlist, what is the DC voltage at node 3?
A. 2.5 V
B. 0 V
C. -5 V
D. 5 V",B,"*SPICE Netlist for circuit 71
M1 1 1 3 3 NMOS W=1u L=1u
.MODEL NMOS NMOS (LEVEL=1 VTO=1 KP=1.0e-4 LAMBDA=0.02)

.OP
.PRINT OP V(1) V(3)
.END"
237,"*SPICE Netlist for circuit 237
M3 3 4 0 0 NMOS W=1u L=1u
M5 1 1 VDD VDD PMOS W=1u L=1u
M4 2 2 VDD VDD PMOS W=1u L=1u
M2 1 10 3 3 NMOS W=1u L=1u
M1 2 8 3 3 NMOS W=1u L=1u
R1 1 2 1k
.MODEL NMOS NMOS (LEVEL=1 VTO=1 KP=1.0e-4 LAMBDA=0.02)
.MODEL PMOS PMOS (LEVEL=1 VTO=1 KP=1.0e-4 LAMBDA=0.02)

.OP
.PRINT OP V(1) V(10) V(2) V(3) V(4) V(8) V(VDD)
.END","In the given SPICE netlist, what is the DC voltage at node 2?
A. 0 V
B. 5 V
C. -5 V
D. 2.5 V",A,"*SPICE Netlist for circuit 237
M3 3 4 0 0 NMOS W=1u L=1u
M5 1 1 VDD VDD PMOS W=1u L=1u
M4 2 2 VDD VDD PMOS W=1u L=1u
M2 1 10 3 3 NMOS W=1u L=1u
M1 2 8 3 3 NMOS W=1u L=1u
R1 1 2 1k
.MODEL NMOS NMOS (LEVEL=1 VTO=1 KP=1.0e-4 LAMBDA=0.02)
.MODEL PMOS PMOS (LEVEL=1 VTO=1 KP=1.0e-4 LAMBDA=0.02)

.OP
.PRINT OP V(1) V(10) V(2) V(3) V(4) V(8) V(VDD)
.END"
0,"M1 NMOS N1 N2 0 0 NA
V1 VDD 0 0.1
V2 N2 0 NA","For the given SPICE netlist, what are the DC voltages at nodes 1 and 2?
A. V(1) = 0 V, V(2) = 5.00 V
B. V(1) = -1.33e-22 V, V(2) = 5.00 V
C. V(1) = 1.00 V, V(2) = 5.00 V
D. V(1) = 2.50 V, V(2) = 2.50 V",B,"Simple NMOS circuit

M1 N1 N2 0 0 NMOS
V1 VDD 0 DC 0.1
V2 N2 0 DC 5

.model NMOS NMOS (LEVEL=1 VTO=1 KP=1.0e-4 LAMBDA=0.02)

.op
.end"
175,"*SPICE Netlist for circuit 175
M2 1 1 0 0 NMOS W=1u L=1u
M1 2 4 1 1 NMOS W=1u L=1u
M3 2 2 VDD VDD PMOS W=1u L=1u
.MODEL NMOS NMOS (LEVEL=1 VTO=1 KP=1.0e-4 LAMBDA=0.02)
.MODEL PMOS PMOS (LEVEL=1 VTO=1 KP=1.0e-4 LAMBDA=0.02)

.OP
.PRINT OP V(1) V(2) V(4) V(VDD)
.END","In the given SPICE netlist, what is the DC voltage at node 4?
A. -5 V
B. 2.5 V
C. 0 V
D. 5 V",C,"*SPICE Netlist for circuit 175
M2 1 1 0 0 NMOS W=1u L=1u
M1 2 4 1 1 NMOS W=1u L=1u
M3 2 2 VDD VDD PMOS W=1u L=1u
.MODEL NMOS NMOS (LEVEL=1 VTO=1 KP=1.0e-4 LAMBDA=0.02)
.MODEL PMOS PMOS (LEVEL=1 VTO=1 KP=1.0e-4 LAMBDA=0.02)

.OP
.PRINT OP V(1) V(2) V(4) V(VDD)
.END"
11,"*SPICE Netlist for circuit 11
M1 3 1 0 0 NMOS W=1u L=1u
V1 3 0 5V
.MODEL NMOS NMOS (LEVEL=1 VTO=1 KP=1.0e-4 LAMBDA=0.02)

.OP
.PRINT OP V(1) V(3) I(V1)
.END","In the given SPICE netlist, what is the DC voltage at node 1?
A. 0 V
B. -5 V
C. 5 V
D. 2.5 V",A,"*SPICE Netlist for circuit 11
M1 3 1 0 0 NMOS W=1u L=1u
V1 3 0 5V
.MODEL NMOS NMOS (LEVEL=1 VTO=1 KP=1.0e-4 LAMBDA=0.02)

.OP
.PRINT OP V(1) V(3) I(V1)
.END"
174,"*SPICE Netlist for circuit 174
M2 2 2 0 0 NMOS W=1u L=1u
M3 1 1 VDD VDD PMOS W=1u L=1u
M1 1 4 2 2 NMOS W=1u L=1u
.MODEL NMOS NMOS (LEVEL=1 VTO=1 KP=1.0e-4 LAMBDA=0.02)
.MODEL PMOS PMOS (LEVEL=1 VTO=1 KP=1.0e-4 LAMBDA=0.02)

.OP
.PRINT OP V(1) V(2) V(4) V(VDD)
.END","In the given SPICE netlist, what is the DC voltage at node 2?
A. -5 V
B. 0 V
C. 2.5 V
D. 5 V",B,"*SPICE Netlist for circuit 174
M2 2 2 0 0 NMOS W=1u L=1u
M3 1 1 VDD VDD PMOS W=1u L=1u
M1 1 4 2 2 NMOS W=1u L=1u
.MODEL NMOS NMOS (LEVEL=1 VTO=1 KP=1.0e-4 LAMBDA=0.02)
.MODEL PMOS PMOS (LEVEL=1 VTO=1 KP=1.0e-4 LAMBDA=0.02)

.OP
.PRINT OP V(1) V(2) V(4) V(VDD)
.END"
282,"*SPICE Netlist for circuit 282
M2 1 5 0 0 NMOS W=1u L=1u
M1 3 4 0 0 NMOS W=1u L=1u
M3 1 1 VDD VDD NMOS W=1u L=1u
M4 3 1 VDD VDD PMOS W=1u L=1u
.MODEL NMOS NMOS (LEVEL=1 VTO=1 KP=1.0e-4 LAMBDA=0.02)
.MODEL PMOS PMOS (LEVEL=1 VTO=1 KP=1.0e-4 LAMBDA=0.02)

.OP
.PRINT OP V(1) V(3) V(4) V(5) V(VDD)
.END","In the given SPICE netlist, what is the DC voltage at node 4?
A. 5 V
B. 0 V
C. 2.5 V
D. -5 V",B,"*SPICE Netlist for circuit 282
M2 1 5 0 0 NMOS W=1u L=1u
M1 3 4 0 0 NMOS W=1u L=1u
M3 1 1 VDD VDD NMOS W=1u L=1u
M4 3 1 VDD VDD PMOS W=1u L=1u
.MODEL NMOS NMOS (LEVEL=1 VTO=1 KP=1.0e-4 LAMBDA=0.02)
.MODEL PMOS PMOS (LEVEL=1 VTO=1 KP=1.0e-4 LAMBDA=0.02)

.OP
.PRINT OP V(1) V(3) V(4) V(5) V(VDD)
.END"
590,"*SPICE Netlist for circuit 590
I1 1 0 DC 1mA
M1 VDD 3 1 1 NMOS W=1u L=1u
.MODEL NMOS NMOS (LEVEL=1 VTO=1 KP=1.0e-4 LAMBDA=0.02)

.OP
.PRINT OP V(1) V(3) V(VDD)
.END","In the given SPICE netlist, what is the DC voltage at node 3?
A. -5 V
B. 2.5 V
C. 5 V
D. 0 V",D,"*SPICE Netlist for circuit 590
I1 1 0 DC 1mA
M1 VDD 3 1 1 NMOS W=1u L=1u
.MODEL NMOS NMOS (LEVEL=1 VTO=1 KP=1.0e-4 LAMBDA=0.02)

.OP
.PRINT OP V(1) V(3) V(VDD)
.END"
622,"*SPICE Netlist for circuit 622
C1 0 3 1nF
M1 2 4 0 0 NMOS W=1u L=1u
M2 2 1 VDD VDD PMOS W=1u L=1u
R2 3 2 1k
R1 4 3 1k
R3 6 4 1k
.MODEL NMOS NMOS (LEVEL=1 VTO=1 KP=1.0e-4 LAMBDA=0.02)
.MODEL PMOS PMOS (LEVEL=1 VTO=1 KP=1.0e-4 LAMBDA=0.02)

.OP
.PRINT OP V(1) V(2) V(3) V(4) V(6) V(VDD)
.END","In the given SPICE netlist, what is the DC voltage at node 6?
A. 5 V
B. 2.5 V
C. -5 V
D. 0 V",D,"*SPICE Netlist for circuit 622
C1 0 3 1nF
M1 2 4 0 0 NMOS W=1u L=1u
M2 2 1 VDD VDD PMOS W=1u L=1u
R2 3 2 1k
R1 4 3 1k
R3 6 4 1k
.MODEL NMOS NMOS (LEVEL=1 VTO=1 KP=1.0e-4 LAMBDA=0.02)
.MODEL PMOS PMOS (LEVEL=1 VTO=1 KP=1.0e-4 LAMBDA=0.02)

.OP
.PRINT OP V(1) V(2) V(3) V(4) V(6) V(VDD)
.END"
610,"*SPICE Netlist for circuit 610
I1 VDD 3 DC 1mA
I2 1 0 DC 1mA
R1 5 1 1k
M1 3 2 1 1 NMOS W=1u L=1u
M2 1 3 VDD VDD PMOS W=1u L=1u
.MODEL NMOS NMOS (LEVEL=1 VTO=1 KP=1.0e-4 LAMBDA=0.02)
.MODEL PMOS PMOS (LEVEL=1 VTO=1 KP=1.0e-4 LAMBDA=0.02)

.OP
.PRINT OP V(1) V(2) V(3) V(5) V(VDD)
.END","In the given SPICE netlist, what is the DC voltage at node 2?
A. -5 V
B. 5 V
C. 0 V
D. 2.5 V",C,"*SPICE Netlist for circuit 610
I1 VDD 3 DC 1mA
I2 1 0 DC 1mA
R1 5 1 1k
M1 3 2 1 1 NMOS W=1u L=1u
M2 1 3 VDD VDD PMOS W=1u L=1u
.MODEL NMOS NMOS (LEVEL=1 VTO=1 KP=1.0e-4 LAMBDA=0.02)
.MODEL PMOS PMOS (LEVEL=1 VTO=1 KP=1.0e-4 LAMBDA=0.02)

.OP
.PRINT OP V(1) V(2) V(3) V(5) V(VDD)
.END"
524,"*SPICE Netlist for circuit 524
I1 1 0 DC 1mA
M1 2 1 0 0 NMOS W=1u L=1u
M2 VDD 2 1 1 NMOS W=1u L=1u
.MODEL NMOS NMOS (LEVEL=1 VTO=1 KP=1.0e-4 LAMBDA=0.02)

.OP
.PRINT OP V(1) V(2) V(VDD)
.END","In the given SPICE netlist, what is the DC voltage at node 2?
A. 2.5 V
B. 5 V
C. -5 V
D. 0 V",D,"*SPICE Netlist for circuit 524
I1 1 0 DC 1mA
M1 2 1 0 0 NMOS W=1u L=1u
M2 VDD 2 1 1 NMOS W=1u L=1u
.MODEL NMOS NMOS (LEVEL=1 VTO=1 KP=1.0e-4 LAMBDA=0.02)

.OP
.PRINT OP V(1) V(2) V(VDD)
.END"
373,"*SPICE Netlist for circuit 373
C1 1 3 1nF
C2 3 4 1nF
R1 2 4 1k

.OP
.PRINT OP V(1) V(2) V(3) V(4)
.END","In the given SPICE netlist, what is the DC voltage at node 3?
A. 0 V
B. 2.5 V
C. 5 V
D. -5 V",A,"*SPICE Netlist for circuit 373
C1 1 3 1nF
C2 3 4 1nF
R1 2 4 1k

.OP
.PRINT OP V(1) V(2) V(3) V(4)
.END"
